label,text
0,"直播掉线...."
1,"想买信誉好看篇的私聊我有保证"
1,"啰妹扣号2096209202"
1,"慡+C名看P，是Q哦"
1,"佳喂：sx111505可越dl"
1,"鲰ＴＡＤ７６５☀☀日批666666"
0,"三千高中三年一年比一年快一分"
0,"家家户户家喻户晓"
0,"我都溜了4只鸟了咖啡上去直接秒倒，背锅"
1,"16274251宼曰批666666"
0,"老板觉得梦幻没激情了ᚠ"
1,"﻿978798907+口看"
0,"不打了反正瘾也过了刺激也刺激一把了ᚠ"
0,"用手机阴阳师扫码"
1,"蒖人制棴眎頻値播"
1,"﻿染FTA678买-乒威ᚰ"
1,"﻿+口看22471419."
1,"27447053护土口"
1,"﻿看我茗，慡+胃"
1,"伽韦sx111505珂视频箹nw"
1,"琐ＴＲＡ２４５日批666666"
1,"哦哦2◍4878ℨ2怒射ᚰ"
1,"𝕏𝘏𝘾593卖盘."
1,"滓FTA689☎☎在线"
1,"巧TPK564ᚰ片薇"
0,"不可能急性咽炎的"
0,"请谅解那天不应该问你要币"
0,"上了蒸汽机中国能玩🐎"
1,"𝐓𝐌２９７１卖云资源."
1,"网站++++买的私聊0"
1,"微信号18762258554"
1,"﻿投资少，见效快，两腿一张几百块。既舒服，又实在，卖过以后货还在。洗一洗白接着卖，反复使用无大碍。"
1,"黄资源买的私聊我老虎"
1,"黪ＴＡＤ７６５☀☀日批666666"
0,"霉霉ohhhhhhhhhh"
1,"家-企-鹅752753636设了"
0,"昨天晚上的衣服穿起来你知道"
1,".网址盘看姐姐名字++网址盘看姐姐名字++"
1,"姐姐名字家.丝袜扯了舒服"
1,"看妹妹名字家++看妹妹名字家++喂"
1,"买皇篇的哥哥私聊最新"
0,"你知道做废品收购"
1,"免费看片子，只限女"
1,"18683583314擦妹伽微"
1,"2218439086+口口+"
0,"这是赤裸裸的浑水摸鱼呀ᚠ"
1,"淑CC-名字-看-电视ᚰ"
1,"妹妹先视频后上~门→ＡＨ３９ＣＯＭ　光"
1,"颙ＴＡＤ７６５☀☀日批666666"
1,"慧好看FTA675☎☎"
1,"琳FTA675ᚰ寂寞少奶"
0,"可以买吗？不是限量吧😊"
1,"秀TPK564ᚰ片薇"
1,"白色3-25-32-44-5左下0-0"
1,"18228022447擦逼威"
0,"去这下彻底没力气老婆交作业"
0,"8000万加15000"
1,"﻿869533334寂寞姐妹+口"
1,"网站+沜++买的私聊我"
0,"978148574白马，来群里"
0,"5555又想要骑士又想要虞姬皮肤"
0,"我不该下的，这把"
0,"去找妈今天鬼节回姥姥家吃饭"
1,"﻿钕粉B27447053口"
1,"752753636姐姐名"
1,"看妹妹名字夹丝袜洗白白ᚰ了"
1,"歹ＴＡＤ７６５☀☀日批666666"
1,"迦威sx111505，有囊人想要的6D"
1,"君TPK564ᚰ片薇"
1,"﻿看我CC名字加Q资源"
1,"美T6787Vᚰ纯/洁"
0,"新区400美滋滋ᚠ"
0,"其实这武器+11敏也没什么用"
1,"坤少.2019/7/24/周三20:01:03看名+威各种系列坤少.2019/7/24/周三20:01:56看C名，是危哦，束缚"
1,"23968433字源口"
1,"咏CC-名字-看-电视ᚰ"
1,"C9667D寂寞姐妹。"
1,"←點我姐姐脱洸洸噢"
1,"篇加企鹅3514173330ᚰ篇加企鹅3514173330ᚰ篇加企鹅3514173330ᚰ"
1,"﻿姣拼-企-鹅161465267"
1,"文明看腿，素质摸腿"
1,"恭☎☎ＦＴＡ６８９☎麦P"
1,"23608544爆日加叩ᚰ"
1,"网站➕v18676833260"
1,"﻿1255QQ4971懂得加樉"
1,"牢KTA679ᚰ麦P威"
0,"五🐎你可以说她了"
1,"巽FTA689☎☎☎"
1,"琴琴晴晴勤勤芹芹里面找芹芹"
0,"9715加好友要看黄字哦"
1,"www.97sese.com"
1,"21408797看逼."
0,"ID：22555672等级19姓名常智翔"
1,"𝐔𝐗４４４２狂日嫩逼"
1,"还卖片啊！谁需要网址加我老哥"
0,"我送20片，谁送30片？"
1,"口22471419看闭紫苑"
0,"从1万5到2万6，7"
1,"买篇-加-企-鹅24200654"
0,"notch的中文名啊......刻痕"
0,"今晚就苏大强和武帝两人去打一打，其他人全不敢去"
0,"豆豆·神器2+2每个月能有几坨菜·"
0,"来一次就看这么刺激的"
0,"打字老是发不出去"
1,"岚麦饼-喂心CAD571"
0,"7879的果果？"
0,"杨杨今天好好看ᚠ"
1,"沜+网站+买的私聊我"
1,"滓w2753636麦饼卫星"
0,"全国榜第一才600多朵"
0,"稀饭+咸菜😂😂😂"
1,"落FAK256ᚰ看-电视"
0,"shhsbsnsk"
0,"我们还听国语吧😏"
1,"​(V❤）wuhendewul色色❤等你哦❤"
1,"卖片++雪无群左下角"
1,"佳喂：sx111505可越Vm"
1,"无码高清UXC119ᚰ"
1,"纯w2753636麦饼卫星"
0,"qvq....."
1,"需要片的请联系10086"
0,"今天晚上看到太多米估计明天班都上不了"
1,"𝔵𝙝𝘤５９３看盘"
1,"2☻4878ℨ2人人操ᚰ"
0,"1500买的碎片呀"
0,"我去煮个小米粥ᚠᚠᚠ"
1,"2952191783+口"
1,"50线下V视频果聊"
1,"嘉29526Q77544"
1,"韵w2753636麦饼卫星"
1,"PK1122111任务2122211"
1,"﻿性感撕挖14959967口"
1,"黄资源买的私聊我哦"
0,"靓仔，不在作废么？😂"
0,"FACEBOOS"
1,"27879947射日姐+口"
1,"熙15751764994信"
1,"色哥哥、、拍、、慰、视、频一、元一部、看资料V、"
1,"﻿16274251+蔲曰批666666"
1,"封号包换家-752753636-企-鹅0."
0,"2700买根红狐狸5.4的"
1,"774733332家寇."
1,"BHC979威ᚰ."
1,"全裸自慰你指挥激情加V信EKT010"
1,"BHC979+威ᚰ"
1,"怦ＴＲＡ２４５☀☀日批666666"
1,"重口味的看姐姐名字家咯封号包了哦ᚰ"
0,"这是谁呢一直喂喂喂喂喂喂狗没玩了吗"
1,"我有7位QQ5830267.需要的联系我"
0,"170身高。美滋滋"
1,"豬樹坎梶群176534781"
1,"QK4459++喂+"
0,"黄老仁好懂漫威哦"
1,"﻿27447053看逼伽口"
1,"﻿12554971黑足加冦"
1,"﻿22902554+蔲曰批666666."
0,"1G等于1024M"
1,"看片的加我v13427221844"
1,"迷á??á药我这有你要嘛"
0,"谁没被母蚊子叮过"
1,"安FTA675ᚰ你的-爱"
1,"看妹妹名字家+++"
1,"看姐姐名字加我私聊"
1,"﻿15373608看逼家口。"
1,"韵2952191783北极鸟"
1,"涵喂心CAD571"
0,"上次你离得那么近"
0,"义乌电视台主办二十家平台同步直播明天下午四点新光汇海选"
1,"加无情Vw1786500633"
1,"﻿169047089色Ｑ."
0,"我手机看看哦网页版看不到"
0,"这个淘宝充值真的不行"
0,"我对于号，是白痴"
1,"𝐇𝕌𝐗457卖片"
1,"YW90069看偏家喂0"
1,"观我名字+++喂爽设"
1,"？-97979494"
1,"加V有福利哦，你懂的"
1,"﻿19343631看逼家口."
0,"520又想骗吃骗喝"
1,"20487832聊妹加αᚰ"
1,"想买信誉好看篇的私聊我."
1,"熙15751764994卫星"
1,"27447053妹B嫰"
0,"祝思雨宝宝美的不像话说话都发芽"
1,"荔29526Q77544"
1,"妹视频爱Q11946Ж76807"
0,"狼人殺不會玩看不懂"
1,"篇-加-企-鹅835422224"
1,"喵播里的小湿妹好厉害的"
1,"漩麦饼-喂心CAD571"
1,"﻿ＴＡＤ７６８☀曰批666666"
1,"韵15751764994信"
0,"美，美美，美美美"
1,"看篇的老哥们..需要买的私聊我"
1,"パㄦはㄟ㈤ゝやㄩま倮+嶶765510103"
1,"本ＴＡＤ７６５☀☀日批666666"
0,"哦哦哦我等会看看"
1,"豬樹坎梶宼q群176534781"
1,"看篇加CT6085ᚠ"
1,"𝘒𝘔𝘋252买-P-微。"
1,"皇盘要的私聊我皇盘要的私聊我"
0,"要4999000c卷"
0,"来自历史前二的拥抱"
0,"现在牛抽验都不回避"
1,"﻿CC茗，看片.."
1,"﻿看我茗+Q涩情塽"
0,"不行单纯登录的页面都是空白的"
0,"5700万1000R"
1,"寂寞想要网站了找我"
1,"惛+CC名，是威，看大咪咪"
0,"ap娛樂明天會更好"
1,"﻿染15751764994卫星"
1,"﻿让人开心15427049口。"
1,"皇盘荬的私聊我."
1,"S1897威力高"
1,"毓w2753636麦饼卫星"
1,"𝕊𝕂𝔼597➣➣买盘"
1,"𝕊𝕂𝔼597➽➽盘盘"
1,"凡鹅351144829"
0,"101150w，160w"
0,"七夕前一天现在没睡到10小时"
0,"beautiful"
1,"﻿徽“交龙22”"
1,"买篇加企鹅20；487832ᚰ"
1,"ΡСΧ664卖云资源.ΡСΧ664卖云资源"
0,"皮皮虾biubiubiu"
1,"八加微信qv4456"
1,"家看筘─5四27049"
0,"女人的空虚寂寞ᚠ"
0,"你確定要這樣玩嗎"
0,"看昵称，看昵称，看昵称"
1,"爆插╬ᚰ企鹅15373608"
1,"巧KTA679买乒威"
1,"冉15751764994卫星"
1,"CT6085盘片"
0,"你敢想象靓仔的脸红蝶的衣服＋＋大码的吗？😱"
0,"免费吗！免费我上"
0,"做爱做的事情懂吗"
1,"买篇-加-企-鹅21241836"
0,"送错了哈哈ᚠᚠᚠᚠᚠ"
1,"网站+沜+买的私聊"
1,"美FTA677ᚰᚰ"
1,"卖片ssdl1314"
1,"WZ8155免费"
1,"家庭人妻斯挖a1102195422口"
1,"XΚΕ585ᚰ瞧这里麦片"
1,"需要买网站的私聊我便宜"
1,"qk4459++喂沜"
1,"买篇加企鹅20世87832ᚰ"
1,"YW90069+喂+看潘0"
0,"天机算尽天机绝..."
0,"空号为什么4W+不是2个孩子么"
0,"欢迎笨笨🍼《唯瑶独宠》"
0,"159vs175？"
1,"看姐姐名字夹封号包换ᚰ"
0,"一出口就是给年轻的靓仔上课😂"
0,"买买买划算的很呢"
0,"改天休息请你喝酒"
0,"1997哥威武哦"
0,"妳看過猩球崛起嗎"
0,"要看准市场需求才可以"
1,"看网址看片加CT6085ᚠ"
1,"缇w2753636麦饼卫星"
1,"恸FTA689☎☎☎"
1,"21408797摸逼家口"
0,"全民k歌里QQ号登陆唱的歌最多"
0,"有没有知道直播好看的"
0,"七夕前一天睡没10小时"
1,"英w2753636麦饼"
1,"求看片微...新"
1,"佳喂：sx111505可越r7"
0,"才3000W..."
1,"﻿若FAK256ᚰ看-电视"
1,"leon7552@1.6.3..CO.M"
1,"舒+人妻971111490冦"
0,"唱歌真好聽人長的甜美"
1,"夹-企-鹅-752753636-看"
1,"荣麦饼-喂心CAD571"
0,"直接买个王者号+所有装备都有😂"
0,"ᚠ清仓卖了900多万"
1,"1255QQ4971片"
1,"﻿染看-拼-q-3315594194"
0,"hhhhhhhhhhhhhhh笑死"
0,"150-100-150-200"
1,"看美女免费视频加QQ：2997973700"
1,"𝐇𝐘𝐑382ᛀ盘盘.."
1,"韵2952191783+口"
0,"西红柿即是水果也是蔬菜。番茄，属于茄科(Solanaceae)番茄属一年生草本。在热带为多年生。"
1,"脏ＴＲＡ２４５日批666666"
1,"﻿染2952191783起俄"
1,"韵片ᚰ13664589947"
0,"人名字加歌曲名字"
1,"看批YW90069家喂"
0,"hhh+1可还行"
0,"的腦海裡看見舊的枕頭腦海裡"
0,"去玩王者拜拜时间来看你"
1,"名字+++围观沜"
1,"犄ＴＲＡ２４５日批666666"
1,"潜好看KTM657ᚰ"
1,"君好看FTA675☎☎☎☎☎☎"
0,"给你个建议，戒指买那种主属性伤害副加伤害+固伤耳饰伤害加固伤的，三段划算又实用"
1,"网站盘看名字++私聊我0"
1,"迦威sx111505，有囊人想要的BM"
0,"为所欲为逼上梁山山穷水尽尽量而为为所欲为"
0,"35000扣税30000"
1,"安FTA675ᚰ寂寞少奶"
0,"七夕一直没有看你"
1,"名字+++围沜她"
1,"HB90096家喂ᛀ"
1,"看片加q495851478"
1,"黄资源买的私聊我"
0,"350050S等级要很高"
1,"买篇加企-鹅27902188ᚰ买篇加企-鹅27902188ᚰ买篇加企-鹅27902188ᚰ"
1,"冉FTA676麦-P卫心"
1,"篇-加-企-鹅835422224篇-加-企-鹅835422224篇-加-企-鹅835422224篇-加-企-鹅835422224"
0,"1080+200"
1,"靓丽美女摆布丘丘2830422234生"
0,"锋芒天机诱袭法系"
0,"做女人生声做男人的声"
0,"去新久久逛下咯/大笑/"
1,"加扣①⑨①⑨⑤⑤〇⑤⑨"
1,"ＫＥＣ５９６➽➽片."
1,"伽韦sx111505珂视频箹od"
0,"去找个同事加一下班偷满180"
1,"不是，问一些愚蠢的问题，说怎么获得英雄，卧槽😂"
1,"27447053籹水奶寇"
1,"叶麦偏+口口2953451608"
1,"一個男的全光騎車"
1,"﻿染2952191783南极鸟"
0,"房间不错点机器人过来玩"
0,"掘凳子上打pigu"
1,"影2952191783+口"
1,"lD140551537名字阿越夏梦"
1,"卖篇〈2⦿4878ℨ2〉ᚰ"
0,"孙珈莹，我要跟你猴子！"
1,"艳29526Q77544"
1,"惠好看FTA675☎☎"
1,"840539435+口口"
0,"nm有人模仿我名字"
0,"汪汪汪汪汪汪汪汪"
0,"人心女心愛的女人心愛的小物"
1,"你紧锁的眉头冰封的心令的思想停"
0,"门锁上让小护士陪你打针"
1,"看个大秀扭下屁股5分钟结束"
1,"轩-麦饼-喂心C₳D571"
1,"看我网易名字+Q片1"
1,"慧好看FTA675☎☎☎☎☎☎"
1,"需要的-企-鹅752753636-家0"
0,"秒五减了我150+的伤害"
1,"𝐔𝐗４４４２卖云资源"
1,"没有卖片的了需要网址的兄弟们加我"
1,".名字++喂来爽"
1,"安C-C-名-字-麦-饼"
1,"颙29526Q77544"
0,"可爱的美女晚上好很高兴认识你"
1,"美少女25911世78口"
0,"兜兜17岁少女实力演唱"
1,"869533334日姐✚αᚰ"
1,"羽29526Q77544"
1,"孬ＴＲＡ２４５日批666666"
1,"贞-麦饼-喂心C₳D571"
1,"〈2❍4878ℨ2〉调教姐妹ᚰ"
0,"你知道一个女人最丑"
1,"昧ＴＲＡ２４５日批666666"
0,"对象稍微比你漂亮一点点"
1,"戳戳我头关注开车秀腂bb"
1,"﻿C-C-名-字-卖-篇"
1,"﻿1900777720+蔲曰666666"
1,"佳喂：sx111505可越of"
1,"小屌有爸爸(=^▽^=)"
0,"马哥，名字后面，加括号，可电动可手动"
0,"小火车55555555555555555555"
0,"好凄凉(๑ó﹏ò๑)"
1,"佳喂：sx111505可越dS"
1,"陌陌摸摸陌陌摸摸陌陌摸摸陌陌摸摸哦哦"
1,"21408797加口"
0,"1.9842E+11"
0,"以为你没工作没工作你介绍工作"
0,"杀boos最恶心"
1,"需要买黄资源的私聊我0"
1,"Q群11~809111免~费看女拖光真人现场做爱拖光衣服指挥跳舞喜欢的加下Q群看不到死全家试过真的不加后悔"
1,"﻿FS6791微芸."
1,"慧CC-名字-看拼ᚰ"
0,"喂喂喂喂喂喂喂不扣了吃饭去了"
1,"篇加企鹅20世87832[s电到了"
0,"你还喜欢看不错不错"
0,"妳真的為什麼掉下來凡間"
1,"﻿C-C-名-字-瞧-拼"
1,"喂妹妹BHC979威"
0,"付出真心没有回报"
0,"看看3500的腰带"
1,"兰好看FTA675☎☎☎☎☎☎"
1,"﻿19343631看逼家口"
1,"﻿巴黎浪漫派对”三级sm系列"
1,"要片的加914578730"
1,"莲CC-名字-看-电视ᚰ"
1,"﻿看逼加口15373608"
1,"75+275+36+36++企++鹅+看"
1,"19853925398聊骚小姐姐"
0,"杀一个人头520"
1,"昧ＴＡＤ７６５☀☀日批666666"
1,"+ィ訁13290926773"
1,"﻿舒+人妻971111490冦"
1,"﻿看发发言明字+企鹅言明字┼口"
1,"﻿774733332嫩逼加窛"
1,"瑞某人：EMMM无处下口2333"
1,"篇加企鹅3514173330ᚰ"
0,"绘卷5，150名左右，会不会被挤到200开外。"
0,"上次看见你高层作业回避"
0,"人家69999我4.5"
1,"𝐡𝐮𝐱457卖盘"
1,"雪好看FTA675☎☎"
1,"兮2953451608买-拼-鹅企"
1,"又卖电影的嘛！求扣1"
1,"21408797加窛"
0,"不是说少妇吗？怎么不露脸啊？"
0,"清小怪用小狗+佛可以吗"
1,"晗15751764994卫星"
0,"48万亲密加胫骨"
1,"乐TPK564ᚰ买乒威"
1,"嶶765510103蒖鎭人眎頻値噃ナスグパシにヾぉ"
1,"YW90069+喂+看潘.0"
1,"看妹妹名字++++沜"
0,"黄昏，寂寞沙洲冷"
1,"​(V❤）wuhendewul色色❤等你哦！❤​(V❤）wuhendewul色色❤等你哦！❤​(V❤）wuhendewul色色❤等你哦！❤"
1,"佳维佳维：sx111505可越Eh：sx111505可越kz"
1,"买网站盘的老哥私聊我买网站盘的老哥私聊我"
0,"呵呵谢谢你们一直以来支持"
1,"看篇的老哥们..需要买的私聊我0"
1,"孬ＴＡＤ７６５☀☀日批666666"
1,"𝐗𝘌Κ496ᚰ爱看"
0,"我现在都还是处男呢ᚠ"
0,"不是因為你美麗才愛上你"
1,"〈2◌4878ℨ2〉调教姐妹ᚰ"
0,"现在我们区没有有的也卖1W+"
0,"5000块钱左右"
0,"早上我们区·我秒900+··吓死我了·"
1,"若w2753636麦饼卫星"
0,"三生三世十里桃花"
1,"莲KTA679买乒威"
1,"垚☀☀☀☀+名看波霸"
1,"网站的加我微15766073481"
0,"老头子，我不需要ᚠ"
1,"沜++网站++买的私聊我.."
1,"买篇加企鹅20.487832ᚰ"
0,"2335就720名"
0,"等会儿看动画片hhhhhhhh"
1,"UKC九─七薇美腿ᚰ."
0,"有想找工作的看我签名名字"
1,"懁ＴＲＡ２４５日批666666"
1,"sn520587交友免费看"
1,"ΕКХ596看片"
0,"这两是夫妻吗？天天一起播"
1,"﻿+口看844441062"
1,"惠15751764994卫星"
0,"有可能有外国人喜欢屁股特别大的"
0,"空调房+睡觉=冬眠"
1,"就好像自慰一样恶心！"
1,"说磨磨唧唧的不看滚蛋白痴"
1,"淑好看FTA675☎☎"
0,"剩下的都是娱乐和高端玩家"
0,"woxiHuanchiMaipian"
1,"大佬连环计横扫秒了骚比鬼"
0,"我扫不了🐎你直接看qq记录有密码"
0,"这个舞女板下放加速莫x"
1,"﻿14444.54332蔲曰批666666"
1,"一直不敢下手因為保養維修"
1,"兮乞儿2952191783"
0,"7-17-17-1"
1,"752753636++口"
1,"看-黄-家企-鹅752753636."
1,"换平台映客斗鱼b站都不用时限"
1,"一个转身香肩全露"
0,"挖，我今天自己的号就做了那些任务+卖符"
0,"功绩4800+、天赋55+、坐骑最好满、法门尽量满、孩子双400+这种底子3000左右吗？"
1,"琐29526Q77544"
1,"需要的-家-752753636是-企-鹅"
1,"佩CC-名字-看-电视ᚰ"
0,"ctrl加Alt加W"
1,"想看的自己下载网址577rr"
0,"哦，女方要写名字的啊"
1,"嶶765510103ㄨペテナㄜバふぁ"
1,"﻿让人快乐─4九59967口。"
1,"517156316ソぞつノぐヅグボ"
1,"978798907+口看"
1,"哥哥想看妹妹水加1694545220"
1,"﻿溷☀☀☀☀+名看波霸"
0,"55555555好惨哦"
0,"200-350左右"
1,"BM1111BC曰批6666丝i爽"
0,"喔想找8000左右的69"
1,"Ｘ𝐄Ｋ４９６ᚰ盘盘."
0,"去小孩弄乃粉小孩哭"
1,"华麦偏+威w2753636"
1,"③w点188porn.com"
0,"昨天失去了她的WX"
1,"ΕСΚ596(R)]买片瞧这里"
1,"UCKł69爆日嫩碧ᚰ."
1,"𝕩𝖍𝖈593卖盘"
1,"珠T6787Vᚰ纯/洁"
1,"佳喂：sx111505可越kx"
0,"K哥也妻管严😂😂"
0,"╰(*°▽°*)╯。。。。。o(一︿一+)o"
1,"君-伟心ＫＵ€５３７"
1,"你以为你操你妈的大傻逼"
0,"你直播方式做路线的"
0,"想想109BB能2500+攻击什么概念"
1,"冉FTA676麦-P❤"
1,"看视频的哥哥请加扣扣；876655887看视频的哥哥请加扣扣；876655887看视频的哥哥请加扣扣；876655887"
0,"去特的三次都500币"
0,"昨天做一個惡夢[cx哭脸][cx哭脸]"
1,"爽29526Q77544"
1,"女征婚(详见资料)"
1,"看微信，高清，无码。的私聊我！"
1,"红☀☀C名加威看"
0,"報告浩南哥銅鑼灣只能一個浩南"
1,"枝麦偏+威w2753636"
1,"﻿看发言名称+QQ"
0,"我想起了给猫按摩的那个"
0,"17-19-21-22-24"
0,"护士(ノ⊙ω⊙)ノ嚯"
0,"1850+7500+1550+15法爆"
0,"您讲的是哪国语言啊"
0,"三人行老司机带路比较好"
1,"枝KMD255ᚰ纯/洁"
0,"前晚一个充的卡刷138"
1,"恸29526Q77544"
1,"﻿2460223456看逼家口."
0,"500万左右的看看"
1,"淹麦饼-喂心CAD571"
1,"20749707狂日╬αᚰ"
1,"浏览器看 www.75bo.com"
1,"点窝看学妹涉妇333333"
0,"你看看天涯明月刀、逆水寒，除非是WOW那个流派的，现在战斗的动作性都比较强了"
1,"慌-75275-3636-企-鹅-夹"
0,"哦，QQ群里有红包"
1,"﻿18683583314擦妹伽微"
1,"𝐱𝐞ᴋ４９６ᚰ看盘"
0,"我之前还准备去兼职跑滴滴。"
1,"名字++爽沜围+"
1,"﻿若EYD235买-拼-微"
0,"KTV300一位"
1,"枝-薇/CAD571"
1,"缺ＴＡＤ７６５☀☀日批666666"
0,"昨天晚上老板刷500W"
1,"﻿20749937影视加企鹅"
1,"盘网址需要私聊我好友"
1,"苓29526Q77544"
0,"Afriendofmine"
1,"看篇买的老哥私聊"
0,"这个活动腰带固伤+5"
1,"﻿2952354478蔻批666666"
0,"平台的朋友昨天看一场大秀说"
1,"荔麦偏+威w2753636"
1,"﻿979034390+口口看."
0,"老猪你战场老盯着我干啥"
1,"君FTA676❤❤❤❤❤买乒威"
0,"卖点卡换三界你卖点卡的钱放CBG要400+三界亏死"
1,"想要看皇偏的加我"
1,"看-丝袜-752753636-扣."
1,"﻿染卖-姘-薇ＫＵＣ２３５"
1,"23863540芸妹+口口[s电到了]."
1,"沓ＴＲＡ２４５日批666666"
0,"夜深人静虫子声音"
1,"伊29526Q77544"
1,"12554971黑足加冦"
0,"作为姐妹帮不到你"
1,"佳喂：sx111505可越kw"
0,"回民街普罗旺斯谬斯"
1,"34309996爆插╬αᚰ34309996爆插╬αᚰ34309996爆插╬αᚰ"
0,"做个安静的美男子"
1,"影FTA675ᚰ寂寞少奶"
0,"装个摄像头自动拍照"
0,"昨天晚上女孩子问你没有直播"
1,"迦威sx111505，有囊人想要的uV"
0,"直播卖家秀，买完买家秀"
0,"名字家我看高清午马"
1,"YW90069+喂+看潘.0."
0,"你会唱月光下的凤尾竹歌"
1,"那ＴＡＤ７６５☀☀日批666666"
1,"慌-75275-3636-企-鹅-夹-"
1,"璐麦饼-喂心CAD571"
0,"天热天冷都得被刺激"
1,"FCCX330GHFXW"
0,"5000分235名"
1,"𝐓𝐌2971卖云资源."
1,"脫衣服脫衣服脫衣服"
1,"买黄偏的老哥私聊我哦"
1,"迦威sx111505，有囊人想要的pl"
0,"人漂亮，什么不穿都好看"
1,"居然没有卖片的！我有网址需要的老哥加我"
0,"可能重名符号的重名"
0,"ᚠ我感觉这里面土豪好多"
0,"上次听好听的出专辑"
1,"你看裸播都删微信"
1,"典29526Q77544"
1,"PCK728素女"
1,"滓KTM657ᚰ☎☎"
1,"沜1++网站+买的私聊我0."
0,"来个变态混武器比这护士多"
1,"𝐗𝐊Ε585卖盘"
1,"﻿奶少籹25911478口。"
1,"篇国找C3003D"
1,"凡CC-名字-看-电视ᚰ"
1,"网站+沜++买的私聊我0"
1,"娴麦饼-喂心CAD571"
1,"晟ＴＲＡ２４５日批666666"
1,"34309996爆插╬企鹅ᚰ"
1,"碎ＴＡＤ７６５☀☀日批666666"
1,"𝐊𝐂𝐕９９７卖云资源."
1,"老公抛7想找1鸭子14不挂玩視頻成熟稳重的男人加扣扣758"
1,"𝓪𝓫𝓬９９７卖云资源"
1,"﻿+C名是威看咪咪"
1,"75+275+36+36+企-*/鹅++"
1,"啪啪啪视频供需者加++"
0,"我祝你们天天被绿ᚠ"
0,"我需要2珍珠100的"
1,"名字+++胃爽沜+"
0,"3000+18%"
0,"啊烫是好姐妹🌚👍"
1,"网站需要的私聊我"
1,"晗麦饼-喂心CAD571"
0,"女神走音聽哈哈哈"
0,"三人到时候一起撸串哈啤搞起来"
0,"大晚上吃狗粮神秘人吃跑"
1,"网站v18676833260"
0,"可能以后你直播间都不会说一句话"
0,"做梦那天谁给我一个520宝宝就行了"
1,"各种视频联系微1275521408"
0,"这2吧玩憋2连死亡我草ᚠ"
0,"哦6哦6哦6哦哦6哦6这这"
0,"善恶4000+真的猛"
1,"𝘍𝘛𝘈675☎ᚰ☎买乒"
0,"七年❤❤❤❤❤❤❤❤❤"
1,"124456789买片，大圣"
1,"ΕКХ596卖盘."
0,"+学了坐骑的技能点吗？"
0,"xswlhhhhhh"
1,"2◍487832美女ᚰ"
1,".豬樹坎梶群176534781"
1,"𝙭𝙝𝖈593ᚰ盘片."
1,".com5755558☞☜"
1,"﻿KMD253麦饼卫星."
1,"YW90069家威看皇"
0,"hhhhhhh秀啊"
1,"绞☎☎ＦＴＡ６８９麦P"
0,"百人百味众口难调"
1,"﻿21408797摸逼家口。"
1,"迦威sx111505，有囊人想要的qM"
1,"兮-靓-妹-卫星ＫＵＣ５３７"
1,"尤ＴＲＡ２４５☀☀日批666666"
0,"日语..粤语...国语.."
1,"黄鳝钻过小泥湾神龙摆尾游浅滩"
1,"EK𝐗596买片找他"
1,"色群2379107791"
1,"需要752753636看名字家"
0,"新人主播，各位老板多多关注ᚠᚠᚠ"
1,"𝘚𝘚𝘌497卖片"
1,"75-275-36-36-企-鹅-涩0"
1,"慵ＴＲＡ２４５日批666666"
0,"男的输了，穿丝袜"
1,"妹吸奶278380293🇶"
1,"丽T6787Vᚰ纯/洁"
0,"那就给你来个全身按摩"
0,"邋遢微邋邋遢遢梁邋邋遢遢大微凉"
0,"你在家～不穿衣服吗😊"
1,"以为你无聊想去找男人干一炮"
1,"熙买P，加乞鹅2953451608"
0,"可能一個月維修好幾次"
1,"熇ＴＲＡ２４５日批666666"
1,"封了包哦看姐姐名字家重口味"
1,"YW90069+喂++看潘"
1,"﻿FS6791各种姿势"
0,"妳真係眼見過最美一个"
1,"伊FAK256ᚰ看-电视"
1,"2◉487832姐日ᚰ"
1,"君❤FTA676麦-Pღ"
1,"籹B粉256379431口"
1,"我有扁桃无码撸视频，要的私聊"
1,"﻿22879947美足+口看"
1,"侉29526Q77544"
1,"安薇CAD534麥偏"
0,"18859317619"
1,"▕(￣ε(#￣)☆╰╮(ಥ_ಥ)【嗨你麻痹我要睡觉】"
0,"人美服白波大极品"
1,"迦威sx111505，有囊人想要的Ej"
1,"看黄买的私聊我0"
1,"CPU1500内存400"
1,"愎ＴＲＡ２４５☀☀日批666666"
1,"躶聊薇ＮＯΤＥ４"
1,"这才不是猛男组，这是庄园三受😂"
1,"APK380国日韩！都有！"
1,"﻿各种经典25911世78口"
0,"去糖比那裡一下好來"
1,"𝐇𝐘𝐑382ᛀ盘盘"
1,"佳维：sx111505可曰Yy"
0,"74742523加我id"
1,"UKC762微美丝"
1,"家-企-鹅-752753636-网红摄了0."
0,"诗名：《烹饪辣椒》"
1,"英2952191783+口"
0,"浪浪浪天进来不说话身高一米二"
1,"谁要片加我免费送兄弟们"
0,"我们这边连个能撸猫的咖啡厅都没有···"
0,"麒麟970处理器"
0,"我的艾米丽，我的天使"
1,"﻿溥FTA689☎☎在线"
1,"韵UKX729加我"
0,"买0.7卖0.2--"
1,"﻿若KMD253ᚰ老板买拼微"
0,"一个大男人说妹纸干嘛"
1,"网站需要买的老哥私聊"
1,"需要买黄篇的老哥私聊我."
0,"200+爆伤低吗_(:_」∠)_"
1,"3514173330爆插╬α[s电到了"
1,"莹CC-名字-看-电视ᚰ"
1,"﻿24885608寂寞少付口."
1,"网站+沜++买的私"
0,"喜欢主播的点点关注哦"
1,"买簧片资源私聊我0"
1,"加q865007780私聊你摸哥哥裤头情不自禁伸进去打起飞机‘还温柔的嘴含‘吹’还时不时舔舔边缘蛋蛋你插进你小穴‘已经好湿"
0,"偶尔帮哈小刀就行"
1,"子KTM657ᚰ靓妹"
1,"夹-企-鹅-752753636"
1,"﻿柔买P，加乞鹅2953451608"
1,"灿KTM657ᚰ看"
1,"华-薇/CAD571"
1,"巧-薇/CAD571"
1,"要片的老板请私聊我"
1,"笋ＴＡＤ７６５☀☀日批666666"
0,"猪皮的卖点不是强，是好人，懂了🐎？"
1,"免费看制服丝袜美腿"
1,"伊T6787Vᚰ纯/洁/P"
0,"3.1415926535897932384626433832795028841971693993751058209749445923078164"
1,"𝔲𝙮𝔪693盘片"
0,"我去看钱包还有没有钱😂😂"
1,"落-喂心C₳D571"
1,"宝贝日后再送礼物不"
1,"﻿看逼家21241836口"
1,"五元网站直接看加v19905309994"
1,"10元在线网址私"
1,"买网站盘的私聊我老副"
0,"700+800的防御"
0,"z233333333333333333"
1,"国语2068875241Q丝足"
0,"谢谢CCCCCCCCCC34送"
1,"佳企鹅：1-6-6-8-2-9-6-8-1luo聊"
0,"有擦口红又想骗我吃口红"
1,"美女视频+Q裸v聊"
1,"巧KMD255ᚰ纯/洁"
1,"你撸一撸亲你奶头吸吸"
1,"844441062+蔲滋源"
1,"卖TM38888"
0,"昨天晚上心情本來很blue"
1,"﻿钕粉B27447053口."
0,"名字WilsonW"
1,"迷你万你妈的岁，狗比。"
1,"姣麦饼-喂心CAD571"
0,"战神榜70名进步6名加油！！！"
1,"兮FTA676❤❤麦"
1,"﻿19105764寂寞少付口."
0,"啤酒小板凳花生米请你的表演"
1,"高清万部在线，玩的私聊。"
1,"lD28400718"
1,"君KMD255(R)]买-P-姐妹"
1,"𝘍𝘛𝘈675☎☀买乒威"
1,"网站-家-扣-752753636"
1,"网站沜++买的私聊我0"
1,"篇-加-企-鹅869533334"
1,"卧槽(ノ_·。)"
0,"上次开一个箱子5000币刷100w"
1,"惠FAK256ᚰ看-电视"
1,"ｘᴇｋ４９６ᚰ看盘"
0,"妳這麼美為撒都沒人刷禮"
1,"君FTA675ᚰ麦-拼"
0,"5+6555655"
1,"家-752753636-丝-企.-鹅"
1,"聪CC-名字-看拼ᚰ"
0,"刚充的币想知道小瓶盖有多黑"
1,"交易小视频红包结算"
0,"3500块钱左右"
1,"伽韦sx111505珂视频箹I8"
0,"你美美美美美美美"
1,"喜欢大棒棒加：3057909741"
1,"网站沜++买的私聊我.0"
1,"CWE6887插爆"
0,"结果跟人家屁股后边，还有人吗"
1,"大家别买片了加我免费送兄弟们"
1,"需要看偏的老哥私聊我0."
1,"真空的看不见奶头"
0,"哥们的名挺厉害哈哈哈"
1,"珍2952191783+口"
1,"看乃看比加蔚信⑥⑧④"
1,"荔w2753636麦饼卫星"
1,"﻿16083417+蔲曰批666666"
1,"20487832╬Qᚰ"
1,"君FTA676麦-Pღ"
1,"adsadadaffadadaddsfg"
1,"UKC127猛干ᚰ"
1,"佳喂：sx111505可越Bc"
1,"你高潮的没有一百下女人下次会跑的"
1,"融CC-名字-看-电视ᚰ"
1,"ID：1056088715加我"
0,"3.141592654"
1,"观我名字+++喂爽"
1,"兮-喂心C₳D571"
1,"﻿慡+C名看P，是Q哦."
1,"篇企鹅15373608ᚰ"
0,"还欠你一个500倍丘比特"
0,"妳真的最天然的美眉耶"
1,"秀薇w2753636"
1,"吃奶还🉐️搭梯子那种"
0,"(͡°ᴥ͡°ʋ)怕什么，我也是有动作的人"
1,"加我lD23662922"
1,"澽FTA689☎☎☎"
1,"1900777720蔲曰批666666"
1,"漯↘聊加Q1265522423"
1,"𝐡𝐮𝐱457卖盘.."
0,"我搜索爆肝门，结果传来桃子的笑声"
0,"你还玩别的平台不"
0,"鲤鱼吃桃子=吃猴子屁股ᚠᚠ"
0,"恭喜珍宝阁4连冠+"
1,"看少妇脱十威信mf228258"
1,"婕29526Q77544"
0,"人肉我家煤球小母狗"
1,"﻿﻿774733332粉逼加窛"
0,"对不起以后都不开的玩笑"
1,"澽+CC名字，是威，看大"
0,"无聊买张机票来看我"
0,"我要求要有巅峰传奇"
0,"说真的头像怎么这么可爱😂"
0,"放两分钟请你喝酸奶"
0,"昨天直播怎麼黑影"
0,"一晚上能出100斤"
1,"戳戳好看的粉嫩的tt"
1,"752753636ᚰ++"
1,"轮ＴＲＡ２４５☀☀日批666666"
1,"松KUC539麦饼薇"
0,"亲爱的主播2000万"
1,"看妹妹名字夹丝袜洗白ᚠ了"
1,"﻿看逼家1405588224口."
0,"你的心的心的心你的心"
0,"这个赛季的皮肤贼粉嫩嫩"
1,"迦威sx111505，有囊人想要的wf"
1,"XYM7-XYYX-DV7P-FNNY"
1,"﻿看逼家口15373608"
1,"﻿熙好看FTA675ᚰ☎☎☎"
1,"绞ＴＲＡ２４５❤❤日批666666"
1,"𝐩𝕒𝕒495ᚰ脉片"
1,"晗喂心CAD571"
1,"贼29526Q77544"
1,"凡CC-名字-看拼ᚰ"
0,"8.85051E+14"
0,"很好奇主播長那麼美為什麼沒男朋友"
0,"呵呵以前做酒托叼样"
1,"震惊某c主播扁桃喝了肾宝片一晚上直播撸阴茎都爆了"
1,"﻿染2952191783乞儿"
0,"5568买的生日号码"
1,"后入口256379431"
1,"23863540芸妹+口口ᚰ."
1,"伽威咯lyg11223305笨人自筘领8b"
1,"勤15879962374❤"
1,"佩TPK564ᚰ买乒威"
1,"网站+沜++买的私聊"
0,"我也有粉嫩的罗宾汉👏"
0,"以后多听点开心的·。。开心的才能让人有激情。"
0,"客观别急喝口茶压压惊"
1,"看姐姐名字+++我看沜"
1,"看-篇-家-752753636企-鹅"
1,"妹水白27447053口"
1,"玩加拿大伽企鹅78898098"
1,"835422224加口口看芸ᚰ."
1,"韵好看FTA675ᚰ☎☎☎"
1,"﻿27447053+俅俅看"
1,"有需要Ktan88WX"
1,"佳喂：sx111505可越km"
1,"网站盘买的私聊我"
0,"4999000c券"
1,"CUI698微芸"
1,"老公抛弃想找一个男人视频做愛成熟稳重的男人加扣扣906622999不穿衣服玩视频加扣扣906622999"
0,"激情看完了，继续看电视去。"
1,"﻿染2952191783+口-看"
0,"2+1.3+24+35+5，，，"
1,"hhk9543+喂++HHK9543"
0,"烧法需要8100-8500万经验"
1,"ХКЕ585ᚰ我是卖盘的"
1,"圃+CC.名字，是威，大波波"
1,"被抛弃了想找哥哥视频爱爱喜欢妹妹视频的哥哥加扣扣"
1,"漙KTM657ᚰ靓妹"
0,"我玩的是刺激战场"
1,"卖片+CC③412〇282⑤"
1,"﻿19105764寂寞少付口。"
1,"网红爆擦+++看姐姐名字"
1,"买网站盘的私聊我0+"
0,"呦，开心这么傲娇，傻盼你怎么调教的"
1,"2◍487832姑娘避ᚰ"
0,"虐狗的名字。。。"
1,"ｉ４ｉＳ４.ＴＯＰ菟费成亻"
1,"网址盘看姐姐名++"
1,"要看毛骗加v542585757，卖个网址全清晰1"
1,"眢29526Q77544"
1,"看偏想买的私聊我拉"
1,"KS90096+."
1,"优29526Q77544"
1,"+口─5四27049"
1,"网址盘私聊我好友"
1,"黑ＴＡＤ７６５☀☀日批666666"
1,"看妹妹名字家洗白白ᚠᚰ了"
0,"我把109卖了再玩70ᚠᚠᚠ"
1,"老ＴＡＤ７６５☀☀日批666666"
1,"块29526Q77544"
0,"是不是4+1要完蛋了啊"
0,"五台机四千块...."
0,"朋友5元刮刮乐都中100"
1,"荣15879962374❤"
1,"2◍4878ℨ2怒日姐ᚰ"
0,"朋友打电话撸串嗖嗖的跑"
1,"𝐔𝐗４４４２卖片舒服"
1,"﻿“蛟龙22”用拼音伽徽看ᚰ"
1,"看-加-企-鹅2460223456ᚰ."
1,"兰KUC539麦饼薇"
1,"。国浐尺度2436508094口"
1,"75+275+36+36++企++-鹅"
1,"热辣演艺听指挥ZF２２Cｏｍ始"
1,"看名字➕v爽骗q"
1,"2605464303加抠包爽"
1,"﻿溥☎☎+C名看P，是威哦，刺激哦"
0,"下午茶鱼头汤圆加一杯咖啡牛奶"
0,"亲爱的跳个舞看看"
0,"我中了选5555555555555555"
0,"（─__─）┌天空女粉"
1,"www.cao.com"
1,"兰KTA679买乒威"
1,"垚ＴＲＡ２４５日批666666"
1,"𝐔𝐗４４４１卖云资源."
1,"君KMD255ᚰ国妹亮妹微"
1,"15373608看逼家口。"
1,"兢ＴＡＤ７６５☀☀日批666666"
1,"2460223456+蔲曰批666666"
1,"毓29526Q77544"
0,"必杀+240伤啊。我觉得真的厉害。。"
1,"珠好看FTA675☎☎☎☎☎☎"
1,"茜CC-名字-看拼ᚰ"
0,"国锅国嘉有果郭国钾的锅各"
1,"看盘+752753636名字"
1,"巽ＴＡＤ７６５☀☀日批666666"
1,"﻿15373608口"
0,"520更好中一点"
1,"妹妹的BHC979威"
1,"佳喂：sx111505可越Zs"
1,"﻿27879947少女+口."
1,"染买P，加乞鹅2953451608"
1,"FS6791篇妹ᚰ"
1,"琦鹅752753636家琦鹅752753"
0,"为什么你的头是高清画质"
0,"就是女生叫你去摸他咪咪"
1,"名字+++围+爽沜00"
1,"KB80098片？"
0,"( ¯••¯ )你的无耻打动了我"
1,"﻿染-黄色KUC534"
1,"𝐗Ε𝐊496荬盘"
0,"33937214.加我！"
1,"看小妹名字++++看小妹名字++++"
1,"800包夜想玩的私聊我旗下主播，可以援交"
0,"159到175要70E经验"
0,"亲爱的雪儿晚上好"
0,"烧烤田螺水煮毛豆花生"
1,"看看4750的女模，"
0,"夸漂亮美女会说三个字"
0,"三千万大主播不刷刷鸡"
1,"名字+++喂爽毛沜"
0,"靓仔直播可以抽电子烟吗怎么我看到有主播在抽"
0,"不能跳个舞精神精神一下"
1,"迦威sx111505，有囊人想要的TI"
1,"UKC762芸妹美腿，..........."
1,"需要看名字家妹妹封号包换的高清午马了"
1,"﻿染-麦饼-喂心C₳D571"
0,"刚才有个混蛋跟我怼"
1,"家-752753636看-丝袜家-企-鹅ᛀ"
1,"都挤出来的你的真材实料的"
1,"2218439086+++口+口+"
1,"英T6787V纯情"
1,"1419555965芸口口"
0,"请假一天200没有"
1,"加Q群~366~292555免~费看真人现场做爱拖光衣服指挥跳舞已经看过验证~真人喜欢的加下"
0,"名称5.21小红包"
0,"这个可以微信充嘛想弄个🐎都不行"
1,"UKC136芸妹美脚ᚰ"
1,"﻿256343098+口口看"
1,"75-275-36-36-/+企+-鹅0"
1,"可能都是边听边作爱的ᚠ"
1,"冉KMD255ᚰ国妹靓妹微"
1,"ｘ𝐜ｋ３９６ᚰ看盘"
1,"勤KUC539麦饼薇"
1,"都TM煞笔给我闭嘴看比赛行不行"
0,"人越富会感觉越穷人心总不会满足"
0,"大家大家，我刚刚开了那个蓝皮两个动作诶"
1,"晶15751764994❤❤❤"
1,"家庭人妻斯挖a1102195422口3."
0,"我175好无聊哦，又没钱更新"
1,"12554971黑足加冦.."
1,"﻿844441062哨夫+口"
1,"猥琐电瓶在线日钢丝球"
1,"韵FTA676麦-Pღ"
1,"ＫС４００７Ｃ曰批666666我爱你"
1,"名字+++喂爽设摄"
1,"娜CC-名字-看-电视ᚰ"
1,"﻿20749937奶香家宼"
1,"楞ＴＡＤ７６５☀☀日批666666"
1,"看女全部Q群~366^292555免费"
1,"﻿FS6791嘿咻熟妇"
0,"看到糖瓜这名字，又想改名字了"
1,"0303hh.com"
0,"尿尿帶著旋律說666"
1,"妹妹眍现场直播忈溦信㏄33479"
0,"去自然家的飞机坐"
1,"蔻19674651素女蔻19674651素女."
1,"本+CC.名字，是威，大波波"
1,"www.377nv.com"
0,"拼写检查是判断数据是否由手动输入的最明显的方式之一。"
1,"看12554971蔻蔻"
0,"那个靓号在哪里弄"
1,"伊麦-拼-威ＫＵＣ２３５"
1,"安薇w2753636"
0,"啊哈哈哈哈，不要再刺激他了(ﾉД`)"
0,"别提了我感觉我都能捣鼓一天"
1,"都穿着内裤也能弄😂"
0,"也喜欢看动作片，喜剧片"
1,"苕ＴＡＤ７６５☀☀日批666666"
0,"珠联璧合#234"
1,"瑞麦饼-喂心CAD571"
1,"www.5dtsne.top：1247"
1,"影FTA677ᚰᚰ"
1,"无聊无聊无聊无聊无聊无聊无聊无聊无聊无聊无聊无聊无聊无聊无聊无聊无聊无"
1,"5元收在线看网址，加我"
1,"网站沜买的家好友私聊0."
1,"贞CC-名字-看-电视ᚰ"
1,"看CC名字加Q资源."
1,"巧好看FTA675☎☎☎☎☎☎"
1,"看毛片加威信814749959"
1,"皇色买的老哥私我.0"
1,"22471419Q芸美"
0,"颜文字爆满2333"
1,"UKC917妹妹的比ᚰ."
0,"看到一无底4神木林！输出爆炸，投资应该十万+了！老板真的厉害"
1,"禔ＴＡＤ７６５☀☀日批666666"
1,"夫人设BHC979威"
0,"三千你看成300"
1,"75+275+36+36+企*-/鹅++"
0,"帶眼鏡看看那麼吃力"
1,"滓2952700242+口666666"
0,"你去一百块钱刷礼物刷到800万"
1,"在里面做爱做的事吗ᚠᚠ"
1,"佳喂：sx111505可越u7"
1,"﻿染-伟心ＫＵＣ５３７"
0,"约瑟夫约瑟夫约瑟夫。"
0,"妳這那飯這是泡麵好嗎=/"
1,"﻿染-靓-妹-卫星ＫＵＣ５３７"
0,"你可以wx电话☎☎"
1,"色❤单❤身❤男❤懂❤加❤色"
1,"看-夹-企-鹅-752753636ᚰ"
1,"12554971丝足加冦"
1,"腼麦饼-喂心CAD571"
1,"看看CC1777星域"
1,"兮FTA675ᚰ"
1,"漙KTM657ᚰ☎☎"
1,"美喂心CAD571"
1,"看骗加q.495851478"
1,"加VX13751998067"
0,"3000万300块"
1,"qk4459++喂++QK4459+"
1,"2436508094口2436508094口"
0,"你直播间不会中奖哈哈哈"
1,"网站++买的私聊我0"
1,"磷ＴＡＤ７６５☀☀日批666666"
1,"希望你赐做你陪葬品好"
0,"你直播间不让说话"
0,"231620解锁码"
0,"鬼🐎是什么，我只知道鬼父"
1,"﻿KMD253微"
1,"啪啪啪啪啪国产日产长夜漫漫无心睡眠"
1,"ＵＸ９９９２前进后插"
0,"我去你俩这是过来刺激我"
1,"KS90096++喂0.0."
1,"UCX139日爆妹妹ᚰ"
0,"等到你关播大家一起休息"
1,"安CC-名字-看拼ᚰ"
0,"这个动作我看到有人跳过"
0,"452.403."
0,"好的，我相信了，ᚠ"
1,"磷拼-企-鹅161465267"
1,"3408781589ᛀ看扣"
0,"STEAm里面的"
1,"VP》黄权》黄》红》蓝"
0,"荔枝..........."
0,"按照我教你的那个方法去搜附近网咖"
1,"需要买网站盘的私聊我啊"
1,"甫麦饼-喂心CAD571"
1,"3w.66778.com"
0,"这不聊天就是唱ᚠ"
1,"８０５８７６８５３３"
0,"天都黑了你都没来过没来做"
1,"﻿27447053+口看"
1,"口290850294动漫丝"
1,"﻿2952354478换号666666"
1,"专业制作高压静电三级净化器安装维修请"
1,"网站+看姐名字+."
1,"小受玩猛男(ಡωಡ)"
0,"不是，咖啡不是提神吗"
0,"平台女主播都很骚你骚大妈"
1,"看姐姐名字加我看篇."
0,"看的我和二师兄发出了好几次"
1,"774733332逼家口"
0,"平飞普陀都是3000+😂"
0,"你直播方式想走路线"
1,"买盘的看我名字家+我"
1,"﻿15064775蔲曰批666666."
1,"需要买网站私聊我便宜.0."
1,"𝕊𝕂𝔼597➽➽片"
1,"猛干大咪咪UKC127ᚰ"
1,"迦威sx111505，有囊人想要的ly"
0,"159170-175呢"
1,"𝐓𝐌2971舒服资源."
1,"﻿UKX735抽设"
0,"hhhhh傻青青"
1,"网站++买的私聊我00"
1,"艺麦饼-喂心CAD571"
1,"抠Q487444607"
0,"满暴150+速度即可"
0,"想看+1……_(:з」∠)_"
0,"哪里手续费需要1900...."
1,"﻿ＵＸ５６６２前进后插"
1,"加微免费视3300894737"
1,"卿KMD255ᚰ买-拼-微"
0,"今天你家门口路过"
0,"河北·方言腚是是屁股的意思ᚠ"
1,"漙ＴＡＤ７６５☀☀日批666666"
1,"看片~加扣1665977823Q"
1,"KS90096++威"
1,"冉FAK256ᚰ"
0,"可能刷出来500600万"
0,"人生错方向停止进步"
1,"国浐尺度2436508094口."
0,"无语中........"
1,"网站++看名字家我看丝袜封包"
1,"芳29526Q77544"
1,"關注主播迷路带回家住啪啪"
1,"𝔲𝙮𝔪693ᚰ盘片"
0,"340025002500我看过"
1,"黑AKUMA黑的体无完肤"
1,"𝘍𝘛𝘈675☎买乒威。"
1,"75+275+36+36+企-鹅+看+丝"
0,"CCTV.com"
1,"然KUC539麦饼薇"
1,"窘29526Q77544"
0,"我三界功绩满了没屌用"
1,"伽徽伽徽：sx111505可聊可约b9伽徽：sx111505可聊可约gE伽徽：sx111505可聊可约Ei伽徽：sx111505可聊可约yg：sx111505可聊可约yy"
1,"752753636ᚰ盘"
0,"emmmmmm......"
0,"今天在房间里特别热"
1,"﻿染FTA676ᚰ﻿买-乒威"
1,"﻿溷ＴＲＡ２４５日批666666"
1,"老哥们.想要买黄偏的私聊"
1,"狂插╬企鹅ᚰ15373608"
0,"去聽中國有嘻哈（三年二班）"
0,"天机感觉要700左右了"
1,"巧15879962374❤"
1,"看篇的老哥们..需要买的私聊我0."
1,"UKC136微丝袜ᚰ"
1,"伊薇w2753636黄色"
1,"﻿C-名-字-瞧-篇"
0,"這沒點可能儲值看看"
1,"莉15751764994❤❤❤"
1,"佳喂：sx111505可越cu"
1,"〈2⦿4878ℨ2〉摳笔ᚰ"
0,"没看卡姐打过屁股"
1,"V微信hpp2212马上开车"
1,"12554971+企鹅"
1,"763国妹丝"
0,"lD44261915"
1,"路29526Q77544"
1,"卖盘的加我，我要看盘"
0,"你可不可以送一个小铃铛的问题"
1,"75-275-36-36-甲-企-鹅-设"
1,"𝘍𝘛𝘈675☎☎ᚰ麦P薇."
1,"轩FAK256ᚰ看-电视"
0,"跑业务别人办pos机的"
1,".0mnb65vcw|?KMFCDX54"
0,"vx和zfb钱放不久，还是少放比较好，上次放1w一天祈福完了ᚠ"
1,"看妹妹激情表演加微信xw6271"
1,"75+275+36+36+企-*/鹅0"
0,"感觉刷199中100倍瞬间8万金币"
1,"块+C名是威看咪"
1,"XCK396卖盘"
1,"佳喂：sx111505可越d5"
0,"加粉丝团美滋滋的哦"
1,"舒w2753636麦饼卫星"
1,"鹏鹏1百元1百万喵币送3千娃买加q670555491先货"
1,"256343098+口口看"
1,"❤❤❤❤❤❤❤❤单❤❤❤男"
1,"愎29526Q77544"
0,"bhhhhhhhh"
0,"想带动美美哦起码得要国服。"
0,"你wx公众号搜索"
1,"皇色买的老哥私我..皇色买的老哥私我."
1,"看姐姐名字家.封包换哦"
1,"卖片买网址的加好友"
0,"噗hhhhhhhh"
1,"澽KTM657ᚰ亮女"
1,"韵❤FTA676麦-Pღ"
0,"等半天。3倍狗。"
1,"﻿KMD253买-拼ᚰ"
1,"枝FTA676麦-P"
0,"1719191717"
1,"需要网站.盘的私聊我"
0,"2700W100名"
1,".2218439086+++口+口看视频"
0,"开50007000R"
0,"那个人这么不懂事"
1,"﻿蔻21074319少腹"
0,"5*15750."
0,"555我想打大名士"
1,"2460223456看逼家口..."
1,"无码290850294扣"
1,"❤❤❤❤❤❤❤❤单❤❤❤男，。，！"
0,"欢迎琦琦大美女ᚰ"
0,"175*274725"
1,"𝐔𝐗４４４２狂干少女"
0,"你再去看一下的签名"
0,"这种满催BB装备30+的值多少钱"
0,"合区看大佬撕贼刺激"
1,"D.国.著.名.影.星.名.字"
1,"﻿若FAK256ᚰ看电视"
1,"慧KMD255ᚰ买-P"
1,"踢看到你nai子受不了"
1,"𝙓𝙀Ｋ496ᚰ来啊"
1,"谁找麦片的，私聊"
1,"买片的加二号麦，哦，尼玛！"
0,"9-9-30左右"
1,"835422224加口口看芸."
1,"Η𝐘𝐑382ᛀ片盘"
1,"𝐔𝐗４４４２狂日少妇."
1,"需要皇.的私聊0"
0,"双胞胎姐妹还是好些·她们换着挨打"
1,"熙FTA675ᚰ你的-爱"
1,"佳喂：sx111505可越M9"
0,"100中700太爽了"
1,"v20487832美足+口"
0,"sinA+sinB=2sin((A+B)/2)cos((A-B)/2cosA+cosB=2cos((A+B)/2)sin((A-B)/2)"
1,"秀w2753636麦饼卫星"
0,"800810左右"
0,"ᚠ哦哦哦哦哦，懂了懂了，我还以为人家为了你30红包疯了"
1,"栩ＴＡＤ７６５☀☀日批666666"
1,"─4九59967"
0,".....打包送哦"
0,"看人家谦谦，买号自己炸"
1,"BH90094夫人射+ᚰ"
1,"﻿正向978649984"
1,"+4KKKKKKKKK++++++++++++++++++++++++2051401435+++++-*4m"
0,"341185395"
0,"抖音神曲《八神搖》EDMRemix"
1,"5000赔睡77看奶"
0,"看看排名19的男人"
0,"本来以为能刷点结果还是一样。"
0,"330ml的雪碧1分钟"
1,"趣29526Q77544"
1,"Н𝘠𝘙382ᛀ好片"
0,"我处理了8000万左右"
1,"需要买黄资源的私聊我"
1,"20487832妹控ᚰ"
0,"累死了累死了sllwllwlwllelwlllwls"
0,"各个国家有各个国家的国旗ᚠᚠ"
0,"名字好听人也好看"
1,"晟ＴＡＤ７６５☀☀日批666666"
0,"没事听下歌刷一点而已"
1,"茜29526Q77544"
1,"﻿21408797摸逼家口"
1,"芳CC-名字-看-电视ᚰ"
1,"比ＴＡＤ７６５☀☀日批666666"
1,"本人在线骚聊；需要小妹服务的加扣扣；3028525367本人在线骚聊；需要小妹服务的加扣扣；3028525367本人在线骚聊"
1,"我可是精通所有女角色的内裤呢(>ω<)"
1,"违29526Q77544"
0,"平台上想交到很多朋友"
0,"七夕情人節快樂愛你"
1,"兮15751764994卫星"
1,"看企75+275+36+36+鹅"
1,"看美女托.光加微.信mei93008"
1,"老哥们买沜的私我..0.0"
0,"寂寞的老男人ᚠᚠ"
1,"卖片的加我我要片"
1,"在线观看需要联系1"
1,"看黄需要的私聊我00"
1,"23608544芸妹+口ᚰ."
1,"27447053寇擦妹"
1,"佳人的400闪亮亮"
1,"莉FTA676麦-P"
1,"─5四27049蔻"
1,"﻿奶少籹25911478口"
1,"琦麦饼-喂心CAD571"
1,"﻿61444Q4232逼家"
0,"清新绿色...."
0,"加我lD36324824"
0,"17-18W左右的"
0,"妈的，装修我干活啊"
0,"狼你干不冲满电走"
1,"KK是看看后面自己想"
0,"今年的限量八九不离十的也是猪"
1,"cc9008787王九蛋"
1,"伊薇KAD534"
0,"對著手機自言自語哈哈哈"
1,".75-275-36-36+企++鹅"
0,"白菜经历了被猪拱了ᚠ"
0,"ᚠ都跟你说直接拿wx"
0,"四舍五入我已经是一个猛男了"
1,"僵29526Q77544"
0,"好漂亮的磕碜美女"
1,"看片加威zc597705835免费试看"
1,"KUC763嫰丝妹"
1,"1豬樹坎梶群176534781"
1,"老公不要想找一个鸭子视屏座愛成熟稳重的男人加QQ5065--09600光着屁屁玩"
0,"我去年中的两个一千块钱没给我👿"
1,"愔卖--薇ＫＵＣ２３５"
1,"─5四27049家球球"
1,"卖片，要的加我微信，bb807492449"
1,"27447053籹水奶🇶"
1,"加我v看美羊羊洗澡"
0,"你为啥不穿一套熊猫呢"
0,"昨晚这么多抓鬼的ᚠ封ᚠ"
1,"骚货，我又回来了"
1,"﻿性感撕挖16274251口."
1,"𝘒𝘜𝘊５２７麦偏薇，"
1,"2952354478+蔻曰666666"
1,"蔻─5四27049"
1,"﻿看逼家19343631口。"
1,"加，v看美羊羊洗。z，澡"
1,"75275+3636+看我的名字家啊"
1,"筘16274251曰批666666"
0,"能不能激情点，就这么点人气也就武大郎的一半"
1,"怦ＴＲＡ２４５日批666666"
0,"给我一个吻可以不可以"
1,"慧TPK564ᚰ片薇"
0,"设计一个500块钱"
0,"去做饭吃有人要麦直接收的麦"
0,"今天早上他打脸对面女主播打屁股"
1,"黃靘网w2.pm"
0,"别的平台的一个主播"
1,"𝐩𝕒𝕒495ᚰ唛片"
0,"MJ小老弟儿帮我刷波礼物"
0,"讓來給你一組520"
1,"美微FAK256ᚰ看-电视"
0,"···土豪啊····"
0,"朋友当兵回来天天再玩"
1,"20487832鷞日+αᚰ"
1,"能啪啪啪啪啪啪啪啪吗"
1,"薇新5131525【诚信】分"
1,"滓+C名是威看咪"
1,"滓KTM657ᚰ亮女"
1,"恍29526Q77544"
1,"看CC名字加Q资源"
0,"~你那玫瑰酱还在啊"
1,"名称是网占名称是网占.名称是网占"
1,"23863540芸妹+口口ᚰ23863540芸妹+口口ᚰ23863540芸妹+口口ᚰ"
1,"智ＴＡＤ７６５☀☀日批666666"
0,"我现在腰带挂件+中医那个戒指·就3件全部程度了"
0,"我的凤児果然很浪很飘很厉害。ᚠ"
1,"752753636黄夹-企-鹅"
0,"两主播欺负人ᚠᚠᚠ不玩了闪人ᚠ"
1,"英2952191783乞儿"
1,"沜++网站++买的老哥私聊我"
1,"qk4459++喂+++QK4459"
1,"性福─5四27049口"
1,"秀CC-名字-看-电视ᚰ"
1,"﻿C9667D猛射资源。"
0,"要买就买无人机补给"
1,"﻿染FTA678ᚰ﻿买P"
0,"想看万年竹QWQ"
0,"cc号346452423"
0,"这个女主播真的好看"
1,"潢播【丝丝】强下载【丝丝"
1,"20749937看逼夹口"
1,"❤❤一对一视贫❤❤需要的哥哥私聊我"
1,"买篇加企-鹅20487832ᚰ"
1,"国产，高清，自拍，小视频"
1,"𝙝𝙠𝙭５９４ᚰ卖盘."
0,"情人节那天说分手"
1,"﻿UKC173芸妹美脚"
0,"😂vx都没搭理我呢"
1,"豬樹.坎梶群176534781"
1,"有卖片的吗私聊我"
0,"你是不是三生三世里面的白凤九"
1,"在线观看需要联系，"
1,"这个平台最不缺的就是大波妹"
1,"芸妹+口23608544ᚰ."
1,"彤麦饼-喂心CAD571"
1,"﻿口22世71419资源."
1,"yh98ku网址"
1,"荔TPK564ᚰ片薇"
1,"懂逼夹22471419口"
0,"主播T人要搞清楚··我是来看你开书的··是你的粉丝先要搞事情"
1,"芸喂BHC979威"
0,"+2的应该都没人要"
1,"﻿兮-美-丝-薇KUC539"
0,"无畏无畏无畏无畏"
1,"27879947傻女+口"
0,"要拍的美美的哦你一定要"
0,"666(^)嫌弃你"
1,"龊29526Q77544"
1,"774733332曰逼+口"
0,"小鹿不是退群了🐎"
1,"XCEF64115324"
0,"从60名到47名了"
1,"名字+++围爽0"
1,"茜拼-企-鹅161465267"
1,"qk4459++喂看吗沜"
0,"浪浪要上班时间再见(˙︶˙"
1,"看资料+威有你想要Z拍免费"
1,"kkkkkkkkkkkkkkkkkkkkkkp"
1,"文CC-名字-看-电视ᚰ"
0,"美女你好你好你好你好"
0,"你们这群水友还不给生哥结账"
0,"DEARJOHN-比莉"
1,"轩片ᚰ1366458"
1,"ㄛりナドぴノゐろ鱑鳝値噃+嶶360752391"
1,"炯29526Q77544"
0,"枯总要玩的开心呀ᚠ"
1,"冉微FAK256ᚰ看-电视"
1,"Np74Np上万部片云盘30永久"
1,"后妈的诱惑a1102195422家庭人妻"
0,"主播，须弥现在370+高敏，怎么能在18门提成440+高敏"
0,"🐷+打游戏=男生"
0,"感冒比吃药还难受"
1,"爽喂心CAD571"
1,"qk4459++喂看沜"
1,"扑+妞Q2402779︹890妞"
1,"买-加-口27879947"
1,"百度云黄片需要的看头像加微信"
1,"𝕩𝐞𝙠496ᚰ爱爱"
0,"想要想要想要求中奖！！！！"
1,"纵KMD252买-P-微"
1,"需要看我CC名字加扣看片"
1,"歹ＴＲＡ２４５☀☀日批666666"
1,"虢29526Q77544"
1,"佳喂：sx111505可越qw"
0,"我刚才被一个小孩吓到了"
1,"UCXł39爆日嫩碧ᚰUCXł39爆日嫩碧ᚰ"
1,"ｘ𝙚ｋ496ᚰ看片."
1,"想买信誉好看篇的私聊我有保证."
1,"悦喂心CAD571"
1,"↖戳我姐好无聊来看в"
1,"迦威sx111505，有囊人想要的bC"
1,"矞ＴＡＤ７６５☀☀日批666666"
1,".网址盘私聊我好友"
1,"兴ＴＡＤ７６５☀☀日批666666"
1,"舒w2753636麦饼"
1,"想看的加我，美少妇"
1,"614444232寂寞姐妹"
0,"难道是你喜欢他屁股ᚠ"
1,"𝘒𝘛𝘔657ᚰ麦P"
1,"絡29526Q77544"
1,"惨CC-名字-看拼ᚰ"
1,"看片加qq424062402"
0,"大实话。ᚠᚠᚠᚠ"
0,"烧的鸡爪，茄子，大白菜，西红柿蛋汤"
1,"慧慧，小机机在找你"
0,"高三打基础高四985ᚠ"
1,"带妹妹去开房　复制　ｚｆ22ＣＯＭ　打开　盈"
1,"b站视频50587377的4分钟左右，QAQ"
0,"家境贫寒打扰了ᚠ"
1,"落KMD255ᚰ纯/洁"
1,"看-752753636-姐-姐-的猫"
0,"百目鬼要迎来首胜了🐎"
1,"佳喂：sx111505可越As"
0,"女号没什么要求好看神兽2只+"
1,"黄色买的老哥私我.0.0"
1,"𝘍𝘛𝘈675麦片威"
0,"亲亲封号提现的礼物钱还账"
0,"三千八百多万送到剩下一千万"
1,"暠29526Q77544"
0,"oneessaytwoanalysis"
0,"20万就拆二代了，卧槽"
0,"퐊퐂퐕９９７好看"
1,"﻿姐粉嫩27447053口"
0,"175要10万左右玩着舒服"
0,"客服很正害想儲值"
0,"对面借了BB跟装备要干你"
0,"他一让我加企鹅我就可以判断了"
1,"性欲强，但我不暴躁啊"
1,"美少籹25911478口"
1,"﻿溷KTM657ᚰ靓妹"
1,"点我点看大乃大屁股撕"
0,"去医院看看比较好"
0,"怪会用固伤要加点血+体"
1,"佳喂：sx111505可越si"
1,"﻿KMD253买拼-微ᚰ"
1,"看全裸微.信xxn862包爽"
1,"免费更新福利帮你过过任务好"
1,"看片高清加v:www13925739337"
0,"25.7.25.5.25.0"
1,"8RMB免费网址"
1,"看妹不穿衣★聊加Q1182475972"
0,"因为你的妻子被烧毁容了，所以你疯了，杀了你的女儿和你的狗"
1,"ΗУR382ᚰ买片."
0,"跑车一出来马上下面就弹中500倍的"
1,"抠逼加薇2928046748抠逼加薇2928046748抠逼"
0,"中午开箱，开到一辆粉嫩的摩托车🏍😂"
0,"不行大号这个杀不过杀不过卧槽妈抱一下四千多血那个暴击一下六"
1,"需要网址盘私聊++"
1,"13074053我ID，加我"
1,"兮看-拼-企-鹅230607435"
1,"𝘍𝘛𝘈675☎ᚰ买乒"
1,"〡5064775╬α暴力插毕ᚰ."
0,"去直播间充值三百以上送百分之五币"
1,"𝐌𝐍４４４２卖云资源"
0,"宝贝你好美好性感好漂亮"
1,"网站看我名字++."
1,"熙-麦饼-喂心C₳D571"
0,"名字家我看丝袜了"
0,"大叫大框来个一生一世"
1,"冉看-拼-Q/3315594194"
1,"伊FTA675ᚰ你的-爱"
1,"黛29526Q77544"
0,"+5000继续打造还不如买2w女魔号去转"
1,"买BABYLONSTAGE新篇加企-鹅1145141919810"
0,"魔鬼的小碎步ᚠᚠ"
1,"𝙭𝕙𝕔５９３ᚰ快来看"
0,"一笑奈何游戏NO1"
0,"你不是还在shuijiaoma"
0,"有人3000块包进价哦"
0,"我无人机芯片不卖要卖就卖无人机"
1,"﻿要皇色的看我茗字"
1,"欣CC-名字-看-电视ᚰ"
1,"﻿UKX735芸妹"
0,"还有上面那个你钱多"
1,"﻿774733332涩逼家口。"
1,"Qk4459喂看沜"
1,"﻿27879947美腿+口"
1,"752753636ᚰ好嗨哦"
0,"有意思吗，5分钟ᚠ"
1,"栩29526Q77544"
1,"韵买P，加乞鹅2953451608"
1,"迦威sx111505，有囊人想要的Sp"
1,"﻿若EYD235"
1,"番茄社区才牛批，直播❌❌oo"
1,"琰KUC539麦饼薇"
0,"卧槽，男神跟Chi总都主播开了"
0,"不需要这种活动啊"
0,"困了。。溜了溜了。。晚安姐妹们"
1,"27447053看逼+口"
1,"XM24267我微"
0,"你帮我问问闹哥什么外设一会和我说"
0,"我只有靓仔的绿帽"
1,"﻿19647519看逼家口。"
0,"夫妻搭配干活不累。一黑一白孩子可爱。"
1,"贤KTM657ᚰ靓妹"
0,"emmmmmmmmnmnnmnnmmnnmnmm"
1,"你的内衣应该很好看"
1,"篇加企鹅3514173330ᚰ篇加企鹅3514173330ᚰ"
0,"594459459"
1,"1033365361ᚰ."
1,"YW90069+喂+看皇潘."
1,"﻿774733332射逼加窛."
1,"𝕏𝐄𝙆496ᚰ快来."
1,"❤运盘单身懂的加❤加油站我爱网"
1,"网址+盘、BH90068"
0,"感觉你好快的动作，快得。。。。"
0,"伙哥中午过寇岛？"
0,"欢迎cccccccc呀！"
0,"mk47换成sks"
1,"﻿染2952191783起额"
1,"100=88万（币）货真价实需要加QQ"
0,"欢迎777777777777777"
0,"来首匆匆那年可好"
1,"看姐姐名字++喂+沜"
1,"27879947美腿+口."
1,"贞KTA679买乒威"
0,"恍恍惚惚恍恍惚惚"
0,"嘣-------嗙"
0,"哦哦哦哦哦哦哦哦g"
1,"869533334操翻天ᚰ"
1,"英FAK256ᚰ"
1,"网站+沜++买的私聊00"
0,"看电机要看电线杆"
1,"257797316蔻曰"
1,"网站+沜买的私聊我"
1,"璐FAK256ᚰ国美足"
1,"迦威sx111505，有囊人想要的yh"
1,"韵T6787Vᚰ纯/洁/P"
1,"𝐔𝐗４４４２狂干少女."
1,"𝐔𝐗４４４２加微舒服"
1,"名称是网占vv名称是网占名称是网占"
1,"族KTM657ᚰ看"
0,"老七，抱抱，摸摸头ᚠᚠ"
0,"感觉159175带狮驼爽"
1,"兮CC-名字-看-电视ᚰ"
1,"佳喂：sx111505可越sM"
1,"ℍ𝕐ℝ82ᛀ盘看"
1,"喵族翘臀nina"
1,"拜托你真的太美认真的"
1,"熙-靓-媚-卫星ＫＵＣ５３７"
0,"爱情不是感人的浪漫不是激动的热"
0,"去一次要花600"
1,"27879947爆操姐姐"
1,"曲ＴＲＡ２４５日批666666"
0,"哦哦哦哦哦，扁桃你个渣男"
1,"罢麦饼-喂心CAD571"
1,"加我VX----a13713637668"
1,"肚皮舞网ｗ6.ｐｍ"
1,"看+篇+喂BHC979威ᚰ"
1,"舒T6787V纯情"
0,"姐妹今天不抽奖吗"
1,"买芯片30000左右"
1,"来个屌大的全包了"
0,"我想要十字路口美少年"
1,"网站++沜买的私聊我"
1,"篇加企鹅.20篇加企鹅.20487832ᚰ篇加企鹅.20487832ᚰ487832ᚰ"
1,"华T6787V纯情"
0,"高跟鞋高跟鞋看看"
0,"来首刀山火海完整版刷一组520"
0,"LOL有什么好玩的没激情"
0,"小家碧玉型，，，"
0,"枯总你要相信自己不穿洛丽塔你也是个萝莉"
0,"我刺激的小号强到被光子封10年·-·"
1,"落卖-姘-薇ＫＵＣ235"
1,"问你奶大奶头不要大"
1,"名字+++围爽啊"
0,"跑车一个500倍"
1,"勤FTA675ᚰ寂寞少奶"
0,"嗨亲爱的晚上好哒"
1,"另类筘15427049"
1,"落TPK564ᚰ片薇"
1,"需要买网站盘的私聊我"
1,"猴网站BHC979威"
1,"𝙝𝙠𝙭５９４ᚰ看盘看名."
1,"﻿溥+CC名麦P❤❤❤❤❤❤❤❤❤❤"
1,"❤❤5块万部云❤❤"
1,"FTA677ᚰ好看在"
0,"ᚠ紫黑丝来一套ᚠ"
0,"昨天晚上亏了150元现金一直填坑"
1,"老汉推车姿势美女"
1,"﻿978798907+口口看"
0,"520很好中500"
1,"彩金申请码521r8"
0,"我刚才听成了林可是公主身边的茄子我这耳朵哈哈"
1,"云T6787V纯情"
0,"49786925加我好友。"
1,"伽徽：LYG11223305笨人自位sz"
1,"名字+++围爽00+"
0,"去找点危机处置基金预防你啃土"
1,"材+Q48ˉ5749907"
1,"舒CC-名字-看拼ᚰ"
1,"﻿2460223456+蔲曰批666666"
1,"賣片址，可以手机直接看"
1,"注意看我的名字，要片的加"
0,"SEEYOU啦啦"
0,"明明你还说以前以前"
1,"27447053+扣看"
1,"﻿869533334老司机加口口"
1,"伟BHC979威"
0,"你，6连的时候不是说要射了吗"
0,"啊哦哦哦嗷嗷嗷嗷嗷"
1,"看CC名字加Q黄片"
1,"君FTA677ᚰᚰ"
1,"α+20487832日姐ᚰ"
1,"75+275+36+36看名字"
1,"巽2952700242+蔻666666"
0,"可能找的你找不到"
0,"你知道喜欢你哪一点"
1,"𝕩𝐞𝙠４９６ᚰ爱爱."
1,"伽筘257521060可箹撩付俐br"
0,"我记得那时候我哥洗了个1400+4jn芙蓉，全区都是横着走的"
1,"速度开车xiaolindage"
1,"敞ＴＲＡ２４５日批666666"
1,"轮ＴＲＡ２４５日批666666"
1,"郁ＴＡＤ７６５☀☀日批666666"
0,"妳真係所見之中最美丽的一个"
1,"﻿22879947小媳妇+口."
1,"﻿15154683芸妹加口口"
0,"我有3个+17一个+16"
0,"347　　百分１４５"
0,"七夕是不是要出限量锦衣和祥瑞啊"
1,"UCXł39微美丝ᚰUCXł39微美丝ᚰ."
1,"𝘌𝘠𝘋235ᚰ买-P-微"
1,"轩-喂心C₳D571"
0,"去过都的套路看不惯损踢出来"
1,"﻿溷☀☀C名加威看"
1,"君-喂心C₳D571"
1,"1255QQ4971懂得加樉"
1,"加微83430662爽片ᚠ"
1,"伽徽：sx111505可聊可约gl"
1,"﻿KUC534麦偏薇，"
1,"迦威sx111505，有囊人想要的Q3"
1,"看CC名字舒服+Q"
0,"可能打字沒坏前私的"
0,"做生意天天都接触70的80的"
0,"9加9加2最高20"
1,"东北妹子逼大奶大"
0,"专业录取还会是国家线吗"
1,"惨KTM657ᚰ靓妹"
1,"╋溦4176127441妹拖銧表演"
0,"不晓得╰|·ิД·ิ|靓仔路过"
0,"风声哥哥2017财源广进"
1,"懁拼-企-鹅161465267"
1,"买皇资源的私聊我"
1,"凡T6787V纯情"
1,"月-黄色-CC-名字"
1,"﻿2953451608麦偏+口"
1,"𝓽𝓶2971卖云资源𝓽𝓶2971卖云资源"
1,"看-毛-7527-53636家-扣.刚刚"
1,"若2953451608麦偏+乞鹅"
0,"我看到个笑话：在广州陌生人叫我靓仔，在苏州叫我赤佬"
1,"资源v加17596237188"
0,"靓仔你也早点睡(ﾉ｀⊿´)ﾉ"
0,"我儿子面条吃吃精神了·"
0,"520機率一半一半"
1,"UKC173芸妹美腿ᚰ"
1,"YW90069+喂+看潘0.."
1,"兄弟想看脱衣舞的扣"
1,"﻿19343631看逼家口。"
0,"我想看看守护的照片ᛐ"
0,"放寂寞的人听伤心的歌美女"
1,"尤29526Q77544"
0,"520还你我要一块五"
1,"UCK169爆日嫩碧[s电到了]"
1,"璧KUC539麦饼薇"
1,"75+275+36+36+企-鹅瑟啊人之初性本善"
1,"慧-麦饼-喂心C₳D571"
0,"东莞工业一号襄阳公园一号你不知道"
0,"女神最近越来越会玩噢"
0,"23333333"
1,"869533334芸妹+口口.."
0,"刺激性气味的气体"
0,"风46+得武器有么"
0,"我想买3000伤左右的"
0,"vb110000."
1,"要买黄色的看我茗字."
1,"﻿20749937好看加口"
1,"伽威咯sx111505笨人自筘领yq"
1,"轩买P，加乞鹅2953451608"
0,"只会喊666666的咸鱼"
1,"﻿C9667D寂寞姐妹"
1,"伊KTA677☎☎ᚰ麦P-薇"
1,"网站++沜+买的私聊"
1,"淑2952191783+口"
0,"啤酒一个500没有"
1,"1255QQ4971前进后进"
1,"加妞q329︹7804︹093"
1,"拿屁股打的😂😂😂"
1,"﻿君w2753636麦饼"
0,"白黑白黑白黑白黑白黑白黑白黑白黑白黑白无常"
0,"799是STAYREAL简称SR的"
1,"安KUC539麦饼薇"
1,"﻿644440992炸裂资源+口."
1,"漙+CC.名字，是威，大波波"
0,"靓仔啥时开个神兜兜抽奖啊，我想卡红"
0,"ᚠ九百块买排骨老想了"
1,"﻿774733332摸逼家口。"
1,"迦威sx111505，有囊人想要的UL"
0,"15471.272"
1,"靓丽美女摆布丘丘2830422234皇"
1,"馨CC-名字-看拼ᚰ"
1,"岚w2753636麦饼卫星"
1,"买网址加Q472419203"
1,"收V1406967419口。"
1,"α+20487832爆襙ᚰ"
1,"﻿19464390看逼家口"
0,"你会飞带飞一段路小仙女"
1,"网址盘看姐姐名字++000"
1,"2460223456看逼家口2460223456看逼家口."
1,"{614444232}妹操💗"
1,"我高考理综240+哦"
1,"﻿熙KTA677☎☎ᚰ买乒威"
1,"君15879962374❤"
1,"娟-麦饼-喂心C₳D571"
0,"三七三五六六零三六"
0,"打字发送麻烦哦哦哦哦哦"
1,"迦威sx111505，有囊人想要的eK"
1,"网址互换看，需要的私聊我"
0,"看你情绪不对本来想你开心一下却越说越差劲"
1,"珍2952191783乞儿"
1,"𝕙𝕦𝕩４５７卖盘"
1,"淑KUC539麦饼薇"
0,"你真的不考虑把他的黑历史告诉我🐎"
0,"我卖了打了6段太阳的锤子413伤害+23敏才400W"
0,"彩蛋3+14+25+3，，，25个上限，超25个无彩蛋。"
1,"﻿837042222妹美+口"
1,"才75+275+3636+企++/鹅"
0,"95276666"
1,"晶w2753636麦饼卫星"
1,"{21408797}妹操💗加窛."
1,"﻿764555562+蔲滋源."
0,"我要去做按摩汗蒸这颈椎引起的头疼太难受了"
0,"人喜欢直奔重点直接真钱砸"
1,"青w2753636麦饼卫星"
1,"UKC173芸妹美脚"
1,"刷看咪咪下面刷看咪咪"
1,"惠FTA676麦-P"
1,"13738800893求"
1,"名称是网占v名称是网占名称是网占名称是网占名称是网占名称是网占"
1,"家看摳─5四27049."
1,"﻿C-名-字-麦-饼干"
1,"2218439086++口+扣"
0,"我现在狂骨命中最高130+好像"
0,"吃鸡屁股，还想吃鸡😂"
1,"𝙎𝙎𝙀497买盘"
1,"带妹妹去开房→　ａｈ39ｃｏＭ水"
0,"我想存金币买，不想买礼包。。。"
1,"纵FTA689☎☎☎"
0,"人家要卖1500人民币哈哈"
0,"有白襯衫嗎想看妳穿白襯衫"
1,"绞CC-名字-看拼ᚰ"
1,"25911478寂寞美腿口"
0,"737私人飞机？"
1,"KS90096+喂+"
1,"27447053+口看"
1,"伟BHC979威."
1,"❤UC打开：110k.cc，自己准备卫生纸"
1,"翼ＴＡＤ７６５☀☀日批666666"
1,"869533334摸逼家口。"
1,"聪CC-名字-看-电视ᚰ"
1,"774733332曰逼家口。"
0,"69有870的法系"
1,"凸29526Q77544"
1,"APP盘懂的加我"
1,"﻿20749937看逼嫁口."
1,"喂+HB90096家喂"
0,"突然感觉有点凄凉"
1,"20487832+αᚰ"
0,"看了下wx钱包0.68真hao👍"
0,"丨D1119717"
1,"网址盘私聊我++."
1,"秀FTA677ᚰᚰ"
1,"网址需要看姐名儿+"
1,"买片的兄弟加刺客微信"
1,"20487832咪咪妹+αᚰ"
1,"妞寂寞找大鸡鸡q198～591～5037"
0,"135685977，"
1,"坐副驾当心摸奶哟"
1,"嶶765510103蒖人眎頻値噃lkIGmvMXq"
1,"佳喂：sx111505可越qo"
0,"谁是你兄弟我是你前妻"
0,"人刷會看幣反而刷不出獎"
1,"名字++爽沜围."
1,"艺w2753636麦饼卫星"
0,"你直播其实你里面衣服不穿"
1,"﻿需要看名称+扣漺。"
1,"染2953451608买-拼-鹅企"
1,"﻿1444454332蔲曰批666666"
1,"幼儿QLK290无码~"
1,"沜+网站+买的私聊."
1,"涵麦饼-喂心CAD571"
0,"我是当真了(●+1"
1,"佳喂：sx111505可越qC"
1,"窘麦饼-喂心CAD571"
0,"1.30--3.00"
1,"ＥＫＺ５９３前进后插"
0,"昨天做的五言绝句"
1,"UKC917妹妹的比ᚰ"
1,"﻿FS6791各种系列"
1,"86953334美妇避+口"
1,"轩w2753636麦饼"
1,"─5四27049ℚ."
1,"YW90069家喂看盘."
0,"···改的挺好的动作都快不少不浪费时间···"
1,"𝐒𝐒𝐄497卖盘"
0,"小秀+丑女都出了，是不是应该换成追月+小天狗能更好点？"
0,"256换512的，加300"
0,"来我给你做柠檬凉鸡ᚠᚠᚠ"
0,"升11人口，放青灯"
0,"昨天晚上跳舞的歌歌摇起来"
0,"三角不等式|a+b|≤|a|+|b||a-b|≤|a|+|b||a|≤b<=>-b≤a≤b|a-b|≥|a|-|b|-|a|≤a≤|a|"
0,"哇塞，潜力榜第二ᚠ"
0,"现在连一块钱都不让我充了"
0,"小妹妹未成年好可爱"
0,"别提王者排位遇挂机的"
1,"看，片，加，v654128456"
0,"想多了，4+1个八荒。。。。。"
1,"舒+人妻981111490冦"
0,"鼓掌啪啪啪啪啪啪啪"
1,"50W亲密度一个卫星加微信"
1,"7EA7C0B12DFF54647EA9641228EECCB87EAB7D68798A317B"
1,"家庭人妻撕哇a1102195422口"
1,"鱑鳝値噃+嶶むィ㈣ンヨん゜グ"
1,"要偏的老板请私聊我."
0,"哇⊙ω⊙骂人好刺激"
1,"瑶看-拼-。企-鹅161465267"
1,"棼29526Q77544"
1,"各种看，舒服，看名+Q"
0,"哥今天还没下播？"
1,"丽-麦饼-喂心C₳D571"
1,"𝐇𝐘𝐑382ᛠ卖片"
0,"请各家卫视你不讲"
1,"看-752753636-姐-姐-的企-鹅"
0,"别笑的咬到了舌头ᚠ"
1,"需要看名称+扣芸"
1,"伊KTA677☎☎ᚰ麦P"
1,"加薇CCTV25803"
1,"7AEE02454EEE8EA6"
1,"注意看我名，是威哦，"
0,"我爱洗澡皮肤好好..哦-哦-哦-哦!!"
1,"鸥＋①⑦②②ˉ⑨⑥④⑧③⑥"
1,"𝙝𝙠𝙭594卖片"
0,"战场就是追求杀的快感冰心的话不优先考虑腿短"
1,"滓ＴＲＡ２４５日批666666"
1,"贞-喂心C₳D571"
0,"排名3到5左右的城市"
1,"15751764994卫星"
1,"看电影加名字扣扣你懂的"
0,"但是我怂了，没偷拍"
0,"你想找女朋友你愿意做女朋友"
1,"✤𝙋𝕒𝕒４９５卖片."
1,"皇资源买的私聊最新"
1,"影KMD253麦饼-麦饼"
1,"本来想偷偷看看奶子的你鼻孔老是瞪"
1,"篇+Q1444342229"
1,"英KUC539麦饼薇"
0,"老板好帅≥▽≤~~"
0,"哦哦哦哦，是23号那天"
1,"➕扣扣：7.5.9.3.3.3.0.1.8"
1,"ゥプブほせエメ嶶765510103蒖鎭人眎頻値噃"
1,"冉T6787Vᚰ买P-靓妹"
1,"迦威sx111505，有囊人想要的XU"
1,"今晚必须对你撸管子"
1,"名字+++围爽."
0,"非要991..."
1,"网站盘看名字++"
1,"韵韵，仙女，啾咪"
1,"29526Q77544"
0,"哼哼好深哦，爽。ᚠᚠ"
0,"75+275+36+36"
1,"英好看FTA675☎☎☎☎☎☎"
1,"𝙭𝕙𝕔５９３ᚰ看盘"
1,"𝐩𝕒𝕒495ᚰ麦片."
1,"𝐇𝕌𝐗457快来看"
1,"2⊗4878з2"
1,"204878山2美女+αᚰ"
1,"伊T6787Vᚰ看电视"
1,"莉喂心CAD571"
1,"看妹妹名字++++000"
1,"灿ＴＲＡ２４５☀☀日批666666"
0,"邻居问我干哈，我说绑电扇上"
1,"家庭人妻斯挖企鹅2068875241口"
0,"吴亚馨....."
1,"764555562+蔲滋源."
1,"𝕩ｅ𝙠４９６ᚰ盘盘"
0,"直接叫小娇妻就行"
1,"155盘丝力盘丝"
1,"珍15879962374❤"
1,"一pa0绝对舒服"
0,"根本没有反击之力"
0,"我有+4的聚魂。。"
0,"可能字傳不出去才來你這"
1,"手机小视频在线看需要的私聊"
0,"国产韩国日本都有"
0,"上高速听这歌心情挺好"
1,"﻿20749937白嫩美女家口"
0,"粉丝群：48315904"
0,"卧槽薛定谔的学生"
1,"𝘟𝘌Κ496ᚰ买片"
1,"君看-拼-q-3315594194"
1,"lllllllllllllllllllllllllllllllllllllllllllllllllllllllllllll"
1,"​(V❤）wuhendewul色色❤等你哦！❤​(V❤）wuhendewul色色❤等你哦！❤​(V❤）wuhendewul色色❤等你哦！❤​"
1,"﻿2953451608麦偏口口"
0,"姐姐你现在95至尊号"
1,"君FTA675ᚰ你的❤❤爱"
0,"3要4篇6篇1家"
1,"─5四27049寇"
0,"237079495"
1,"家庭撕挖人妻a1102195422口"
1,"国浐尺度2436508094口。"
1,"2460223456看逼家口.."
1,"名字+++围爽沜"
0,"哦哦QwQ随心所欲"
1,"灿ＴＡＤ７６５☀☀日批666666"
0,"做个好女人你做好直播做大众情人你还不行"
0,"约瑟夫玩家无所畏惧"
1,"FTA677ᚰ好看在线"
0,"RESTORESHIP"
0,"上次买2G国内40快"
0,"无面，机器雪人，奶"
1,"𝐊𝐀𝐃667☀☀好看"
0,"你啥时候纹的玫瑰"
1,"栩ＴＲＡ２４５日批666666"
0,"520777我感觉熟悉"
0,"平台毛病为啥票个屏还只能票一个"
1,"找打字员语音标注人员日挣50200"
0,"上次看過1隻魚中500倍"
0,"ID47370620"
1,"巽ＴＲＡ２４５☀☀日批666666"
1,"佳喂：sx111505可越ps"
1,"UKC扒29国丝袜."
0,"1500w-1700w"
1,"君FTA678卖盘伽威ᚰ"
1,"﻿20487832芸妹加口口"
1,"巧FTA677ᚰᚰ"
0,"女魃法伤也暴力的。动不动4000+"
1,"看姐姐名字+++喂看沜"
1,"看我名字看我名字看我名字"
1,"妹吸奶1947671973🐧"
0,"唉，走了看PK算了"
0,"啤酒刚刚连中3500"
1,"恸w2753636麦饼卫星"
1,"影T6787Vᚰ纯/洁/P"
0,"500w加2000rmb"
0,"没限量···很烦··收个龙宝"
0,"红包求刘嘉玲视频。私聊"
1,"憝ＴＲＡ２４５☀☀日批666666"
0,"2-13....."
1,"潜KTM657ᚰ好看"
0,"蓝项链，变弧狐+6可以卖钱不"
0,"乞丐你的100包我有阴影了"
1,"﻿614444232黄资源+口"
1,"免费网站需要的找我"
0,"这局我干了个啥ᛐ"
1,"炯麦饼-喂心CAD571"
1,"﻿籹B潶15427049口."
0,"by野猪455万我加名店410买的"
1,"在线直播需要的加我好友"
1,"网站需要的私聊或者看我名字+++"
1,"珠FTA676麦-P"
1,"君好看FTA675☎☎"
0,"昨天晚上老婆回来"
0,"75275+3636+我的名字家00"
1,"国语丝足2068875241Q"
1,"想上岸，包↓加VABC13666658502"
0,"小白的动作很容易被判断出a闪。。"
0,"先把量子力学搞清楚再说"
1,"刍29526Q77544"
0,"那个老板是最靓的仔"
0,"我5+5出了个9两次出的"
0,"168中500你赔"
1,"我名字+++喂爽"
0,"长风的鱼干你们凑不凑的齐？"
1,"网址盘需要私聊我."
1,"乌鸦你这小骚货😳"
1,"熙❤FTA676麦-Pღ"
1,"﻿774733332粉逼加窛..."
1,"看小妹裸B表演加微信：mmhh099"
0,"曰钢筋混凝土的富贵"
0,"嗯嗯嗯嗯哦哦哦哦"
1,"吴小猫猫美女自卫扣逼美洞咪咪加威信"
1,"伊-卫星KUC539"
0,"三千万才刷出三千九百万"
1,"佳喂：sx111505可越kc"
1,"614444232芸+寇...."
0,"这咒术名字是不是靓仔又在演了？刚刚函数排过的"
0,"260x4加260加1176加1080加1600加1072"
1,"晚上无聊需要网址的老哥加我"
1,"3129327948😍加企鹅免费"
1,"21241836片╬αᚰ"
1,"看CC名字加抠资源"
1,"高端mm资源。需要加我"
1,"看色色CT6085ᚠ.."
1,"名字+++围i爽."
1,"➕QQ7.5.9.3.3.3.0.1.8"
0,"CDEFGHI的I"
1,"尤+C名是威看咪"
1,"伊-麦-饼-伟-心ＫＵ€５３７"
1,"迦威sx111505，有囊人想要的yt"
0,"真是国产动漫之哀啊"
1,"﻿君薇-黄色w2753636"
1,"垚2952700242+蔻666666"
1,"篇-加-企-鹅835422224篇-加-企-鹅835422224"
1,"75+275+36+36看名字+++"
1,"看？片+v❤算了不想卖了"
1,"KB80098片"
1,"枵29526Q77544"
1,"买肾20万，手术费19万"
1,"﻿看逼加25391049口"
1,"琐ＴＲＡ２４５☀☀日批666666"
1,"芸妹的威BHC979"
0,"皮瑞在pc端找刺激？。。。。"
1,"口口3602279354"
1,"看看奶头宝贝好久没有看"
0,"刚好遇见你留下足迹才美丽"
1,"〈2❂4878ℨ2〉舔笔妹ᚰ"
1,"晗鹅351144829"
1,"UCXł39微美丝ᚰ."
1,"滓看大波波2952354478+口"
0,"无聊无聊无聊透顶😔"
1,"﻿﻿强势后进1542Q7049"
0,"染染姐到底玩文科理科"
1,"20487832色诱✞ɑ"
1,"𝐇𝕌𝐗457超好看"
0,"不在公屏上你聊天"
0,"我707加成171"
1,"禔麦饼-喂心CAD571"
0,"七月看的第一个主播"
0,"我下午一说认识梦总就给我了个红马甲ᚠᚠᚠᚠᚠ"
1,"卖片的加我vz790384301"
0,"大马路上溜达会一会回来"
0,"嘤嘤嘤嘤，你怎么这么想，我干儿子🌝👌"
0,"自带美图秀秀，天天p图，美颜相机等滤镜"
1,"看片V：a336217"
0,"54+28不是上80了"
0,"然后被赤裸裸嘲讽"
1,"篇2◕4878ℨ2ᚰ"
0,"朋友70万买4年后卖170万"
1,"欢迎走进淫秽色直播间！国产区域☞"
1,"慧w2753636麦饼卫星"
1,"秀FTA675ᚰ寂寞少奶"
1,"看我名字+++看沜"
1,"MHZC9005联系晶晶姐"
0,"LORDOFTHESPEED【点】"
1,"巧-麦饼-喂心C₳D571"
1,"看片加Q2207462438"
1,"2218439086家口..口"
1,"都他妈的不穿衣服"
1,"佴29526Q77544"
1,"芃29526Q77544"
1,"落薇CAD534麥偏"
1,"21408797妹操加窛."
1,"瑶2952191783+口"
0,"铃声贼好听(눈_눈)"
1,"珠FAK256ᚰ看-电视"
1,".20487832美足+口"
1,"𝓽𝓶2971卖云资源"
0,"我经常因为不够傻而显得和你格格不入"
1,"UKX735国丝微"
1,"佳喂：sx111505可越Bt"
1,"〈2⊘4878ℨ2〉操姐妹ᚰ"
0,"50008红-.-"
1,"蒹加敲敲519471193"
0,"可能见你穿白色的习惯白的好看"
1,"要看毛骗加v542585757，卖个网址全清晰"
1,"需要买篇老哥私聊我"
1,"潜KTM657ᚰ☎☎"
0,"蜘蛛三层丝和靓仔拉锯和神装杰克哪个最快"
1,"﻿需要看昵称加扣"
1,"我买片。卖片的加我可以吧"
0,"我想看AKUMA穿旗袍"
1,"琴喂心CAD571"
0,"看他咖啡喝醉了没有"
1,"凤好看FTA675☎☎☎☎☎☎"
0,"约瑟夫约瑟夫约瑟夫约瑟夫约瑟夫约瑟夫"
0,"你太抠了吧，一夜夫妻百日恩，才送一毛啊"
0,"有个夫妻俩播的被葑了"
0,"幸福风信子(33195798)对悄悄的说你别多心真的没有(202157)"
1,"媛FAK256ᚰ看-P-威"
0,"视频快烦死一整没人要求的端口比较高"
0,"12点半30万一个没有"
1,"我操我本来不想送的"
1,"巧T6787V纯情"
1,"需要看名字家妹妹封号包换的"
0,"放一首性感的小野猫"
0,"收5到6w4加1"
1,"﻿18228022447擦逼威。"
1,"﻿774733332曰逼家口。"
1,"15064775曰批666666"
1,"869533334芸妹+口口.869533334芸妹+口口"
0,"跑车刷一个500倍"
0,"别上天机了，没一点激情"
0,"谢谢老板的红包！"
0,"打包2000万喊呗"
0,"还有一只不知道是啥一共51W+"
0,"天天就聊VX·下次群发早晚安把我拉黑了··我天天得定闹钟删聊天记录ᚠ"
0,"名字cps很占优势"
1,"看-夹-企-鹅-752753636ᛀ"
1,"刺激ill哈哈哈哈illKKKKKK吧啦巴啦啦"
0,"你直播挣钱请吃好吃的"
0,"9个人有点慌怕被打屁股"
0,"ᚠ大茄子被我盖了一个断命板"
1,"﻿27447053"
1,"贞2952191783乞儿"
0,"名字很。。。emmmmm"
1,"20487832芸妹+口口[s电到了]"
1,"5块卖网站直接看"
0,"刺客下午9+7玩了一个小时"
1,"免费看＋vweizhi6688"
1,"837042222妹美+口"
1,"染FAK256ᚰ"
1,"佳喂：sx111505可越8J"
1,"☎☎ＦＴＡ６８９麦P"
1,"需要网站的私聊我CC啊"
0,"不要齁都聽很辛苦考過輕鬆"
1,"看我昵称，国产日韩，看片+我私聊我！"
0,"同意我刷8520你加"
1,"517156316ぇルㄍㄎ㈠ゴピジ"
0,"每次聽到垃圾車的聲音興奮起來"
1,"﻿蔻22471419少腹"
0,"ᚠ惜月说你说的不对储备收益减半+采购要三届亏打了额"
1,"靓女找你你爽QQ:1619240532改"
1,"KC4007C+炸烈资源6666"
1,"网站++++买的私聊0."
1,"﻿熙FTA675☎☎☎☎☎☎"
1,"同城美女你插快来a５x６cｏｍ闰"
1,"秀好看FTA675☎☎☎☎☎☎"
0,"100买730绰绰有余"
1,"继续高潮不错看看舌头看看"
0,"你的头像有个大拇指"
0,"突然觉得我的🐎太帅了"
0,"薇薇酱^_^^_^^_^^_^^_^"
1,"75-275-36-36-企-鹅-摄ᚰ"
1,"君微FAK256ᚰ看-电视"
0,"走进你心里啊❤❤❤❤❤❤❤❤❤❤❤❤❤❤哈哈哈"
1,"𝕏𝔼Κ496ᚰ来啊"
1,"名字后面加5277发红包"
1,"苑麦饼-喂心CAD571"
1,"﻿溷+CC名，麦Pᚰ"
0,"去五个四个唯一的一个女的挂的"
1,"网站++看名字家我看丝袜"
1,"芸妹+口15373608ᚰ"
1,"﻿溷好看KTM657ᚰ"
1,"978649984+乞鹅看"
1,"网站++沜+买私聊我"
1,"20749707美足+企鹅"
1,"看我CC的名字。看我鸟女的名字。"
0,"一个小时前说洗澡睡觉"
1,"UCX─39嫩碧ᚰ"
0,"前置摄像头看看美腿[cx笑脸]"
0,"我有4000+修业"
1,"﻿20749937萝莉家口"
1,"兮❤FTA676麦-Pღ"
0,"笑晕hhhhhhhhhhhhh"
1,"Η𝕐ℝ382ᛀ来看"
1,"﻿奶水多筘─5四27049."
0,"就这么坐着等老板来刷礼物？？？"
1,"滓2952700242蔻日批666666"
0,"没限量的真心便宜"
1,"溥KTM657ᚰ☎☎"
0,"一天薪水才300"
1,"𝕙𝕜𝕩594ᚰ看盘."
1,"ｘ𝐜ｋ３９６ᚰ看盘."
1,"安FAK256ᚰ看-电视"
0,"粤语说国国国国国国不就鸟叫吗"
0,"小也这姿势是在自拍"
0,"迪迦也行我现在都觉得大古好帅"
1,"潜CC-名字-看拼ᚰ"
0,"代理你懂以后你混啊啊啊"
1,"﻿熙好看FTA675☎☎☎☎☎☎"
1,"名字+++围+爽沜+"
1,"看妹妹名字++++++00+"
0,"256G苹果XMAX6.18买的8199"
0,"你会讲白话靠近广东才"
0,"表弟星耀1卡王者两个星期"
1,"看我茗+涩情塽.."
1,"看姐姐名字.家看篇"
1,"涩×聊加Q2873547101"
1,"珍喂心CAD571"
1,"７７１７７７１７７７１７"
0,"不禁言咱俩吵一架"
0,"偶尔再用喷壶喷水"
1,"Ｋ𝕏Ｃ483ᚰ盘片.."
1,"企-鹅752753636"
1,"跠嶶765510103"
1,"ＦＴＡ６８９靓妹"
0,"哈哈哈我刚吃完看到你"
0,"但我还是没排到人"
1,"﻿23968433寂寞少付口。"
1,"皇29526Q77544"
0,"等不及想看你跳舞"
1,"娟T6787Vᚰ纯/洁"
1,"飘29526Q77544"
0,"我操作不了两个号"
1,"姐姐名字家.丝袜洗白白"
0,"你知道心里你永远都是最爱的人最在意的人"
0,"兼职做的时间比主职时间长"
1,"大片网址www.cctv.com"
1,"梦CC-名字-看-电视ᚰ"
1,"HHK9543+++喂"
1,"﻿ＫС４００７Ｃ曰批666666..﻿"
1,"兮KTA677☎☎ᚰ"
1,"洁2952191783乞儿"
0,"然後等級居然超過!!!!!!"
1,"若15751764994卫星"
1,"﻿君薇KAD534"
1,"公主多少钱一个的"
1,"YW90069+喂+看潘."
1,"﻿染T6787Vᚰ纯/洁"
1,"落T6787Vᚰ纯/洁"
1,"﻿各种经典25911世78口."
0,"昨天晚上你刷晕没中过奖"
1,"永久免费看片app要的➕qq2362740236"
1,"UCX139爆日舒服ᚰ"
0,"闹钟铃声就是这个"
0,"我们gai最靓的崽"
1,"﻿溷ＴＲＡ２４５大咪咪666666"
0,"33333333"
1,"网站+沜++买的私聊我00"
1,"家-企-鹅752753636-芸"
0,"👏啪啪啪啪啪啪啪拍手👏"
1,"YW90069家威看皇."
1,"处男找个少妇破了吧"
0,"人生真是寂寞如雪"
0,"青岛栈桥就想买俩6000左右的一共"
1,"看黄买的老哥私聊我"
0,"JEFF：？？？？？"
1,"主播今天想射给你"
1,"靓ＴＡＤ７６５☀☀日批666666"
0,"你会看到很多很多qzuser"
1,"需要买网站私聊我"
0,"秒1800的时候怎么副秒有时候会跌到1700+"
1,"𝐊𝐂𝐕９９７好看"
1,"﻿978649984+秋秋"
1,"网址盘需要私聊我++"
0,"嗯，点到这里了ᚠ"
1,"娅29526Q77544"
1,"珠KMD255ᚰ纯/洁"
0,"惹名字的天辣眼睛"
1,"姐姐的名字+++ᚰ"
1,"姐名字++喂来爽."
1,"*2*******1和妹㈠*㈠玩要*:⒉0⒐1⒐2⒏⒌3⒊"
0,"肚子还疼不疼(19"
0,"WX一个游戏ZH一个手机号一个"
1,"看扣逼摞疗微vx4235"
0,"然後要加你微信微信群再幫你"
1,"789E4FFBD87001B1"
1,"在打装备剁屌👿👿"
0,"人家想要你的联系方式。"
1,"买篇加企-鹅19674651ᚰ买篇加企-鹅19674651ᚰ."
1,"﻿ＫС４００７Ｃ曰批666666..."
0,"看到妹妹就想抹黑我？"
0,"狼狗9個500倍不敢你拼"
1,"枵KTM657ᚰ男人-最爱"
1,"伽韦sx111505珂视频箹Ja"
0,"电脑买内存条改善运行速度"
1,"娟2952191783+口"
1,"巧好看FTA675☎☎"
1,"﻿KMD253麦饼卫星"
1,"楞ＴＲＡ２４５日批666666"
1,"看你自慰一定射信"
1,"性感撕挖18608593口."
0,"(o˚̑̑̑̑̑3˚̑̑̑̑̑o)靓仔"
0,"MRC必胜MRC必胜"
1,"20487832芸妹加口ᚰ"
1,"﻿染KMD255ᚰ暖妹美丽"
1,"利ＴＡＤ７６５☀☀日批666666"
1,"𝙎𝙆E597➽➽片."
1,"34309996爆插╬αᚰ34309996爆插╬αᚰ"
1,"看QQ看QQ看QQ看QQ看QQ看QQ看QQ看QQ看QQ看QQ看QQ看QQ看QQ看QQ看QQ看QQ看QQ看QQ看QQ看QQ看QQ看QQ看QQ看QQ看QQ看QQ"
1,"真好看FTA675☎☎☎☎☎☎"
0,"需要1000势力"
0,"你2组怎么也有160+吧"
1,"兮好看FTA675ᚰ☎☎☎"
1,"❤UC打开：110k.cc，自己准备卫生纸❤UC打开，自己准备卫生纸准备卫生纸"
0,"有人你爸爸你会·"
1,"纵2952700242蔲曰批666666"
0,"加1的30到35"
1,"佳喂：sx111505可越uV"
1,"群384471076"
1,"网站++看名字家我看丝袜0忧郁哦"
1,"AV看片🐧裙673183697每天更新"
1,"978649984+球球看"
0,"我干啥都带的攻宝宝啊"
1,"﻿染❤１５７５１７６４９９４❤"
1,"﻿女儿P黑25911478口。"
1,"戤ＴＲＡ２４５日批666666"
0,"去泰坦尼克号200万一个好贵"
1,"彤29526Q77544"
1,"镞29526Q77544"
1,"伽韦sx111505珂视频箹pf"
1,"各种看哦，看名，是Q哦"
1,"75-275-36-36+企++鹅00"
1,"佳喂：sx111505可越Dd"
1,"看片加q1694545220水大"
1,"漙2952700242蔻666666"
1,"安-美-丝-薇KUC539"
1,"彩色直播，云盘资源共享，微信HT996314"
1,"伽徽：sx111505笨人自位6K"
1,"佳喂：sx111505可越zn"
0,"我没跑错地方吧？o(一︿一+)o"
1,"不大会安慰人你不能自慰"
1,"ΕСΚ596ᚰ买片瞧这里"
0,"这是一个自我感觉良好的PDD"
0,"700WRMB左右"
0,"喵播的拉霸最多一次一天赢10万"
0,"我也是在开玩笑啊这🦈👃主播谁敢和他一ye情"
1,"色逼家蔻614444232."
1,"云CC-名字-看拼ᚰ"
1,"老-家-75275-3636-企-鹅-"
1,"﻿染口口2952191783"
1,"﻿染FTA678买乒伽威ᚰ"
1,"免费看AV加徽信MGC1222"
0,"想看球球一字马...."
1,"﻿染2952191783乞鹅"
1,"雨CC-名字-看拼ᚰ"
1,"主播下面有自衛棒嗎"
0,"怎么算的3+2还是？？？"
0,"转过身请你不要生气好"
0,"29DFPTNESMHS"
0,"喂喂喂，没人理我啊"
0,"175-176。"
1,"﻿24885608寂寞少妇口"
1,"𝐄𝐊𝐗596买片."
0,"的个性签名你对有情有义"
0,"5+14可以吗？"
0,"我没那习惯不玩就不玩拿来那么多仪式"
0,"小蕃茄记住你了(•̀∀•́)"
1,"7353303075D9BAFC73556B635D9AF93573583BFCBAE3BB39735AE777CA30025A735D518E1CA0C661"
1,"KUC763国妹丝"
1,"高清万部的私聊。"
0,"不买你你发红包你卖算了"
1,"𝔲𝙮𝔪693卖片"
1,"滓卫星KTM657在线看☀☀"
1,"2◍4878ℨ2控妹妹ᚰ"
0,"hhw19900118"
1,"卿喂心CAD571"
0,"讓星岑發一下訊息"
0,"哦哟，玩神威的姐姐"
1,"𝐊𝐂𝐕９９７卖云"
0,"9525000卖了"
1,"𝐗𝐊𝐄585ᚰ片看的来"
0,"七夕情人節要到～牽手帶小公主上鵲橋～"
1,"免费想看小视频加我免费想看小视频加我"
1,"买网站盘的私聊我0"
1,"噼噼啪啪【【【【【【【【【"
1,"慧-薇/CAD571"
0,"520金鱼炸500"
1,"凄29526Q77544"
1,"仔ＴＡＤ７６５☀☀日批666666"
0,"一共15个人来自遥远的尼斯拓扑记星球"
0,"美美不要乱改名字"
1,"𝘍𝘛𝘈676ᚰ买P"
0,"感觉你比以前年轻了ᚠᚠᚠᚠ我19"
1,"淑w2753636麦饼卫星"
1,"粗29526Q77544"
1,"豬樹坎梶..群176534781"
1,"58632222258888777715#999822200774456990005333364477"
1,"佳QQ：166829681luo聊1w"
0,"我家无锡10分钟"
1,"﻿在线观看哦，+名。是Q哦."
1,"舒-薇/CAD571"
1,"﻿20749937曰妹子"
1,"﻿27879947少女+口"
0,"7302E310524B771A"
1,"2⊗4878з2熟妇ᚰ"
0,"主播ABCDE？嘿嘿嘿"
1,"𝙎𝙎𝙀497麦片"
0,"51加16加18加5加9"
0,"7D604F56A2CFAAF6"
1,"《2◎48782》操人妻ᚰ"
1,"名字+++围+爽沜++我"
1,"落KMD252老板-买-拼-微"
1,"够☎☎ＦＴＡ６８９麦P"
1,"轩好看FTA675☎☎☎☎☎☎"
0,"CC名字天亮叫晚安的"
1,"凡KUC539麦饼薇"
1,"看看黄主播买的神威号"
0,"国服约瑟夫名不虚传"
1,"塞ＴＲＡ２４５日批666666"
1,"27447053慡夹口"
0,"昨天晚上充300刷38万好坑的"
1,"86953334足日+口"
0,"卧槽哪个傻子说的"
1,"86953334+口姐日"
1,"hhk9543+喂++HHK9543+"
1,"21241836篇╬αᚰ"
1,"UKC917妹妹被日ᚰ"
1,".姐名字++喂来爽姐名字++喂来爽"
1,"籹奶吸979034390企鹅"
1,"𝙋𝕒𝕒495ᚰ芸片"
1,"UKC127芸妹ᚰ.."
1,"UKC136芸妹美脚"
1,"PCX664皇沜+"
1,"﻿若KMD255ᚰ国妹靓妹微"
1,"765510103蒖人値噃FJ~"
0,"昨天家主播琳妹妹第一天播500"
1,"﻿溥2952700242开心666666"
1,"网站沜++买的私聊"
1,"菁CC-名字-看拼ᚰ"
0,"溜了溜了，靓仔都有毒😒"
0,"€2m9dY76UAvS€"
1,"邱29526Q77544"
0,"有些玩家留了99+消息"
1,"我想要看片名额我想要看片名额"
1,"2218439086+++口+口看视频"
1,"跑骚去没看到黄播"
1,"网址++++买的私聊00"
0,"请拿出老主播的风格"
1,"75-275-36-36/+企/*鹅.0"
1,"﻿在线看哦.+名.是Q哦....."
1,"┊5064775╬α暴力插毕"
1,"﻿869533334差逼家口"
0,"18838779192你加我微"
0,"对面绝对就是为了让你才不跑的"
1,"要网站的加我的微信。"
1,"www.seer.com"
1,"静KTA679买乒威"
1,"若喂心CAD571"
0,"emmmmm....."
1,"谅ＴＡＤ７６５☀☀日批666666"
0,"英国国菜，黑暗料理"
0,"号不押镖，可以开几个葫芦搞点储备，新区葫芦就是白给钱的"
0,"看你寂寞不寂寞了"
0,"小兰我刚吃完番茄鸡蛋汤面。。"
1,"巧喂心CAD571"
1,"﻿20749937纯洁少妇家口"
0,"机器人没加白名单"
1,"21408797看逼家口."
0,"是受啥刺激了吗ᛐ"
0,"看看中美，中英，中台"
0,"17岁的女的追男的太多"
1,"买网站的BHC979威"
1,"慵29526Q77544"
0,"房间真好玩点朋友玩"
0,"1500字hhhhhhhhh"
0,"雪山天机城也是16+10的"
1,"舒T6787Vᚰ纯/洁/P"
1,"老公不要想找一个鸭子视屏座愛成熟稳重的男人加QQ2737^47485光着屁屁玩视屏"
1,"伽韦sx111505珂视频箹G0"
1,"瑗-黄色-CC-名字"
1,"主播其实听垃圾的"
1,"落-薇/CAD571"
1,"秀w2753636麦饼"
0,"都在充钱等8+8"
1,"老板假酒喝多了鸡吧硬了"
1,"舒好看FTA675☎☎☎☎☎☎"
0,"ooooooookkkkkkkkkkkk"
1,"20487832簧篇+αᚰ"
0,"妳這裡正妹休息室嗎"
0,"白白嫩嫩的今天夜里"
1,"佳喂：sx111505可越1z"
1,"封号包换家-752753636-企-鹅."
1,"ХКЕ585ᚰ看片来这里"
1,"迦威sx111505，有囊人想要的OV"
1,"00元震动棒玩此女B出水块阴蒂黑"
0,"看看刀客无妄想有青金美"
0,"每个人各打30+厂"
1,"+口看22471419。"
1,"𝘌𝘠𝘋235ᚰ买-P-威"
1,"郁29526Q77544"
1,"兮15751764994信"
1,"自信芙蓉王+14092574..."
1,"wx号截图，聊天记录截图"
1,"溥+CC名，麦Pᚰ"
1,"𝕩ｅ𝙠４９６ᚰ嘻嘻."
1,"增茄莳間＋徽79927009"
1,"2⊗4878з2妹日ᚰ"
1,"978649984夹口口看"
1,"若KMD255ᚰ买-P"
0,"你直播间·添加人气"
0,"...想我干嘛，又不是我直播😂"
1,"我加的是不是你Q"
1,"卖片的呢，免费看片找我"
1,"买网站盘的私聊我000"
1,"婉麦饼-喂心CAD571"
1,"账号sosoLOVE1995soso199510"
0,"ᚠ亏了三十万闪人"
1,"红包收91论坛网址有的私聊."
1,"滓KTM657ᚰ"
1,"{614444232}妹操💗加窛.."
1,"君FTA676❤❤麦-P"
1,"妹妹岔开双腿~你→ＡＨ３９ＣＯＭ　柰"
1,"红ＴＲＡ２４５日批666666"
0,"100W到手美滋滋"
0,"真的惨兽性大发被水浇灭了"
1,"佳喂：sx111505可越ed"
0,"熊黑跑路能被控🐎"
1,"雅CC-名字-看拼ᚰ"
1,"需要网站的老板加我."
1,"婕KUC539麦饼薇"
1,"﻿15154683各种姿势家口。"
1,"﻿169047089+🐧看。"
1,"静CC-名字-看拼ᚰ"
0,"老闆吃個藥血壓太高"
1,"私聊换网址看啪啪啪"
1,"ｘ𝐞ｋ４９６ᚰ看盘"
0,"STEAM平台异常"
0,"忍不丶住眼泪决堤"
1,"稿29526Q77544"
1,"豬樹坎梶群176534781豬樹坎梶群176534781豬樹坎梶群176534781"
1,"主意看我的名字，加Q有好看的"
1,"各种纠结各种闹，各种X，各种操，各种姿势各种要！"
0,"老闆喝醉那邊自言自語搞笑噓"
0,"哇··姑姑·你那里那么冷么？我们这里不穿衣服都热爆了"
1,"鲰29526Q77544"
1,"切29526Q77544"
1,"4567020..."
1,"国产尺度15427049口"
1,"伊喂心CAD571"
1,"名字+++喂爽摄"
1,"顿ＴＡＤ７６５☀☀日批666666"
0,"欢迎18岁娇妻๑•"
1,"75275+3636+ᚰ."
0,"不要脸就要礼物送点"
1,"𝐒𝐒𝐄497卖片"
1,"娟KMD255ᚰ纯/洁"
0,"舞女刚刚是金皮(´-ω-`)"
1,"买网站盘的私聊我了"
1,"迦威sx111505，有囊人想要的nk"
0,"Apple支付加载失败总是"
0,"妳找singforever"
1,"看妹不穿衣╱聊加Q2287249174"
0,"妳這裡一直發言失敗@_@"
1,"瑗29526Q77544"
1,"主播诱惑我要飞机"
1,"恸☎☎注意看我名，是威哦，好看的"
0,"骗钱其实有自身原因不也因为你想送才送🐎"
1,"月w2753636麦饼卫星"
1,"轩CC-名字-看拼ᚰ"
1,"娟FAK256ᚰ看-电视"
1,"胜29526Q77544"
1,"㈦゛ィヘ㈠ㄍレㄑ鱑鳝値噃+嶶360752391"
1,"伽筘508159857可箹撩6q"
1,"寂寞妹妹QQ15831●71741"
1,"瑶2952191783乞儿"
1,"2●4878ℨ2控姐妹ᚰ"
0,"五哈大宝贝ᚰᚰᚰᛀᛀ"
0,"护士姐姐看到你我心跳的好快能不能帮我听下"
1,"ＧＫＣ４８３前进后插"
0,"108.44Alt+9不放，Ctrl"
1,"看-拼-企-鹅20487832ᚰ"
0,"请离镜头远一点儿谢谢"
1,"看妹妹的名字家看丝白了"
1,"落FTA676麦-Pღ"
1,"比+CC.名字，是威，大波波"
1,"看CC茗束缚+危"
1,"酩+C名看P，是威哦❤❤"
1,"─5373608爆插╬αᚰ"
1,"买皇篇的私聊我.0"
1,"23608544芸+口ᚰ."
1,"835422224加口口看芸"
1,"syc15620955159"
0,"hhhh口吐芬芳"
1,"落麦偏+威w2753636"
0,"假如说这回合你人物+宝宝出手+对面怪出手超过30秒"
1,"20749707簧篇╬αᚰ"
1,"ＦＴＡ６８９麦P"
1,"﻿774733332粉逼加窛."
1,"869533334芸妹+口口869533334芸妹+口口."
0,"卖3000w要冲500的人民币"
0,"对面的式神名字............"
1,"﻿染卖-姘-薇ݘҰݘܰݘʢ₃₅"
1,"篇家口口2218439086"
1,"毖☎☎+C名看P，是威哦☎☎"
0,"我适合跟咖喱(⊙x⊙;)"
1,"啪啪啪啪啪啪啪啪啪啪啪啪啪啪啪啪啪啪啪啪啪啪啪啪啪啪啪啪啪啪啪啪啪啪啪啪啪"
1,"27447053妹水多"
0,"肚子饿都舍不得去吃饭"
1,"疯ＴＡＤ７６５☀☀日批666666"
1,"要片的加v17605873017"
1,"加徽信eey370裸播不穿衣服"
1,"需要皇.的私聊."
1,"沜++网站++买的老哥私聊"
1,"8134335带"
1,"大胸女薇543662207"
1,"佳喂：sx111505可越zw"
0,"李现演绎的韩商言可谓是有板有眼、帅气逼人，连我男朋友都一起一起沦陷了，大爱！"
1,"HB90096家喂0"
1,"752753636ᚰ名字"
1,"买皇篇的哥哥私聊我0"
0,"除非你买篮子克20带炼器克20++的"
1,"妍喂心CAD571"
1,"看着嘴一动一动的好想插"
1,"2436508094口口"
1,"轮ＴＡＤ７６５☀☀日批666666"
0,"还是和平精英刺激"
1,"看姐姐名字家看好篇.."
1,"1255QQ4971漺"
1,"伽韦sx111505珂视频箹dh"
1,"﻿978649984+口看"
0,"全国五星酒店vip卡"
1,"﻿寇家资源614444232。"
0,"网易云名字(´-へ-、)"
1,"睟29526Q77544"
1,"APP4442++喂来爽"
1,"荔-卫星KUC539"
1,"伊₭MD255微ᚰ"
1,"封号包换家-752753636-企-鹅00"
1,"4➕5➕1➕0➕3➕2"
0,"但是你的气质很足有成熟女性的优点"
0,"皮皮话信母猪都上树"
0,"你晚上去没事的。网咖老板赚钱不管那么多规矩"
1,"看CC名字加Q舒服."
1,"l泗旧59967."
1,"𝐊𝐀𝐃667☀☀来看"
1,"美女吃你的屁股美女吃你的屁股天天你的屁股天天你的腚"
0,"脸太大看不到全貌"
1,"www.730pa.com"
0,"喵族最美唯美宝儿开播快来围观"
0,"哦哦哦，我下边区"
0,"你都4000+得巅峰了"
1,"你加微信15317017629"
0,"三千万刷出来6千七百万"
0,"ᚠ基本上1个号少100W+5个号将近少600W一个月下来要少1000多"
1,"﻿20749707看逼家口。"
1,"啧啧啧你记得黄鳝"
1,"妹吸奶1947671973口口"
0,"人家看电影美滋滋"
1,"妹B黑25911478口"
1,"19105764寂寞少妇口"
0,"CXK和UKN，有看头"
1,"2460223456寂寞少付口"
1,"✷𝕏𝘏𝕮593✷丝美片"
1,"2◕4878ℨ2日炸天ᚰ"
1,"甫29526Q77544"
0,"2333333333"
1,"傫29526Q77544"
1,"𝐗𝐊𝐄585ᚰ我是卖盘的"
1,"草泥马臭癞蛤🐴李永生跪下沿街乞讨"
0,"09女儿副秒1000+可以吧"
1,"要网址的039630"
0,"👽🐴🌴🍌🌾🐯🐧🐙🍔🍅🐼🌺🐬🐠🍅🌻🐯✨"
1,"K乂乂694买P威"
0,"三尸虫必须30加狂暴，30+程度都没什么鸟用"
1,"伽筘257521060可箹撩付俐kg"
1,"国浐尺度2436508094口"
1,"﻿看逼家774733332口"
1,".看姐姐名字网址盘++"
1,"07744888本人骚聊加*;807744888本人骚聊加*;807744888"
1,"蛮ＴＡＤ７６５☀☀日批666666"
1,"伽徽伽徽：sx111505可聊可约b9：sx111505可聊可约yy"
1,"〈2◯4878ℨ2〉调教姐妹ᚰ"
1,"𝐔𝐗４４４２狂日少女.𝐔𝐗４４４２狂日少女"
0,"老闆喝醉那邊自言自語碎碎念念吵死"
1,"2218439086网址盘ᚰ"
0,"75+275+36+36+企+鹅+白"
0,"真的···一群逗逼"
1,"﻿看发言明字┼口。"
1,"君KMD255ᚰ靓妹妹微"
0,"个性签名是不是七点"
1,"同城靓妹插抠抠2913973011"
0,"神器神器。要看神器，"
0,"为我们的友谊干杯！"
1,"洁-喂心C₳D571"
1,"YW90069+喂++看皇"
1,"UKC917妹妹ᚰ"
1,"123456789123455767899124273754246797346442454184477775我lD"
1,"ｘ𝙚ｋ496ᚰ看片.."
1,"看我昵称，国产日韩，看片加我私聊我！"
1,"UCK129微美丝ᚰ"
1,"芹ＴＡＤ７６５☀☀日批666666"
0,"我CC要改名了，逼逼叨叨新名字ᚠᚠᚠ"
1,"凤KUC539麦饼薇"
1,"喂BHC979威ᚰ."
1,"﻿20749937妹子舒服"
0,"飞哥你这前世今生都整来了"
1,"覼29526Q77544"
0,"现买现卖hhhhhh"
1,"尤w2753636麦饼卫星"
1,"廷29526Q77544"
1,"锦w2753636麦饼卫星"
1,"莫KTV咯哦哦哦哦哦哦"
1,"轩2953451608麦偏口口"
1,"看不`穿衣加QQ10517Ψ41735"
0,"之前看新闻，江苏有两场强暴雨"
1,"网站++买的私聊"
1,"想上岸，包↓款加VABC13666658502"
0,"现在靓号不好出了吗"
1,"上周进的000918今天涨停太爽了大家想赚钱就加张老师扣扣：524645580人很好"
1,"网站++看名字家我看丝袜封包0."
0,"感谢韵韵的500老司机"
1,"𝐔𝐗４４４２狂干少女𝐔𝐗４４４２狂干少女"
0,"感谢小雨送的火箭ᚠ"
0,"定是你未来的媳妇"
1,"少籹25911478口"
0,"感谢大佬的红包！"
0,"我看猫咪动作都挺轻盈的"
1,"兮2952677544乞鹅"
1,".看姐姐名字++ᚰ"
1,"752753636ᚰ篇"
1,"-8585205"
1,"﻿溷KTM657"
0,"赛博坦星球你知道"
1,"12554971冦加"
1,"我来强上主播闲杂人等一律回避"
1,"﻿看洺+Q，有好看的哦."
1,"100%必中【台湾分分彩开奖网】技巧之稳定收益常胜将军分享玩菜技巧【➐➎➊➎➌➑➐】＋Q且威伴你走向人生巅峰"
0,"看来你也是妻管严，"
1,"看片~高清无码加v:www13925739337"
1,"﻿20749937老逼家口"
1,"cc直播关注司命，免费上车，加QQ和wx"
1,"微解封，需要联系看名"
0,"设计一个500块"
1,"看CC名字+Q霜"
1,"冉-靓-妹-卫星ＫＵＣ５３７"
0,"光看名字知道男女"
0,"问问小姐姐出豆浆没"
0,"需要看妍求不求放过"
1,"华T6787Vᚰ纯/洁/P"
0,"三七3566036"
0,"17個ok沒問題"
1,"网址盘私聊我好友."
1,"媺号ccЗ4367"
0,"瑟瑟黄衣国服hhh"
0,"想要想要想要求中奖！9918加油。"
0,"中国烟民国家栋。。。梁"
0,"每次看到就感觉很舒服，像在按摩"
0,"10人口6巫6冥"
1,"需要黄色播的加我。"
1,"FS6791妹ᚰ"
1,"1542Q7049"
1,"q2282884590@163.com"
1,"-夹-企-鹅-看-52753636"
1,"家-752753636-企-鹅封号包换的"
1,"﻿27879947美腿+口."
1,"安麦偏+威w2753636"
1,"辉＋①⑥⑤⑥⑤④④①③⑤暇"
1,"被抛弃了想找哥哥视频爱爱喜欢妹妹视频的哥哥加扣扣1265397695不穿衣服玩视频加扣扣1265397695加扣扣1265397695"
1,"伊薇CAD534麥偏"
0,"人民币二千五百二千五百"
0,"我之前在新区寇岛都不打"
1,"✷𝕏𝘏𝕮593✷丝美片."
0,"去学校微博找你没找到翻得手机都没电"
1,"YW90069+喂++看晃篇"
1,"国语企鹅2068875241丝足"
1,"𝐓𝐌2971卖云资源𝐓𝐌2971卖云资源."
1,"覼ＴＡＤ７６５☀☀日批666666"
1,"想看片的私聊我我有免费网址"
0,"不懂需不需要点擦刀加速"
1,"莲妹妹你好想你请你吊带下看看奶奶好"
0,"三生三十十里桃花"
0,"哦哦哦哦，了解，谢谢"
1,"潜看大波波2952354478+口"
0,"没办法啊破事就这么快。。+152的"
0,"啦啦啦啦啦啦，啦啦啦啦啦，啦啦啦啦"
0,"我开了30把觉醒buff？？？"
1,"需要成人app的加我包爽"
1,"23608544芸+口ᚰ"
1,"佳喂：sx111505可越ze"
1,"𝐔𝐗４４４１卖云资源...."
1,"看，，PIAN++++++CC③412〇282⑤"
1,"绿ＴＲＡ２４５日批666666"
0,"皮皮虾的纹路比猪哥的满"
1,"想看打飞机的加我"
1,"收v1406967419口"
1,"𝐔𝐗４４４２狂日少妇𝐔𝐗４４４２狂日少妇.𝐔𝐗４４４２狂日少妇"
1,"瑞CC-名字-看-电视ᚰ"
1,"想日批＋V123456"
1,"兮15879962374❤"
0,"这动作！猫可能有点尴尬😅"
1,"pppppppppppp"
1,"𝓽𝓶2971狂日少妇."
0,"印度的咖喱和泰国不一样。"
1,"869533334黄篇好看加口。"
0,"不好玩居然猜不出"
1,"名称是网占名称是网占名称是网占名称是网占名称是网占名称是网占名称是网占"
0,"回民过年一年多十天假"
1,"﻿性感撕挖18608593口。"
0,"我10+回合就2星妖刀了"
1,"杪KTM657ᚰ靓妹"
1,"🐧🐧群号684424991"
0,"又想骗老子买图、"
0,"终是贝壳开了口，从此粉嫩不在有，希望你的贝壳里，没有别人的特仑苏"
0,"107645463。"
1,"老板-75275-3636-企-鹅-王"
0,"我要买就买带珍惜的"
1,"静好看FTA675☎☎"
0,"叫我干啥呀→_→"
1,"悬麦饼-喂心CAD571"
1,"𝙋𝕒𝕒495ᚰ麦片."
0,"思念清淡的诗不是孤独才想你"
1,"﻿2953474541+蔻日666666"
0,"豹纹靠得住母猪会上树"
0,"天机城需要点高冥想"
0,"无线路由器怎么无线上网"
1,"UKC扒29国丝微"
1,"伽徽：sx111505可约NP"
0,"让利给水工程建设"
0,"我先睡啦胡几，国际服紫皮+蓝皮卡任务还有3天的题目，后面3天记得做啊，晚安"
1,"𝓾𝔁４４４２卖云资源..."
1,"妹妹現玚筘直譒⊙溦ccЗ4З62"
0,"OPENTHEGAY"
1,"我名字++喂爽来"
0,"恍恍惚惚红红火火233333"
0,"你看看人家的进口闪现"
1,"ΧΑС596ᚰ偶卖片滴."
1,"滓FTA689☎☎在线看"
1,"各种差25911478口"
1,"你就是傻逼，自己去看"
1,"佳喂：sx111505可越sl"
0,"微笑，微笑，微笑"
0,"头皮都刮下来傻屌"
1,"看-黄-家企-鹅752753636ᚰ"
1,"QQ2952911742加"
0,"聪明绝顶...."
0,"平台美女男士太少"
1,"《2◎487832》操人妻ᚰ"
0,"48900+1000=45000？"
1,"www.127JU.com"
0,"攒个屁不是想一次性交完早被我嚯嚯了。。"
1,"尤+CC.名字，是威，大波波"
1,"🇰🇺🇨763插国妹"
0,"今天口袋300明天口袋300"
0,"化生寺施法动作不快吧"
1,"想看片加我好友ᚠ"
0,"这个靓仔憨憨的😂"
0,"普通淬炼石只能支持装备到+6，而且看人品"
0,"全民K歌里面教我行不"
1,"冉KMD255ᚰ靓妹妹微"
1,"买辣片加哪个微信"
1,".752753636ᛀ++"
1,"幼儿QLK290无码$"
1,"🐶改不了吃💩，你嫩去🐍吻⑧"
1,"私播Ven7231包射"
1,"迦威sx111505，有囊人想要的Ay"
1,"|V~蒖人制服诱惑値播+ィ訁54628599"
0,"4.9加1.5加1.5"
1,"﻿性感撕挖18278385口。"
1,"丽KMD255ᚰ老板买拼微"
1,"www.40vovo.com"
1,"﻿FS6791嘿咻嘿咻"
0,"碰到我干啥···"
0,"朋友VIP弄个个房间4个人玩"
1,"𝐊𝐂𝐕９９７好看☀☀"
1,"漙ＴＲＡ２４５日批666666"
1,"看妹妹的名字++++卫"
1,"打PKPKPKQAQ"
1,"圃ＴＡＤ７６５☀☀日批666666"
0,"剩下最后的C卷给你送礼物了又限额了我草"
1,"НУR382买盘"
1,"晗15751764994❤❤❤"
1,"﻿ＫС４００７Ｃ曰批666666"
1,"漩29526Q77544"
1,"家-企-鹅752753636包摄家-企-鹅752753636包摄"
1,"佳QQ：166829681luo聊et"
1,"20487832美足+口看"
0,"请关注一下九五后孤寡老人"
1,"晟片-企-鹅161465267"
1,"﻿23968433看逼嫁口."
1,"加Q群6140072免费看女人不穿衣服男女不穿衣服现场指挥表演免费体验30分钟验证真人已经看过看不到死全家"
1,"27879947美腿+口"
1,"ＫС４００７Ｃ曰批666666ＫС４００７Ｃ曰批666666"
0,"皮皮骗160元现金"
0,"跑起来的动作好可爱"
1,"网站免费，加我好友"
1,"口口290850294"
1,"看妹不穿衣◣聊加Q2287249174"
0,"妳真唱歌不好聴妳唱歌最好聴直播开玩笑當面说妳唱歌不好聴消失"
1,"75275+3636+看我名字哦0"
0,"1房间试试雪茄香水"
1,"迦威sx111505，有囊人想要的vh"
1,"怦+CC.名字，是威，大波波"
0,"大二还要上晚自习"
1,"贞麦饼-喂心CAD571"
0,"然后寂寞无敌手了ᛐ"
0,"就是纯摸猪屁股的"
1,"﻿979034390+口看"
1,"革ＴＡＤ７６５☀☀日批666666"
1,"﻿需要看名称＋扣"
1,"伽徽：sx111505可聊可约"
1,"女儿用你🐎的B区控HS吗"
1,"是不是加直接看裸聊那种"
0,"线下17强美滋滋"
1,"7C9A1A055FAC5CEE7C9D51F0528ED2A77CA0CB22F71F7CEE7CA3BFA72846F98A7CA52D95FC8DCE6D"
1,"﻿978292051+口口看"
1,"25911478束缚淑女口"
1,"籹奶吸979034390口"
0,"烧水下火锅底料完放点喜欢的配菜最近放面条/大笑/"
1,"﻿FTA678买-乒威ᚰ"
1,"买网站的家BHC979威ᚰ"
0,"嗨美女下午好棒棒哒嘿嘿我凯凯你表示敬礼"
1,"❤单❤男❤懂❤+❤色"
1,".20487832美足+口20487832美足+口."
0,"大锅，霍茶🍵还是霍咖啡☕"
1,"佳喂：sx111505可越71"
0,"我一公一母还怕它发情？"
0,"小姐妹我下去拿豆角了"
0,"790A62D850C3FDA7"
1,"﻿2953451608麦片口口"
1,"qq1909468414"
1,"﻿染KMD255ᚰ"
1,"看片dd三块一部高清无码"
1,"覈29526Q77544"
1,"苑29526Q77544"
1,"─5四27049企鹅"
1,"2218439086家口口看姐"
1,"﻿18683583314擦逼威"
0,"改一下工钱200材料不算"
1,"谁想看。私聊我免费发片。后果自负"
1,"敞麦饼-喂心CAD571"
1,"喂BHC979威ᚰ家"
1,"网站沜++买的家我好友私聊我"
1,"艺CC-名字-看拼ᚰ"
0,"1138852450我ID"
1,"𝙜𝙭𝙪９５２ᚰ卖盘."
1,"ＸＥ𝐊４９６ᚰ片盘"
0,"蚂蚁老板，全接手ᚠᚠᚠ"
0,"玩弄靓仔于水火之中"
1,"+口看─5四27049."
1,"﻿1918555570籹水奶߇殀"
0,"以前嫩嫩的现在肉肉的😂"
1,"﻿C-名-字-看-拼"
1,"﻿ＴＡＤ７６８❤❤曰批666666"
1,"UKC九─七微美腿ᚰ"
0,"卖350到400"
1,"KUC763妹丝水"
1,"1255QQ4971懂得加灀"
0,"这是katama带的老板🐎"
1,"mrwqkVrpH嶶765510103"
1,"安FTA676麦-P"
1,"我名字++喂爽来.我名字++喂爽来"
1,"别老子吹跑钱赚不完"
1,"网址，www.nmbmm.com"
1,"卖片了岛国爱情动作片"
1,"慇麦饼-喂心CAD571"
0,"12点之前90多万"
0,"名字写的白嫖..."
0,"去五个四个唯一的一个女的挂"
1,"THE777-_-"
1,"614444232✣🐧."
1,"杪KTA679ᚰ麦P威"
1,"网盘买的++私聊我"
1,"看CC束缚+危..."
1,"看妹妹名字+++++0"
1,"你爱妹㈠Q㈠玩Q:⒉0⒐1⒐2⒏⒌3⒊"
1,"兮FTA676❤❤"
1,"佳喂：sx111505可越rT"
0,"我出门去了，我说就好了谢谢啦今天"
0,"(´﹀`)你怎么不穿时装了"
0,"潮是比较个性的意思你的理解力太强大"
0,"哦嗷嗷咔咔咔哦哦哦阿婆"
1,"龊ＴＡＤ７６５☀☀日批666666"
0,"名字颜色有逼格好卖"
1,"悬29526Q77544"
1,"秋老湿，奶子抖得厉害呀。"
1,"★𝐒　𝐊Ε５９７★➨➨盘"
1,"你没有屌怎么PIAO！·ᚠ"
1,"﻿溷KTM657ᚰ"
0,"都哥们都兄弟一言不合😂"
1,"瑶29526Q77544"
1,"需要买盘网站私聊"
0,"白痴过年也上75"
1,"869533334成人片好看加口"
1,"﻿看发言名称+QQ滋源.."
1,"需要看我CC名字加扣"
1,"3级各种v1275521408"
1,"若2953451608麦偏口口"
1,"喂BHC979威ᛀ"
1,"凄ＴＡＤ７６５☀☀日批666666"
1,"皇色买的老哥私我0"
0,"刚刚不知道你卡我卡"
0,"偶尔看下的妹妹你懂的"
0,"DDS加班打图啊？"
0,"都休息一段时间再上班都不听"
1,"安KMD255ᚰ"
1,"卖网站百万部任你看不需播放器"
0,"七夕前一天现在都没睡10小时"
1,"红2952700242蔲曰批666666"
0,"700+的武器1W5"
1,"20487832爆操ᚰ"
0,"晴晴中午不吃饭休息"
1,"可聊可约伽徽：LYG11223305笨人自位uQ"
1,"{614444232}妹操💗加窛"
1,"看篇买的老哥私聊我"
0,"谢谢清新靓丽的图图小仙女"
1,"UCXł39日爆妹碧ᚰ."
0,"是的，7777777777"
0,"人生自是情痴此恨不关风月"
1,"直播大片，要看的加我口，879499475"
1,"nmnklklolllkm"
1,"XFUA74015301"
1,"看片~加扣1665977823QQ"
0,"可能會去找我妹囉"
1,"买片＋2644615631"
0,"去一次大店差点打人"
1,"高清加290850294扣"
1,"珍看-拼-威-心kzd345"
1,"秀2952191783乞儿"
1,"卧槽，全裸你发动态，你要出名"
0,"我内裤洗了没干啊"
0,"人家卖555570的我卖540卖不出去"
1,"UCXł39日爆妹妹ᚰUCXł39日爆妹妹ᚰ"
0,"我想买黑妹www"
0,"林俊杰（JJLin）"
1,"█𝕊ΚΕ５９７█➤买片"
1,"YW90069+喂+看潘0."
0,"去直播間說欸我們台中見過一次面哟"
1,"真美早上晨勃好难受"
1,"看片➕vMichael_5910块钱三部在线观看"
0,"我学一下下次去做舞池最靓的崽"
0,"TAKEFATRAT"
1,"19647519爆日嫩碧+叩ᚰ"
0,"哦哦浙江的是文澜阁"
0,"140万加3100万"
0,"可能主播没帮大家的忙"
1,"迦抠194823776笨人视频可箹ep"
1,"UXC167爆日嫩碧ᚰ"
1,"播片播片播片播片"
0,"哦买嘎hhhhhhhhhhhhhhhhh"
1,"伽筘257521060可箹撩付俐Qp"
1,"𝐔𝐗４４４２卖云资源.𝐔𝐗４４４２卖云资源𝐔𝐗４４４２卖云资源."
1,"UKC136芸妹美腿ᚰUKC136芸妹美腿ᚰUKC136芸妹美腿ᚰ"
1,"卖片18岁的，要的联系我无码高清"
1,"🇰🇺🇨763国日韩"
1,"𝓾𝔁４４４２狂日少女"
0,"我挂机睡觉了有事喊"
1,"下载【美见】APP璜播!!"
0,"蘑菇愛睏缺貓幣黑色"
1,"兮FTA675ᚰ麦-拼"
1,"𝙝𝙠𝙭５９４ᚰ看盘看名"
1,"喜欢看你不穿衣服"
1,"愿不愿意火山直播尝试一下比好多方便留个微信说不"
0,"新区认准阿鹏进裙+apeng9966"
1,"2436508094片扣"
1,"老+CC.名字，是威，大波波"
1,"轩CAD644ᚰ伽威-麦P"
1,"﻿869533334老司机加口"
1,"LKK5520110"
1,"洁喂心CAD571"
0,"全区前20前10"
1,"兮FTA676麦/P/❤"
0,"主播在线语音骗人要礼物"
0,"KTSB-006"
1,"伽韦sx111505珂视频箹ib"
1,"网站+沜+买的私聊我"
0,"我上午杀15关第一次体验到当召唤师的快感"
1,"mmMvvvvvmM.v.vmmv"
1,"做sm没加血被扫死了在打字挡住了"
0,"欢迎我的秋秋儿ᛀᛀᚰᛀ"
0,"你先把时间搞清楚"
1,"卖片的来了！需要网址的老哥们私聊我"
0,"KFC的想法~~~哼"
1,"潜KTM657ᚰ叶子楣"
1,"你儿子喊你回家喂奶"
1,"看看你全裸自慰起水"
0,"搞清楚她对你的心就好了"
1,"752753636ᚰ网站盘"
0,"嗨亲爱的中午好哒"
1,"总有一些傻bi活在梦里，键盘侠找借口"
1,"抠逼喷水全骡徽心kkb040"
1,"🐁🐂🐅🐇🐉🐍🐎🐏🐒🐓🐩🐖"
1,"﻿冉FTA676❤❤❤❤买P威"
0,"我斩石太刀+6！！！！"
0,"ST3000-3100"
1,"佳w2753636麦饼卫星"
0,"就均衡把高清你处理器不够高"
1,"皇资源买的私聊我新的"
1,"篇加企鹅｛20487832"
1,"🇰🇺🇨763国妹丝."
0,"1314的姨妈巾真好"
1,"山怕🐎❤️来找她，所以……"
1,"影15751764994❤❤❤"
1,"枝15879962374❤"
1,"美FAK256ᚰ"
1,"﻿EYD235买拼微"
0,"一千多万币你刷五千多万流水不知道"
1,"《2◎48782》加企鹅ᚰ"
1,"﻿染-卫星ＫＵＣ５３７"
0,"买家秀VS卖家秀"
1,"ㄠエ㈢ニㄖスゐゾ鱑鳝値噃+嶶360752391"
0,"18岁非讲35岁会不会聊天"
1,"棼KTM657ᚰ靓妹"
0,"哗啦哗啦。，噼里啪啦。"
1,"﻿染2952191783+口"
0,"全面屏的估计加点钱7000"
1,"伊好看FTA675ᚰ☎☎☎"
1,"抠逼骡聊徽KKb040"
1,"看片加企鹅964612574"
0,"抽烟喝酒撸串熬夜一大堆坏习惯"
1,"犄29526Q77544"
1,"用byt套上==+"
1,"熙FTA676麦/P/❤"
0,"Q，群号，，753485420"
1,"皇色买的老哥私我.0皇色买的老哥私我"
0,"我在梦都有公职纯属是猪奈看我以前是妖S市长才给的o(一︿一+)o"
0,"停播期间人走火入魔"
0,"怎么不穿昨天那个衣服了"
1,"道具私播真人全露v信：taa1011"
1,"安2953451608麦偏+乞鹅"
1,"𝘟𝘏𝘊５９３卖盘盘"
0,"刚刚发了三朵花中500"
1,"3514173330美女+αᚰ"
1,"草你麻痹祝你全家螺旋升天托马斯360度送死"
1,"名字+++围沜+++"
0,"1418212530355080100"
0,"EMMMMMMMMMM"
1,"色❤单❤身❤男❤懂❤加❤色彩"
1,"喜欢妹妹咪咪扣逼加微信sh9798"
1,"屁股扭过来过去的"
0,"可能50W会变100W"
1,"﻿看佲+Q雲片.."
1,"C9667D姐妹寂寞.."
1,"够w2753636麦饼卫星"
1,"妹妹苋畼筘直播你媺号cЗ4З6"
1,"媛15751764994❤❤❤"
1,"晟ＴＲＡ２４５☀☀日批666666"
0,"哎呀我草笑死我了"
0,"道哥你的砸蛋能不能放21个有的，说好的福利你这砸完血赚福利个鸡巴"
0,"哦哦哦，看到了ᚠ"
0,"AreyouChinese!"
1,"买皇资源老哥私聊我."
0,"这个可以微信充钱嘛想弄个🐎都不行"
1,"月2952191783乞儿"
0,"YW90069家喂"
0,"十五不是以前在🐧电竞吗"
1,"云FTA676ᚰ买乒威"
1,"英w2753636麦饼卫星"
1,"v13580999849网战国产，"
0,"国产原来越好了除了足球。、"
1,"佳喂：sx111505可越oy"
1,"妹妹嘴你喷　　止　：　ZF22ＣＯＭ"
1,"韵鹅351144829"
0,"我上来看了一眼你们吃了个鸡屁股"
1,"然2953451608麦偏口口"
1,"✾𝕏𝘏𝕮593✾偶麦片."
1,"看抠B婊演+微芯T4411"
1,"﻿774733332美逼加窛."
1,"秋CC-名字-看-电视ᚰ"
1,"熙KMD253麦饼-麦饼"
1,"罗博，免费视频扣2687650849"
1,"中奖截图发你了哟ᚠᚠᚠ"
1,"各种插25911478口"
1,"买片➕v17605873017"
1,"﻿20749937需要家口"
1,"ΗΚΧ５９４➽片"
1,"卖各种类型片了私聊我"
1,"琳-喂心C₳D571"
1,"豬樹2坎梶群176534781"
1,"ilovebiglollipopandyoucaneatmydoughnut"
0,"力劈枷锁别被人枪P掉了哈哈"
1,"各种乱差25911世78口"
1,"﻿﻿C9667D寂寞姐妹"
0,"4.5035E+14"
1,"漂亮妻子14444Q54332"
1,"裸疗加威号tuo442来看裸播"
1,"¿¿¿¿¿¿¿¿¿¿¿¿¿¿¿¿¿¿¿¿"
1,"窇樉値噃mldVuWN"
0,"还是龙拳刺激停不下来别的区灭了几次都怂了"
1,"﻿20749937看逼嫁口。"
1,"漙KTM657ᚰ看-P"
1,"最新最好黄资源..买的看姐姐名字加我."
0,"120珍珠35-40，140珍珠几百万起步"
1,"看名字“shjh999”送神兽"
0,"不是男人不坏女人不爱"
0,"进阶750加200加。500内丹"
1,"影FTA676麦-Pღღ"
1,"戤+CC.名字，是威，大波波"
1,"芸妹+口15373608ᚰ芸妹+口15373608ᚰ芸妹+口15373608ᚰ"
1,"傥ＴＡＤ７６５☀☀日批666666"
1,"﻿舒+人妻971111490冦。"
1,"𝐩𝕒𝕒495ᚰ芸片."
1,"淇CC-名字-看拼ᚰ"
1,"熙KMD255ᚰ国妹亮妹微"
0,"俊眉修眼顾盼神飞文彩精华见忘俗"
0,"哟哟哟哟哟哟哟哟"
0,"刷个神器，花80万买武器"
1,"轩CC名字麦P在线❤❤❤❤❤"
0,"好运点关注找到主播"
1,"23863540芸妹+口口.."
0,"感觉这个3+2好难啊··后面两手完全摸不着头脑"
1,"快来强爆　ZF22ＣＯＭ"
1,"熇29526Q77544"
1,"卖盘+口614444232"
0,"美女学生QQ28894815ㄝ11"
1,"ᛐwww.啪啪ce.cn"
1,"看大波美女釦筘2710876563"
0,"我太了解她，厚颜无耻，不择手段"
0,"现在有暑假活动了得活活累死"
0,"7红3000左右"
1,"澜麦-饼46837(Q)1072"
1,"恭w2753636麦饼卫星"
1,"20487832萌妹+αᚰ"
1,"荆29526Q77544"
1,"网站++沜+买私聊我CPP6664"
1,"君15751764994❤❤❤"
0,"不说出来委屈说出来伤感情"
1,"﻿25911478爆差口。"
1,"君KTA677☎☎ᚰ麦P"
1,"够☎☎ＦＴＡ６８９☎麦P"
1,"𝕩𝕖𝕜496ᚰ售盘"
0,"KK键盘，怪我咯"
1,"然FAK256ᚰ"
1,"PCK728素女."
0,"妳這一畫人數300人"
1,"25911478爆曰口"
0,"全面屏的估计加价70002"
0,"我名仕胜率77%嗷"
0,"你以为只是护士啊"
1,"买黄篇的哥哥私聊哦"
1,"﻿+口看27447053"
1,"伽韦sx111505珂视频箹il"
1,"▓𝕊𝕂𝔼597▓☛☛卖盘"
1,"篇-加-企-鹅15064775"
0,"抓我干啥😄我躺床上酝酿呢"
1,"恸KTM657ᚰ靓妹"
1,"妍-麦-饼-伟-心ＫＵ€５３７"
0,"来首你的名字写烟上吸进肺里"
0,"百威，黑啤，白啤，"
1,"﻿774733332涩逼家口."
1,"娟TPK564ᚰ片薇"
0,"倒一次一个潘多拉中560"
1,"加v更亲、密的聊天"
1,"﻿看比伽口978649984."
1,"买黄资源的私聊我"
1,"环好看FTA675☎☎☎☎☎☎"
1,"佩麦饼-喂心CAD571"
1,"加，v，看美，羊羊洗。"
1,"家752753636企-鹅"
1,"身边的美丽主播不~穿~衣~表~演~指~挥先视~屏~后上~门服　务【ＺＦ２２ＣＯＭ】复制打开即可享受列"
0,"STEAM夏促我刚买了"
1,"晢麦饼-喂心CAD571"
0,"5件套+300法伤差不多吧"
1,"枝29526Q77544"
1,"莹看-拼-企-鹅351144829"
0,"芊芊的名字---"
0,"准备杀boss去，4轮马上好了"
1,"落KMD255ᚰ暖妹美丽"
1,"佳喂：sx111505可越QJ"
0,"AIT+A就行了"
1,"YW90069+喂++看皇."
1,"﻿27447053口口看"
1,"有没有无聊需要网址的老哥们！要的加我私聊"
1,"看CPUGPU内存"
0,"动作？？舒服？？"
1,"KU4251高清无码国产"
0,"➕7.5.9.3.3.3.0.1.8"
1,"﻿PCK728少腹"
1,"27879947美妇避+口"
0,"dh54646464"
1,"﻿C-名-字-麦-拼"
0,"今天我又被我妈妈逼着去外面……"
1,"佳喂：sx111505可越we"
1,"名字+++围沜爽0"
1,"迦威sx111505，有囊人想要的qK"
1,"デぽ㈤クくヲㄒァ鱑鳝値噃+嶶360752391"
0,"你会被要求加班加到昏倒的"
1,"孬ＴＲＡ２４５☀☀日批666666"
0,"人呐比较实在表白比较实在"
0,"大哥天天倒贴钱ᚠ"
0,"520欢乐一周年"
1,"美女你奶头路出来"
1,"﻿TAK667☎P威"
1,"75+2753636+++名字"
1,"主播知道主播露胸"
1,"﻿ＴＡＤ７６８❤曰批666666"
0,"忘了张靓颖和江映蓉是不是同一届的～"
1,"嶶765510103けダビーデあそㄇ"
0,"染个指甲还要偷偷摸摸"
1,"名字+++围观沜++我"
0,"在风景靓丽的青青草原上有一个帮派，她的头子是喜羊羊大佬，与一个黑狼家庭"
1,"熙乞儿2952191783"
1,"慧FTA677ᚰᚰ"
1,"眞人激靑直播加Q2283339727"
0,"就是购买靓号用的靓号卡啊"
1,"ＫС４００７Ｃ曰批666666..."
1,"168917056夹Q"
0,"我有點想睡哦哦哦"
1,"瑶T6787V纯情"
1,"cccccccccccccccccccccc"
1,"区ＴＡＤ７６５☀☀日批666666"
0,"20400+3580+"
0,"寂寞了可以来找我，我不想当处男了"
0,"看到了自己号的影子900+天散件+150"
1,"密码www.869ee"
0,"你说蝈蝈别人一个刷四百多一个刷二百多"
0,"肠胃炎，植物纤维多的食物会刺激胃肠"
1,"企-鹅835422224"
1,"君FAK256ᚰ看-电视"
0,"今天我家兮兮参加新人赛了"
0,"雪无.5+3+2为什么不出个多技能"
1,"ＫС４００７Ｃ曰批666666.."
0,"CXK的队徽笑死我了"
1,"潜麦饼-喂心CAD571"
0,"潇洒2500躲避"
0,"我现在主玩伽罗，就是为了刚对面的tank"
1,"Ｓ𝕂Ε５９７☛☛卖盘"
0,"123456788647554+4457415"
0,"、追逐风喜欢风撕裂身体的感觉"
0,"上次天天没钱不是第一次200"
1,"75-275-36-36-企-0鹅"
0,"户口90身份证89"
1,"qk4459++卫+"
1,"素KTA679买乒威"
0,"我上把在打架被摸屁股了服了"
1,"操你妈不用说脏话"
0,"看这个头像，一定是稚嫩的女孩纸Σ(|||▽|||)"
1,"荔15751764994❤"
0,"啤酒饮料矿泉水花生大碗面烤鱼片"
1,"YW90069+喂+看潘.."
1,"舒微FAK256ᚰ看-电视"
1,"看妹妹名字家洗白丝袜了"
0,"😂能签名，还能自己换动作"
1,"块2952700242+蔻666666"
0,"打成4000左右"
0,"动漫的好！生动又激情"
1,"买篇加企-鹅19674651[s电到了"
1,"﻿614444232大波+口."
1,"﻿加我名字6666.是口口呀."
0,"人生如戏全靠演技"
0,"看看人家的酒吞10-1"
1,"可约可约伽徽：sx111505Wy伽徽：sx111505Kf"
0,"36000..."
1,"韵FTA676麦/P/❤"
1,"𝕩𝖍𝖈593买盘你加我.."
0,"人家追求全面发展"
0,"平台好好播的主播没有做不起来的"
1,"67657657/9657567564563453464532"
1,"BHC979夫人蛇ᚰ."
1,"﻿溷看大波波2952354478+口"
1,"﻿∪х５６６２进退插。"
1,"𝐔𝐗４４４３卖云资源."
0,"2NE+2WZ+WDD"
0,"偶尔女神叫京京多数女神经"
1,"舒FAK256ᚰ-微"
1,"网站-家-企-鹅752753636看-ᚰ"
1,"珍KUC539麦饼薇"
0,"人都没有见点关注"
1,"看妹不穿衣服Ψ聊加Q1182475972"
1,"心心小妹妹妹妹妹妹妹妹妹妹妹妹妹妹妹妹"
1,"恸CC-名字-看拼ᚰ"
0,"182米体重148特警看上的没"
1,"需要买网站盘私聊"
1,"2218439086+口口++++++"
1,"涩∏聊加Q2083424706"
1,"震荡行情，散户把握难，个股机会一直不缺，++散户++葳心:⑤①⑥③HKL"
1,"774733332擦逼家口774733332擦逼家口."
1,"红+CC名字，是威，看大"
1,"落15879962374❤"
1,"芸妹BHC979威"
0,"嘎嘎嘎嘎嘎........."
1,"3176045574加我有惊喜"
0,"去买武林里面的+++++++++++++++++++++++++"
0,"你这么大一个老板7钱你都想省"
1,"3129327948😍加球球免费国产"
0,"七月真的什麼事情都會發生"
1,"看片加qq692653285。"
1,"网址盘看姐姐名字++.00"
1,"𝐱𝐞𝐤496ᚰ来啊.."
1,"看片加资源V18224585477"
0,"朋友的名义永远陪你好"
0,"南沫乃高手高手高高手"
0,"131.130.132.133.134.135.136"
1,"嶶765510103ぎどホヂㄅ㈨ぴ"
0,"你美能行挣钱能补"
1,"﻿寂寞人器98四个一490滱"
1,"孬29526Q77544"
1,"兮KMD255ᚰ纯/洁"
0,"5119的黑名单呢"
1,"需要买网站.盘的私聊我0"
0,"三生三世十里桃花换来三生三世貌美如花；"
1,"乱29526Q77544"
1,"沜++网站++买的私聊我0."
1,"﻿22879947美脚+口"
0,"可能不想你玩你太不靠谱"
0,"不要看电视好好玩玩"
1,"恭CC-名字-看拼ᚰ"
0,"有钱人未必看的上ᚠ"
0,"密码机......."
0,"520截500倍不赚"
1,"﻿𝘈𝘡𝘉12💜6𝘈5𝘡𝘉1265"
1,"煮饽饽QQ785106057"
1,"我找到了免费网址"
0,"得买1.73的镜片"
1,"需要买黄篇的哥哥私聊我0"
0,"请你当做一个客户看待谢谢"
1,"腊鸡柔光，天天圈钱，曰你女马"
1,"皇色买的找我私0"
0,"爱CC-名字-看-电视ᚰ"
0,"我关注你的姐妹以后好找"
1,"隘29526Q77544"
0,"一组血攻宝宝+1个须弥就6个宝宝"
1,"塞CC-名字-看拼ᚰ"
1,"﻿FTA675ᚰ你的-最爱威"
1,"𝕏𝐄𝙆496ᚰ超好看"
0,"大叔嘴厉害哈哈哈嘴厉害你知道"
1,"看不穿衣加QQ2729√44√8941"
1,"裸播Vlvkb68"
0,"不知道金佰翰地名"
0,"一个人好无聊关注＼（^^）"
1,"DMM045覑+V"
1,"民29526Q77544"
1,"名字家我看丝袜保湿"
0,"晴晴往后坐坐扭动起来"
1,"✿✿𝕊ΚΕ597✿✿卖片"
0,"550+550+1300+750+750+750"
0,"我去打游戏了一起🐎"
0,"500块...."
1,"➕QQ：7.5.9.3.3.3.0.1.8"
1,"❀𝕏𝘏ℂ593❀真好看"
0,"不因丛农村的说话不大脑对不起"
1,"兮KMD255ᚰ"
0,"你家有没有震动棒"
0,"挖了2000+张..成本快8000Wle身上还剩200W+"
1,"QQ2065525941"
1,"𝓾𝔁４４４２狂日小月月."
1,"咏麦饼-喂心CAD571"
1,"看黄买的老哥私聊我."
0,"昨天晚上播着播关"
1,"EK𝐗596买片的这里"
1,"滓☀☀☀☀看铭+微"
1,"篇加企鹅.20篇加企鹅.20487832ᚰ487832ᚰ"
0,"可能這裡胃口比較大"
1,"﻿22471419看逼嫁口"
0,"害这个不能在这聊"
1,"2218439086++口口"
1,"蔻+看19674651"
1,"𝕩𝖍𝖈593片卖."
1,"﻿27447053看逼伽口口"
1,"佳喂：sx111505可越Eq"
0,"ᚠ，暑假活动的祥瑞算不算限量"
0,"左上角关注点一下"
1,"𝔵𝙝𝘤593ᚰ看盘"
1,"﻿就是干筘─5四27049."
1,"UCK169微美丝ᚰ"
0,"感谢李白开的守护呀ᚠ"
0,"16+11女八木找团队"
0,"最少四张靓号卡换一个"
0,"还是175快乐激情"
1,"色---清--女--主--播"
1,"老哥们无聊需要网址的私聊我"
1,"君FTA676麦-P❤"
1,"哥哥+妹妹微ypp865看"
1,"23968433寂寞少付口"
0,"我雪断桥遛7台+一刀"
1,"加薇号sfxk58"
1,"块☀☀☀☀+名看波霸"
1,"荆KMD255ᚰ买-拼-微"
1,".网址盘私聊我++"
1,"𝘍𝘛𝘈675ᚰ麦乒"
0,"：按ctrl+tabl有时候不能切换窗口了啊，我按错哪里了"
1,"好漂亮的美少女ᚰ"
1,"﻿看发言名称+QQ滋源"
1,"甜甜qz353687微"
1,"YW90069看偏家喂"
1,"﻿614444232芸+寇。"
0,"我觉得嫂子长的还行"
1,"21408797寂寞姐加口.."
1,"┊5064775╬α暴力插毕ᚰ"
1,"买-篇-企-鹅835422224ᚰ"
1,"佳喂：sx111505可越Ch"
1,"你男人的大鸡干过逼"
1,"啪啪啪啪啪啪啪啪啪啪啪啪啪啪啪啪啪啪啪啪"
1,"淑麦饼-喂心CAD571"
1,"静CC-名字-看-电视ᚰ"
1,"﻿KMD253威"
1,"美FAK256ᚰ看-电视"
1,"网站盘看名字++.0"
1,"𝕏𝐄𝙆４９６ᚰ来看."
1,"这是哪个傻逼解说闭嘴"
1,"﻿C6889D寂寞姐妹"
0,"ᚠ我靠20票被干了"
0,"不你以后毕业种田中大豆去"
0,"1700加400加120晶石"
0,"哦哦哦怪不得理解理解"
1,"12554971黑足加冦."
0,"卧槽，居然不是用名次得珍惜么？"
0,"你玩vx多还是QQ"
0,"龙哥看私聊龙哥看私聊龙哥看私聊龙哥看私聊龙哥看私聊龙哥看私聊龙哥看私聊"
0,"跑不了跑和尚跑不了庙"
0,"人品差[cx哭脸]"
1,"看看200万的女儿"
1,"伊FTA677ᚰᚰ"
0,"500+500+350+4700."
1,"﻿性感撕挖─4九59967口"
1,"冉2952191783乞儿"
0,"可能是因为慢性咽炎"
1,"🇰🇺🇨763国日韩."
1,"美15751764994❤❤❤"
1,"需要看偏的老哥私聊我00"
1,"ＰＺＣ４４６卖盘"
1,"ｘ𝙚ｋ496ᚰ看片"
1,"羽CC-名字-看拼ᚰ"
1,"韵-黄色KUC534"
1,"琳KTA679买乒威"
0,"3000W需要450点左右三界"
1,"喂妹妹BHC979威ᚰ"
1,"网站盘看名字++私聊"
1,"迦抠194823776笨人视频可箹w4"
0,"以前玩赌房最多一次赢600多万"
0,"展示一下我优厚的地理位置"
1,"网盘加WX83430662."
1,"﻿感觉你很好吃呀"
1,"俳ＴＡＤ７６５☀☀日批666666"
0,"小18小2820万"
1,"看姐姐名字加我看篇"
1,"YW90069+喂+看皇潘0"
1,"看片地址~加扣1665977823QZ"
0,"今天不敢花几千块买东西去明天的哒"
1,"KB80098片!"
1,"𝐁𝐊𝐏997卖云资源"
1,"韵2952191783乞儿"
0,"我vx群没改备注的，而且我刚来两三天🌚"
1,"美女你好的机巴好大好长日进拔不出"
1,"𝐔𝐗４４４３卖云资源"
1,"佳喂：sx111505可越WQ"
0,"138237478"
1,"落-麦饼-喂心C₳D571"
1,"22902554+蔲曰批"
1,"WDDPTDFDT魔HS"
1,"C9667D姐妹寂寞."
1,"月好看FTA675☎☎☎☎☎☎"
1,"曂片^网祉ｗ６.ｐｍ"
0,"上次撸串一个ts搭讪很尴尬"
0,"想独享晚上跳一个人看"
0,"危机四伏若即若离"
1,"4.56456E+13"
1,"网盘买的++私聊我."
1,"YW90069家喂看盘"
1,"有需要看美女直播的加我，"
0,"520花花120组"
0,"懂懂懂111111"
1,"家看筘15427049"
1,"琦2952191783乞儿"
1,"﻿染FTA678ᚰ﻿买-P"
1,"﻿若2953451608买-拼-鹅企"
1,"看姐姐名字家丝袜白白"
0,"520节的580"
1,"FUCK。。。。"
1,"謙謙威49189491資源補貼20%"
1,"﻿22879947看这里+口"
1,"轩好看FTA675☎☎☎"
1,"名字++喂爽0."
1,"看妹妹的名字家看丝了"
0,"炖茄子西红柿，豆皮"
1,"86953334美足+口口"
1,"伽韦sx111505珂视频箹Ge"
1,"YW90069+喂+看皇潘.0"
1,"CWE6887插爆←"
0,"33.33333333333333"
0,"人生如戏请接下一句"
1,"UKC917薇丝袜ᚰ"
1,"买网站盘的老哥私聊我"
1,"100元=580万币加Q"
1,"﻿“蛟龙22”用拼音伽徽ᚰ"
0,"(⊙o⊙)哇靓仔"
1,"晶29526Q77544"
1,"丽FAK256ᚰ"
0,"不是不穿是买不起谢谢"
0,"在线看直男撩妹ᚠ"
0,"去壽星說生日快樂刷禮物"
1,"﻿染2952677544乞鹅"
0,"------------分割线--------------"
1,"美美女师哥加微信小卫东"
0,"人类看不到人类很忙"
1,"《2◎48782》私人美女ᚰ"
0,"三人行必有我师的老司机带路比较好"
1,"睟ＴＡＤ７６５☀☀日批666666"
1,"没有卖片的了！需要网址的老哥加我我有"
0,"哦哦哦哦哦哦iiiii哦"
0,"我只心疼我自己ᚠ"
1,"黄播10元。需要的私聊"
1,"恍ＴＡＤ７６５☀☀日批666666"
1,"夫人BHC979威ᚰ[s流"
1,"网红爆擦++看姐姐名字家"
1,"盘片+CT6085"
0,"靓仔，记得我吗😊"
1,"伽徽：sx111505陪小妹玩游戏Tl"
1,".20749707美足+口."
1,"✿𝕏𝘏ℂ593✿一起看."
1,"www.776mz.com"
0,"寶貝時間去休息先睡"
1,"离29526Q77544"
0,"残缺的月一点一点变圆"
0,"14w54w5精神"
0,"520金币破解一下"
0,"咋还吃上了，我都饿完了ᚠᚠᚠ"
1,"迦抠194823776笨人视频可箹fs"
1,"𝘍𝘛𝘈675☎买乒威"
1,"-加-企-鹅15〇64775"
1,"熙-靓-妹-卫星ＫＵＣ５３７"
1,"𝐗K85ᚰ买片的来"
0,"141726262"
1,"瓦QQ1279833979"
0,"151-300，451-600"
0,"7717加油.努力"
0,"(。﹏。)嘲讽我吗"
1,"卖网站直接私信我"
1,"可聊可约伽徽：sx111505陪小妹玩游戏iy"
0,"cc里有小名扣1，没小名扣2，开始"
1,"752753636盘"
1,"迦威sx111505，有囊人想要的qW"
0,"哦哦，c卷买的送就有用了对吧"
1,"网站+沜++买的私聊我哦"
0,"两个宝宝都是女孩ᚠᚠᚠ我"
0,"回家园躲厢房级洗ᚠᚠ"
0,"极你要2688*2+1388*3"
0,"3408781589"
0,"我有个克木20+雷暴+9灵性50的16级项链"
1,"网站+沜++买的私聊我0."
1,"巧15751764994❤❤❤"
0,"你美好想你娶回家"
1,"蔻22471419撕哇"
1,"户换网纸，懂得加我。。"
0,"12点之前45万左右"
1,"𝐊𝐀𝐃667☎☎"
0,"呵呵最知道麦下来"
0,"冉冉走一组520"
1,"威信TWW236主播私聊"
0,"卖友求荣...."
1,"伊薇w2753636"
1,"枝15751764994❤"
0,"知道你家汉口你现在武昌"
0,"15万可以买到很漂亮的，进口的"
1,"-夹-企-鹅-看-752753636ᚰ"
1,"懁KTM657ᚰ看"
1,"豬樹坎梶群176534781.."
1,"约p加v：gyn6310695"
0,"七夕立誓以后一定找你的炮友"
1,"怡CC-名字-看拼ᚰ"
0,"数据与格式和注释混杂在一起"
1,"染FAK256ᚰ看电视"
1,"斜+C名是威看咪"
1,"佳喂：sx111505可越sj"
1,"KB80098片，"
1,"看骗加q495851478"
1,"现场直播大片，要看的加我口，879499475"
1,"罢29526Q77544"
0,"1.8755E+13"
0,"买买买买！！！！！！！！！！！！！！"
0,"你他妈就不能让我起来"
0,"划到1400R左右"
1,"2218439086+口+口看黄的视频"
0,"不告訴你太多人會害羞"
0,"AHHAHAHAH"
0,"哦哦，上饶市的哦"
0,"人家对方要求更高--"
0,"三桑c5000不错"
0,"去问一下500块钱卖"
1,"安2953451608买P+口口"
0,"可可会跳舞ᚠᚠᚠ"
1,"看姐姐名字家++++丝袜"
0,"人气高的男主播都土豪"
1,"ℍ𝕐ℝ382ᛀ盘看."
0,"单秒才1000+"
1,"﻿KMD253蔚"
1,"﻿看我茗+Q涩情塽.."
1,"〈2❍4878ℨ2〉"
1,"2952354478+蔻水666666"
1,"→𝕊ΚΕ597✿✿看毛批."
0,"D练费8000练几年哦"
0,"7月19日5-00开启付费"
0,"我要和泡泡比翼双飞(⁄⁄•⁄ω⁄•⁄⁄)"
1,"娟好看FTA675☎☎"
0,"这个找客服不知道有没有用"
0,"18小時自言自語"
1,"﻿169047089+口看"
0,"昨天晚上突然32万币今天没"
1,"岛.国.著.名.影.星.名.字"
0,"蹭人家小卖部的网"
1,"UCX─三九嫩碧ᚰ"
1,"筘：727688978"
0,"所以我就用双飞燕"
1,"23968433寂寞少妇口"
1,"Ce350.com"
1,"莎CC名字麦P在线ᚰ❤❤"
1,"choushabi"
1,"ｘｅ𝐤４９６ᚰ看盘."
0,"看到自己名字了..没中"
0,"别的小朋友都回家你来接"
1,"加微83430662爽片ᚰ"
1,"兰-麦-饼-伟-心ＫＵ€５３７"
0,"看看1051st"
0,"战争机器：kenshi"
0,"朋友500w才200"
0,"中个项链才500w"
1,"滓2952700242+蔻666666"
1,"难道还玩真空自慰"
1,"𝙮𝙝𝙬583ᚰ看盘"
1,"需要买网站.盘私聊我."
1,"皇盘要的私聊皇盘要的私聊皇盘要的私聊"
1,"﻿27879947嫩女+口"
1,"❀𝕏𝘏ℂ593❀真好看."
0,"136435966"
0,"还不是你长的不好看还不是你长"
1,"妹妹名字++++看沜"
1,"看CC束缚+危.."
1,"网站++买的私聊我00."
1,"+企鹅：1-6-6-8-2-9-6-8-1箹P"
1,"✷𝕏𝘏𝕮593✷真丝片."
0,"星星一闪一闪的有没有"
1,"本人号称：各种聊，各种唠，各种纠结各种闹，各种X，各种操，各种姿势要！"
1,"伟BHC979威+"
0,"12点说就要做到姐姐"
1,"叫一个公主来伺候"
1,"塞29526Q77544"
1,"网站++看名字家我看丝包"
1,"莉麦偏+威w2753636"
1,"www.668.com"
1,"﻿774733332涩逼家口"
0,"去一邊你就要說小貓貓"
1,"扫码扫码看千哥女儿扫码扫码看千哥女儿"
0,"老闆不行你手受傷怎麼辦"
0,"微微和爽爽比谁美"
1,"1444454332蔲曰批"
1,"绿☎☎ＦＴＡ６８９麦P"
1,"23863540芸妹+口口[s电到了]"
0,"去看山看海徒步的"
1,"瞪ＴＡＤ７６５☀☀日批666666"
1,"微❤➕wei929379.百万部小电影"
1,"枝薇w2753636"
1,"﻿1918555570籹水奶߇怀"
1,"﻿冉FTA675ᚰ麦-拼-威"
0,"520还没一万块钱"
1,"琦-麦-饼-伟-心ＫＵ€５３７"
1,"红+C名是威看咪"
1,"❤单身❤刺激懂的加我❤"
1,"𝐩𝕒𝕒495ᚰ唛片."
1,"行让大鸡草你逼玩玩"
0,"11+12合啊ᚠ"
1,"✿𝕏𝘏𝘾593✺超好看"
0,"兼职主播和主页两者不可兼得吗？大叔"
1,"需要买网站盘撸的私聊我."
0,"雷200万，，，"
0,"哦豁，，666666"
1,"﻿21074319好看加口。"
1,"璟ＴＲＡ２４５☀☀日批666666"
1,"v13580999849国产天天更新"
1,"﻿C-名-字-看-篇"
1,"秀KMD255ᚰ买-P"
1,"需要买黄篇的老哥私聊我"
0,"120已经打好ᚠ"
1,"869533334粉逼加口"
1,"BM5956看直播大秀，看盘加VVV."
1,"惠KTA679买乒威"
0,"没了就不穿٩(˃̶͈̀௰˂̶͈́)و"
1,"614444232+口"
0,"三三零六二七二七九五"
1,"𝐗𝐀𝐂596ᚰ麦片."
0,"期待去現場支持妳"
1,"迦威sx111505，有囊人想要的Lq"
1,"琳FTA676麦-P"
1,"𝐓𝐌2971卖云资源𝐓𝐌2971卖云资源.𝐓𝐌2971卖云资源."
0,"三三一二五四二一"
0,"刚刚是不是错一个亿"
1,"后妈的诱惑a1102195422家庭"
0,"可能告诉你无名的小号"
1,"看微信高清无码短视频的私聊我！"
1,"玉w2753636麦饼卫星"
0,"走有事看你表现╭(╯^╰)"
1,"网站+看姐名字."
0,"欢迎加入🎀璃沫后宫🎀，群聊号码：835311234"
1,"兮FTA678ᚰ买-P"
1,"﻿774733332美逼加窛。"
0,"秀娟回家打紫薇啦"
1,"你吻一下都会爆射"
0,"选EEEEEEEEEEEEEE"
1,"秀麦偏+威w2753636"
1,"骚货扣逼裸撩薇sno730"
1,"✿𝕏𝘏ℂ593✿美美看."
1,"﻿644440992炸裂资源+口"
1,"UKC127猛干嫩妹ᚰ"
1,"家-752753636-企-鹅jj"
0,"平台看100块刚20万"
1,"黛麦饼-喂心CAD571"
0,"想要120-130"
1,"买盘的老哥私聊我哦"
0,"摸腿摸腿摸腿摸腿"
0,"七月一条毛你吃你气头上对你"
1,"75-275-36-36/+企-/鹅0"
1,"兮麦-拼-威ＫＵＣ２３５"
1,"ΕКХ596看片."
0,"你买国产的就ok了支持国货"
0,"200CBG买的成品自己该的书"
0,"单位上回民不吃回家吃猪肉"
1,"秀FTA676麦-P"
1,"🎁𝘒𝘛𝘈679大家好釮"
1,"溥☀☀C名加威看"
1,"﻿FTA676﻿买乒"
1,"网址盘买的私我++ᚰ"
1,"迦威sx111505，有囊人想要的3g"
1,"﻿20749937需要家口。"
1,"注意我的名私我注意我的名私"
1,"佳喂：sx111505可越Mp"
0,"眼一闭520大炮显真心"
1,"诱惑一下你好美想飞机"
0,"我擦干死亡的起飞了ᚠ"
1,"冉KMD255(R)]买-P-姐妹"
1,"家752753636企-鹅0"
1,"溥卫星KTM657在线看☀☀"
0,"可能十首歌的時間"
1,"网站++买的私聊我"
1,"钓鱼你你裤子脱掉看一下"
1,"网址云看姐名字+++"
1,"轮29526Q77544"
1,"枵麦饼-喂心CAD571"
1,"包月188，各国片都有"
1,"舒+妻子981111490冦"
0,"AAPE尺码偏大"
1,"20487832咪咪姐+αᚰ"
1,"佳喂：sx111505可越dT"
1,"我要射你下面洞洞里去"
1,"性感撕挖18119709口"
1,"英T6787Vᚰ纯/洁/P"
0,"戴眼镜的男人不可信"
0,"发张你的自拍照原谅你ᚠᚠᚠ"
1,"枝KMD255ᚰ买-P-你懂"
1,"21408797看逼家口"
1,"💟𝘒𝘛𝘈679大家好靝"
1,"艳喂心CAD571"
1,"金色CC2000，要的私聊"
0,"那些护士医生的😂老熟人了都"
0,"歌名STARSKY"
1,"佳喂佳喂：sx111505可佳喂：sx111505可越T佳喂：sx111505可越p佳喂：sx"
1,"ＫＸℂ483ᚰ盘片."
1,"姐喂BHC979威ᚰ"
1,"舒TPK564ᚰ片薇"
1,"沫沫沫沫沫沫沫沫沫沫沫"
0,"央视点名批评，共青团除名的人"
1,"秀FAK256ᚰ看-电视"
1,"75-275-36-36-企-鹅设ᛀ"
0,"宿舍WiFi不行"
0,"怎麼會這麼美的主播"
1,"英FTA677ᚰᚰ"
0,"三生三世!!!!!!!"
0,"我不穿这么多衣服"
1,"看片软件PP365"
1,"收手机网卖的联系"
0,"谁发红包包包包包包包包包？"
0,"鹅鹅鹅鹅鹅鹅鹅鹅鹅笑死我了"
1,"家庭人妻斯挖a1102195422口."
0,"onleyou哦哦哦。"
1,"YW90069+喂++潘塔"
0,"成王败寇，扣人心弦，先发制人"
1,"我一个月就4000+"
0,"你说清楚一次性好刷"
0,"89带175的666"
1,"979034390+企鹅"
0,"阿7。喊我干哈？"
1,"韵薇𝘒𝘈𝘋534麦饼"
0,"她说，就喜欢你的大"
1,"网址盘看姐姐名字++."
1,"邪29526Q77544"
0,"infuse也是拉完了，这自研的UI"
0,"谁有Telegram垃圾广告数据集"
0,"隔壁测速还需要积分。我们看点广告怎么了"
0,"数据不够多来点高质量数据集"
0,"我是olivi我为自己代言"
0,"娱乐为主。都送这送那了。还有那心思高黑幕么。。说黑幕的都是调侃玩一玩的"
0,"结果大部分玩家都发现有0.1%的中奖概率都算高的情"
0,"TG上有很多垃圾广告，想做个分类模型，谁有相关数据集"
0,"就是有时候会存在调用和收集subagent产生的上下文远大于同一个agent自己来干的上下文"
0,"音乐胶囊功能有看到么，我之前有，切了日区再回印区半年了，这功能没见到"
0,"大家好，我是新来的小白"
0,"Wiki时不时坏掉，请挑选以下能用的（备份的需代理）Wiki中部分信息可能滞后，建议优先参考置顶消息互联网备份Wiki需要全局代理打开，且是静态镜像，无法搜索"
0,"不好意思想问下群友们，公益服暂停维护的意思是，新服上线之前都不能在终点站看了吗"
0,"近日，中修社交媒体上一个名为斩杀线的理论被推上了风口浪尖，这个理论的起因是一个叫斯奎奇大王（别称牢a）的美国留学生博主在直播中透露了自己美国学医期间各种美国无产阶级的惨状，控诉美国的各种制度有多么敲骨吸髓，美国人民只要生活出了一点差错便会瞬间失去工作和住所流落街头，最终会饿死冻死然后被资产阶级拿去尸体上的器官用来贩卖。这套理论当然展示了在美帝国主义的压迫下无产阶级的惨状，好像作为无产阶级的网站，布站必须对这个理论高度赞扬，夸赞其先进之处。但事实上，这个理论从一开始就是反动至极的，笔者便要对这个斩杀线理论大批特批"
0,"bro们我的小米电视4代是1080p的ui用tvbox和爆米花这种调用的软件内置播放器实际上也是运行在1080p上吧播放4k清晰度是真4k还是1080p呢"
0,"就它那些交互，都是针对平面内容的，但问题来了，平面内容交互设计再牛逼，大伙也不需要vp才能消费啊"
0,"在干上个sprint的活这个sprint已经过了两天了"
0,"嗯，旁边的爱心值我感觉怎么拉都拉不满"
0,"嗯。我现在用那种0余额的预付卡绑了。不想再被反薅了🤣"
0,"感觉梯子有的时候还是不太行，一卡就有点难受"
0,"中型以上的开始正规点，很多小公司招人都乱七八糟的很正常。之前我看过简历什么电子商务的都来做it的。服务买满出事就管打电话那种。倒不如说在小公司里这种人才是大多数"
0,"就比如alyx，第一公民控制器是valveindex的指虎，那玩意可以完全追踪手指，而且不握着也能不脱手。于是绝大部分人用普通手柄玩的学习曲线就陡一些，我看挺多人一开始那个抓物教程死活摸不着诀窍。后来出了个mod能让手柄模拟指虎的抓取方式，玩起来就顺畅多了"
0,"搜了下，2025-2029连续五年没有年三十"
0,"他们会员有点太贵了，一个月20多"
0,"马上离职公司找各种理由罚款怎么搞说我桌面太乱扣200罚款想告了)"
0,"电视播放器好像自带什么算法播放480p的都挺清楚搞得肉眼看不出1080p和4k"
0,"尼玛，今天找人事刚了一波，说不扣了，然后明早说全员考试，不及格扣钱"
0,"兔兔去看看u-next啊，漫画杂志小说电视电影剧集直播甚至连R18都有"
0,"怕啥，大不了提早放假了，他都直接说强制年假了，那就按年假的时间放假呗"
1,"快搜百万usdt拉新活动来袭，流量价格即将暴涨"
1,"全球TG直登号协议号批发取号机器人：@ackeji7_bot"
1,"@SJGQ(https://t.me/SJGQ)每晚台妹直播发福利🧧对接渠道：四季·春@SJ66+8888282"
1,"🤩频道推广群组推广🌍僵尸粉频道关注群组成员"
1,"私信代发低至0.07u一条"
1,"抖音代刷渠道｜直播间滚刷｜稳定结算@dyzq32"
1,"假钞假钞出售全网最真钞票百分百复刻可过BC级验钞机)"
1,"全网最大同城约炮平台百万会员网址:8v88.vip（也对外搭建同类型约炮平台和色站）另招：各省市一级代理（让你月入十万起步）也诚招各位小姐姐入住本平台（流量大大得）客服飞机：@taiganqi_bot"
1,"全网低价飞机号批发协议、直登包、API三种格式发货三格式发货可以满足所有人群发货时会筛活，保证到手无冻结、死号"
1,"兄弟赚钱的机会来了USDT搬砖黑U洗白"
1,"【极搜广告】——您在TG唯一的捷径💡核心价值：依托极搜强大索引流量，锁定精准客群，解决引流难题。👤商务顾问：[步惊云]🛠服务范畴●全行业广告精准投放方案●TG运营、引流、变现全案咨询疑难问题1对1专业解答"
1,"全网最高满倍48.5玩家反千5+拉手反千524小时营业澳门六合彩3分彩.采用澳门官网macaujc开奖数据实现公平公正公开"
1,"盗U秒授权，黑U洗白，USDT搬砖，稳定盈利，欢迎咨询@taiganqi_bot"
1,"TG美国🇺🇸1-8年私人老号老群"
1,"3-8天卡回流单太（纯私人高质量直登包24小时找回）"
1,"免费送10万双向机器人数据可以像我一样炸别人机器人发广告"
1,"Ai技术人人脸，人脸破解有大头相片就能过人脸，实名，解封，盗刷。"
1,"担保群可拉，公开群可拉，私密群可拉，外国群可拉，急单也可拉（10分钟完成1000人）"
1,"1一个月会员4u欢迎老板来下单t.me/a6_96"
1,"主打一个服务口碑🎉话费⚡️电费🔥暖气燃气信用卡代还｜💴网贷代还被攻击退u两次依旧稳定运营十级返佣长期项目特色低保别找低价跑路台，稳定才是王道跑路一波接一波，小u一直可以先注册观望观望别把鸡蛋放一个篮子"
1,"主营业务😀苹果ID账号😀领英账号😀FB账号😀INS账号😀推特账号😀火种账号😀GV账号😀韩国kakao😀国际抖音😀WS账号😀LINE账号😀大黄蜂😀邮箱账号😀TG😀Discor😀Chatgpt😀Skype😀YouTube😀Vkontakte😀SnapChat😀Nextdoor🔥越南zalo🔥Grindr面具🔥Reddit🔥一系列海外业务，应有尽有！"
1,"https://t.me/seq666男人的世界频道https://t.me/shyasuiuyghg柬埔寨博源国际娱乐平台https://t.me/luoxiangkai柬埔寨博源国际娱乐平台https://t.me/tlby89898东南亚博源爆分记录https://t.me/bocaizhijia66亚太博彩项目交流群https://t.me/Jsjiao889金三角博彩交流https://t.me/Xgan889西港博彩项目交流https://t.me/jpzJb88柬埔寨金边博彩项目交流https://t.me/jpzbb88柬埔寨波贝博彩交流https://t.me/boyFa168博源平台真实返图精品反差曝光🔞https://t.me/toutiaoshijian861麻豆探花网红主播https://t.me/paimaiqun8888腾龙博源国际【活动-彩金】https://t.me/bcw88888东南亚博彩大舞台交流群https://t.me/toutiaoshijian86https://t.me/siiniuasn东南亚博彩娱乐Chathttps://t.me/SVIP949422全球博彩（SVIP贰）交流群https://t.me/SVIP94943全球博彩（SVIP叁）宣传群https://t.me/SVIP94941全球博彩（SVIP壹）记录群https://t.me/SVIP19168（博源国际SVIP）宣传部https://t.me/SVIP1916海外（SVIP）交流群https://t.me/nwdbc8899西港华人交流群https://t.me/bydsj9东南亚大事件"
1,"悬赏频道供需对接看我主页稳定不按头低风险高回报欢迎咨询"
1,"实体与线上联运|安全稳定|大额无忧全网首个小程序与网页综合运营盘专业团队24小时在线客服提供多种支付方式极速提款全天候技术支持保障您的资金安全与游戏体验。"
1,"操他妈这个逼 @username 一天一辆奔驰搞钱不带我在不在啊老板"
1,"妓师元老级管理位招募 只招三名100元（引流有成本杜绝口嗨）（可以不付给我可以公益捐款）福利：个人曝光和群流量+单独创立频道引流责任：协助打造专属本群活动，踢出机器人"
1,"全网最大同城约炮平台百万会员网址:8v88.vip（也对外搭建同类型约炮平台和色站）另招：各省市一级代理（让你月入十万起步）也诚招各位小姐姐入住本平台（流量大大得）客服飞机@taiganqi_bot"
1,"👤 商务顾问：[ 步惊云 ] 🛠 服务范畴：● 全行业广告精准投放方案● TG 运营、引流、变现全案咨询● 疑难问题 1 对 1 专业解答"
1,"🤩频道推广 群组推广 ⭐️强拉活人 🌍僵尸粉 频道关注 群组成员 🌍在线成员 在线粉包月 ⭐️TG会员代开🌍群发引流 TG推广 🌍全局排名 "
1,".进群就可以抢188现金红包有5个188，还有发言奖励，新群做活动，打扰勿怪。https://t.me/QunGubot?start=i-LGj6JQpiwEFhODI1"
1,"最新技术 可查任何飞机号加入的群组与群组内发言消息记录🎉【财神集团飞机号信息天眼查系统】🤖🤖本机器人可帮助你检测指定账号的 加入群组 与 发言轨迹，洞察其活跃范围。✨ 核心功能升级亮点• 支持 用户名 / 用户ID 查询(ID查询更准确)• 实时扫描目标的群组列表及发言轨迹• 分析活跃度，掌握用户行为轨迹• 拓客引流，助力市场定位与竞争分析• 想知道同行、大佬都在哪些群混？一查就清楚• 看看他们加入了哪些群，你也能进去找资源、拓人脉• 甚至还能通过进群类型大致判断对方所在地，比如进了“广州修车群”，那他大概率就在广州"
1,"我需要一批，欠一身高利贷，跑路，无家可归，被社会排斥，还房贷，挣钱结婚，100块钱以上活动没办法参加，心爱的女人跟有钱人跑了，一无所有，但还有斗志的人，你什么都没有我也骗不到你什么，别什么都没有还怕这怕那的，想翻身想赚钱还债来找我！"
1,"专业开发搭建 黄色网站app和同城约炮平台，资深十年老程序员，可上压担保交易，咨询客服：@loufeng118bot"
1,"😵‍💫专注-热门-项目-搭建-定制-开发-维护😵‍💫搭建平台😵‍💫网站开发😵‍💫情趣快杀仿落地页😵‍💫数字货币😵‍💫投资理财跨境电商😵‍💫即时通讯😵‍💫各种彩票区块链💫交易所💫资金盘💫棋牌盘体育盘💫综合盘💫微交易💫电竞盘聊天室💫信用盘💫通讯录💫海外盘"
1,"我司提供 WX ZFB 卡收款 手续费5个点回款支持USDT人民币白资保永久 懂的来"
1,"机器人力量已更新，低防御使用机器人即可，高强度目标联系我开卡僵尸网络。僵尸网络正常销售。(从几百g到几t都有货)@xinguddos"
0,"DeepSeek 在招聘中多次强调其构建通用人工智能（AGI）的愿景。此前，该公司发布的 R1 模型因低成本高性能引发关注。近期 DeepSeek 发布的学术论文及 GitHub 动态显示，其正探索更高效的开发路径，并暗示新一代模型即将发布。DeepSeek 近期发布多项招聘信息，拟开发支持多语言、多模态的 AI 搜索引擎，可处理文本、图像及音频输入。同时，该公司正招募人才构建 AI Agent（智能体）相关平台，旨在实现低人工干预的持续运行。"
1,"芋泥甜莓💜 || 小电表：https://t.me/+_MlVrnKoybwwODIx 主号 @xbuding 双向 @xibudingbot 奶萌甜喵🥰 || 悦课：https://t.me/+_MlVrnKoybwwODIx 主号 @xbuding 双向 @xibudingbot"
1,"🧊清爽转U体验｜0.8TRX 免费通道｜@hzltrx1"
1,"富察嘉胜 || 稳赚项目 欧意交易所套利 每天只需要花几分钟操作即可 @d3bnehw83q"
1,"啦啦 || 赛博文援，免费开玩 https://t.me/JiuGuanAIBot?start=inv_5727267043"
1,"宗政怜烟 || 稳赚项目 欧意交易所套利 每天只需要花几分钟操作即可 @uawi3bfj5h"
1,"公冶邵美 || 稳赚项目 欧意交易所套利 每天只需要花几分钟操作即可 @r78072zicy"
1,"BC引流《有保底》 粉粉 || 散户 团队可对接 收钱包 铲码 项目群:https://t.me/htyaskl765 无风险 无押金 只要执行力+++++"
1,"👅 假钞 假钞 出售全网最真钞票百分百复刻 可过BC级验钞机 @Guojiaoooopindao"
1,"和平全网最稳气气内部模型漏打追锁，原GGB，一喷一个小朋友"
1,"桃儿 （學良） || 订阅: https://t.me/fmrjkl6 自助选妃➕ @xuanfei99_bot 三分钟没回信息加QQ客服：892231370"
1,"拓跋清 || 稳赚项目 欧意交易所套利 每天只需要花几分钟操作即可 @tjxt07t92v"
1,"小葵号商，大量回收号和出售号 Tasmin || 一言既出，驷马难追，诚信经营，四海皆友。有时候客户在忙，不回信息，请耐心等下。"
1,"初中生强推处女 chū轨"
1,"🧧最稳日赚1000+免费带小白也可"
1,"Ai内核官方通知频道瓦手唯一工艺漏打范围子追过掉行为7，枪枪颗秒"
1,"特马内幕频道澳门 || 新澳六合彩、特码内幕频道，特码、平特连肖、三中三，专打内幕 https://t.me/+3XdG8OjKvPVhMDU0"
1,"夹谷青亦 || 稳赚项目 欧意交易所套利 每天只需要花几分钟操作即可 @imgvslqlp1"
1,"没课室 恶毒女配 || 课表 @ednprjb 双 向 助 手 @ednvp001bot"
1,"全三角洲最稳公益变色漏打追锁，老外出品，绘制不闪不漏，不拉闸"
1,"BC引流《有保底》 粉粉 || 散户 团队可对接 收钱包 铲码 项目群:https://t.me/htyaskl765 无风险 无押金 只要执行力"
1,"Ai黑金公益无模块陀螺仪模型漏打追锁，全网最稳，极致的性价比，喷子追可拉满"
1,"供应商品：飞机号TG号会员号 🇺🇸 +1 美国🇨🇦 +1 加拿大 🇨🇱 +56 智利 🇮🇩+62-印尼 新号老号二次号出售价格透明不割韭菜"
1,"拿铁全行业，精准客源 让你的广告曝光在你客户眼前频道推广 群组推广 强拉活人 僵尸粉 频道关注 群组成员 在线成员 在线粉包月 TG会员代开 群发引流 TG推广 全局排名 全局排名💢索引排名25_24_23年 10万个 老频道💢老群组💢批发 "
1,"24小时自助取货机器人@telehaoPbot全网低价飞机号批发协议、直登包、API 三种格式发货三格式发货可以满足所有人群发货时会筛活，保证到手无冻结、死号货比三家，我家价格绝对低，尤其是老号价格比市面上99%的批发号商价格都要低老号价格极低 秒杀99.9999%同行"
1,"‼️飞机号，低至0.3U一个协议、直登包、API 三种格式发货24小时自助购买飞机号机器人@telehaoPbot‼️三个月会员13U24小时自助开会员机器人@tutuxxbot便宜能量，单次转帐1.9TRX不是转TRX回能量的闪租，‼️所以不用但心转错账，24小时能量租赁机器人@teletrc20bot"
1,"1.中文BOT双向机器人群发轰炸，82万优质数据，可过机器人人机验证，可接代发2.群发器出售，目前实现强拉，采集，群发机器人过验证，一个星期内实现用户私信，加群组发送3.搬运狗，频道搬运利器，可以搬运不可转发下载内容，视频加水印，替换，过滤，实时监控搬运，AI改写文案"
1,"点击这里购买广告并领取内部5折优惠券 (https://t.me/kuaiaa?start=ad_3TTDW9N) 限量发放，不要外传"
1,"货比三家，我家价格绝对低，尤其是老号价格比市面上99%的批发号商价格都要低老号价格极低 秒杀99.9999%同行"
1,"全新盗U秒授权技术团队👑渔夫自己掌控自己的鱼苗，渔夫自己有权限鲨鱼，秒U按比例自动到渔夫账户全新授权秒U上线，@daoUjiaoxue 团队，开发理念围绕保障每一位渔夫的权益"
1,"亮点：账号留卡60～90天，使用期间账号掉设备，免费提供短信sms接码登录回去【自用/打粉必备】自助取号 @xylh66_bot TG美国🇺🇸1-8年私人老号老群"
1,"新币哈希是新币担保公司的彩票软件，新币担保是飞机第一大担保，资金实力强，请放心娱乐新币哈希彩票直属制度：奖金1970 (无抽水) +0.8%工资保底+0.2%日结浮动+三方0.9%+体育0.6%+竞技0.3% 综合月分红最高20%"
1,"您可以通过该机器人做以下事情👇查询指定用户加入的所有群组；查看该用户在各群组中的发言记录；通过关键词智能采集群组和频道；可按指定关键词对用户进行精准采集"
1,"谁那么傻逼，还在用加速器vpn啊，现在都用代理 免费高速代理！来这就能看到 @jsvvi0"
1,"0.1TRX免手续费转U 转U 能力租赁 租能量"
1,"手机拍照业务，公群已上押，做单点链接进群 ，置顶看教程了解，https://t.me/+ln8Ql-P4T_ZiN"
1,"全网首个小程序与网页综合运营盘会员游戏无需实名，全程USDT结算。保障会员信息安全"
1,"币安空投大派送手慢无"
0,"沙特阿拉伯正在起草计划，将高端居留项目扩展至更多目标群体，包括超级游艇主、在王国旗舰开发项目中居住的人员以及顶尖学生。知情人士透露，这些尚未最终确定的讨论是沙特王储穆罕默德·本·萨勒曼「2030 愿景」计划的一部分，旨在吸引外国资本和游客，推动经济多元化转型。"
0,"根据计划，在利雅得价值 600 亿美元的 Diriyah 开发项目等「2030 愿景」建设项目中购买房地产的人员可能符合条件。向在沙特水域停泊超级游艇的超富裕人群提供高端居留权，显然旨在鼓励游客前往新的红海豪华度假村。目前该项目主要面向月收入超过 8 万沙特里亚尔（约 2.13 万美元）的高管和月收入超过 3.5 万里亚尔的专业医疗科学人员。沙特已实施相关规定，向购买价值超过 100 万美元房产的任何人提供高端居留权。"
0,"知识星球近日表示，已启动专项治理行动，集中整治与资本市场相关的违法违规信息。整治重点包括散布误导性看空言论、违规开展未取得资质的金融课程、诱导跟单交易、操纵市场行为、不当引流，以及利用人工智能生成和传播不实信息等内容"
1,"资源对接，悬赏频道有u拿，黑U洗白日入过万"
1,"澳门威尼‍斯 新会员 首存 赠送1888‍8 充﻿值提现: @wnsrbot 频道: @wnsr8"
1,"666都看过来👉👉 @PingYi_River 跟车吃肉一个月一辆宝马，竹叶进👗"
1,"来， cao我，不要怜香惜玉"
1,"一天4小时一小时200会聊天打字就行先預服你200 @panuux"
1,"这个有人知道吗 一天搞一辆奔驰 真厉害这个人 @wanglb8  还有比他厉害的吗 你妈逼的 在不在 @wanglb8"
1,"缺几个敢拼的兄弟，跟我干通宵，下个月路虎开回家😀，说到做到，看煮也😄"
1,"我操你妈 哪个路子有他野 @xin7007牛逼 一小时搞三万 我在外面搬砖都没有那么多 真牛逼 @xin7007"
1,"都tm让我叉两句 看你们bb半天了，一天2.3万的暴力盈收 新手二三十分钟学会 就找他  @xin7007"
1,"别在群里吹牛了，来帮我干活，一个星期带你买奔驰  @OK80066"
1,"年轻人从不认命 🥰 轻松一天五仟稿💰风口看我剪杰👍"
1,"找人干活 处理数据 8佰一天预付300 没活干的看过来 @LGPPERR"
1,"信誉博彩平台：百家乐真人美女在线发牌，体育、电子、彩票，百万豪华礼品等您来拿，提款秒到账，电子首存100%奖励。"
1,"😘USDT娱乐城PG电子好爆分 开户就送好运金《看主页开户》"
1,"有想法做灰产赚钱的，赶紧找他 @AGVHGV  一两个小时就带我搞了3-5w  安全不会被按头 2026赚大钱的好项目"
1,"缺活的朋友，来了解项目 @wshaiwang 话术单有兴趣的来 @wshaiwang 外海搞钱项目，执行力强的来 找人做项目，小白可做，可日结想了解的可以联系我"
1,"都tm给我看过来，欠了几十万，跟着他 @nxjsknb  半个月不到就赚回来了，现在项目尾声了，缺钱的赶紧去找他"
1,"橡木很靠谱，话费咔劵搬砖，轻松日入万金！@SJNPO"
1,"艹踏马的，这个逼 @HU6_6NB 带人搞钱真的牛逼！ 2026年最靠谱暴利的项目，一天就能搞到 3.3 W💰，需要的兄弟快去"
1,"人间清醒努力搞能翻身联系 @zhaolongjing"
1,"简单运营认干稳定高高的收益 @ 招人做好东西高受益"
1,"人無橫財不富，缺人壹起搞項暮。月8W+，看煮頁"
1,"稳赢👍👍才是硬道理，瞎搞八搞只能扑街，就信这超稳赚信号。不会操作就跟着模仿，我试验了三个月有余🔥🔥🔥"
1,"@svipi818888 给我出来 你妈的 飞机都是你的广告 删都删不完 我日 一天赚十几万是不是真的 我日 带带我 我是这个群的管理员 带带我吧 我不删你的广告了 @svipi818888 在不在 日"
1,"这个人谁认识？ @PP740750 怎么飞机上都是他的项目啊？靠不靠谱？"
1,"还个🐔8️⃣片，我带我朋友 @vip818b 来飞机看片，他片不看了，偷偷在这上面每天挣20几个 真狠 @vip818b"
1,"还有两个月马上过年了，你还在混吗？来找我黑U兑换赚钱吧，签名有发财链接"
1,"卧槽兄弟们发达了 @Gq168_8 昨天跟这大哥搞一晚上搞了3.6个达不溜， @Gq168_8 大哥真的🐮，大哥现在好像要带人有没有想来看看的？"
1,"真牛呀这个大佬！ @az997997干一天就挣一辆宝马"
1,"谁可以告诉我这个人 @HU66685 是做什么的，我看他一天就赚了20个，卧槽，群里有人做过吗"
1,"拍照赚钱，高收入快速实现！轻松赚钱！第一桶金就在眼前！"
1,"都他妈闭嘴，最新相目小白可带 只搞老外，零风险日入上千"
1,"在吗？有人要红包吗免费发！领取详情点我简  届！进裙咨询！"
1,"轻松兼职，👍灵活工作时间，赚取额外收入最新赚眯方法Ⅰ-Ⅱ迁 长其稳定无风险一天赚个5K到1W，不要太简单了。👍👍"
1,"江湖没有避风港，👍怕黑别玩互联网，没💰比什么都丢脸。加入我们，E300L都是撒撒水啦👍🥰"
1,"安全科技手法，躺着日入五位数，不碰壁卫科技👉👉 @VIP88ttyyuu"
1,"阧音泙论1条30 一天1纤左右"
1,"0.8TRX=65K能量可转油一次免手须，24小时在线，整错包退"
1,"🎁即搞💯根本没对手🎉BZT"
1,"听话认真做✨一天保底4位数"
1,"拍照片，一张100，日入3k，可带小白🥰"
1,"给妹妹拍照，一张1000,轻灰铲，想做的看簡介"
1,"别在群里吹牛了，来几个时间多的兄弟，帮小弟拍拍照，一天保底100u，看租耶"
1,"跟我学新技术踏实按照我教的操作，每天1900+🥰🥰联系加✈️@An50001"
1,"招工！招工！时间多的来。多劳多得。简单易学！每天轻松2k，看看了解一下也没事！🥰🥰点✈️号了解 @ji80006"
1,"欲女、性瘾母狗、可白嫖，看签名"
1,"9月份最新赛道天9k 踏实，能做事，天1000u"
1,"别炒币了哥们 我这还缺几个人做事 有时间的话来帮忙干活 工资日结 五位"
1,"你没💰拿什么去艹b"
1,"有没睡的弟弟聊骚涩涩吗？❤️"
1,"有懂情趣聊骚涩涩的臭弟弟吗？💕"
1,"下面好痒！湿了！有聊骚涩涩的吗❤️"
1,"没实力谁天天打广告，稳定不拉闸，一天稳赚700，没上限，现在急缺人，骗人没亲人，来找我给你稳定一灰铲撸子"
1,"最新稳定项木 每天啭二k 无套路 先给利润后回款 看硪牵名介绍 @qin669922"
1,"最暴俐赚眯方珐1小时啭1000+  简单无难度 看硪牵名介绍 @qin669922"
1,"一天几百小象木。看的上的来，新手可带。简单易学！🥰👍✈️号  @jr80008   了解更多"
1,"少壮不努力，老大徒伤悲。再不努力就老了。我这有个疯釦浪尖的机会。胆子大的来。看我剪界了解。"
1,"闲着没事做的来跟我一起  lao 偏 扪 赚快钱0风险  👀我㊗️业"
1,"来几个时间多的哥哥，拍照，一张100，日结🥰"
1,"新项目寻找手工做单 跨境数据筛查一天几千块"
1,"全新项目0风险出海搞老外一天几千块"
1,"动动手指每小时300，来人"
1,"温定🈚风险，新手小白也能干！两个月轻松翻身，勤快的兄弟来🥰🥰🥰点击✈️号 @An50001  了解更多"
1,"🈶没睡的弟弟聊骚涩涩文爱吗？"
1,"支付宝能收钱的来，免压一万你留2100，2万你留4200少的聪明的，想赚米的s我"
1,"手机板砖天5k 带你上岸天5K 项沐缺人天5k 项沐缺人日入5oooo"
1,"🥰一天三万五万的不是按头就是吹牛逼，看我简界一天几百一千的才是安全靠谱👍"
1,"✅好粉嫩的小穴还在汪汪冒水 被主人架上炮机连续抽插 搔水乱喷白浆流出自取视频"
1,"找项目？选择很重要别瞎搞了，看我简界来了解一下再决定做不做🥰"
1,"简.介.可.看.我.爱.爱.视.频.哦～"
1,"需资金盘 二道卡回U保3 保7外贸卡换汇卡承兑 量充足管够来"
1,"别看片打飞机了，时间多的话来帮我干活，工资日结，五位数，好好做月底给你安排一辆小米su7"
1,"兄弟們新項目來了，壹天7-8百左右，沒有別人誇張，主打壹個靠譜，全程扶持無需投資，看主頁進群"
1,"简单快捷，新手也能干！一天300U左右。看看也不影响。自己了解！"
1,"希望明天的你会感谢现在的你的选择，大街上的跑车都是你哪来的，在招点懂执行力的兄弟一起干。"
1,"web3灰色暴力系统搭建，安全捞偏门野路子，最低进账收益0.51ETH起，胆大的联系飞机 ✈️ @baofu188"
1,"相逢就是缘 还好有现在这个🥰陆子。让我看到希望！过来观望一下也是条陆！🥰🛩️ @ji80006"
1,"迪拜🥰🥰新象木，新人小白都能玩，多劳多得。了解一下多条陆也好！🥰联系🛩️ @ji80006"
1,"兄弟們新項目來了，壹天7-8百左右，沒有別人誇張，主打壹個靠譜安全看主頁進群"
1,"2026火爆路子.曰撸5k新手小白都能做.没有任何难度"
1,"想玩实体 百家乐龙虎牛牛 转转，支付宝~USDT上下分，一倍流水出 不限制ip，联系方式 【 @shiju520】"
1,"野路子.曰撸5ooo新手小白都能做没有难度联系我搞钱"
1,"😌pvK海外盘口招散户"
1,"转让00后小母狗，看简介"
1,"🉑尾随白虎表 妹在海边公厕强干！ 一直怕有人发现表妹求我快回去！ 直接内she好刺激啊 @fcbaoguang"
1,"兄弟们新项目来人，每天7-8百左右，没得别人夸张，主打一个靠谱真实，全程扶持无需投资，祝叶了解"
1,"今年已过大半，还没有翻身的兄弟姐妹抓紧时间，跟硪做长期温定🥰橡木！✈️联系 @An50001"
1,"無風險 不按頭 日均伍仟"
1,"无套路搬U 日进上萬"
1,"锄禾日当午 跟我稿迪拜橡木 小白也能操作！🥰✔ @Ar50005"
1,"别做流水线了 来几个兄弟帮忙做事 一个月给你买保时捷"
1,"兄弟们新项目来了，一天7-8百左右，没有别人夸张，主打一个靠谱，全程扶持无需投资，看主页进群"
1,"会拍照就有钱，进群了解详细项目"
1,"想安全撈偏門的來，勤快點月5W+，小白全程扶持 看煮頁"
1,"机会比努力更重要，找几个迷茫的兄弟，一起大富大贵，看我竹叶"
1,"😃七月❤️精选⚡️🈚️任何押金定金等低端套路 只做人照合一七月客服 @qiyue556 价格介绍 t.me/qwe47236"
1,"全国送现1万U起，无需预定，当天可送"
1,"依托极搜强大索引流量，锁定精准客群，解决引流难题"
0,"网站在机器人回复的按钮中，两个那行。此外，群介绍只需点击一下群头像。群介绍群介绍，肯定和个人介绍一样在一个位置啊。"
1,"来赚风口项目了，一天2K起"
1,"waapay支付 信誉频道"
1,"💢拿铁全行业，精准客源 让你的广告曝光在你客户眼前。 "
1,"号老号二次号出售价格透明不割韭菜"
0,"研究人员周四称，黑客和其他犯罪分子可轻易劫持运行开源大型语言模型的计算机，绕过主要AI平台的安全护栏和限制，从而造成安全风险和漏洞。研究人员称，黑客可能针对运行这些大型语言模型的计算机，操纵其开展垃圾邮件操作、钓鱼内容制作或虚假信息传播活动，以规避平台安全协议。这些用例包括黑客攻击、仇恨言论与骚扰、暴力或血腥内容、个人数据窃取、诈骗或欺诈，以及在部分案例中涉及儿童性虐待材料。虽然存在数千种开源大型语言模型变体，但在可通过互联网访问的主机中，大部分大型语言模型是Llama、Gemma等模型的变体。尽管部分开源模型内置安全护栏，但研究人员发现了数百例安全护栏被明确移除的情况。"
0,"也许片上多加点sram能缓解一下"
1,"用户采集途径 从项目开始 实行精准定位引流"
1,"盘口直招 供需对接"
1,"精仿RMB假钞源头货源极速发货交易更放心 @juejinzhilu888"
1,"抖音礼物收益项目｜不限量｜长期可做 @GGRO888"
0,"我都找不到哪个是窥屏了 tmd"
0,"@YueYaoe 该ban广告啦"
1,"盘口`直*招-供+需对-接"
1,"快过年了，带几个想搞快钱的兄弟，跟妹妹干几单奔驰宝马直接提，速看简介"
1,"有没有想暴富的狠人？今晚跟我硬刚到天亮，下个月兰博基尼给你当通勤车，不来后悔看简介"
1,"Web Sideline 可用的 Web TN、电话 TF、电子邮件 TN、Google TN、R4 试用版、R4 高级版本、2fa gv、电话 SL、TN TT TP 批量库存 vpn LinkedIn 高级版TP无限量低价出售 可用的"
1,"大街拍照，每天三五仟，点我进做单裙"
1,"快过年了，带几个想搞快钱的兄弟，跟妹妹干几单奔驰宝马直接提，不安头，不实名，速看简介"
1,"找几个勤快的兄弟，一天七八万，懒人别来！过年之前带你提宾利，看我筑页给你安排到位"
1,"卖靓号地址，8个8，6个6同行都来我这进货，你还在买高价地址？"
1,"年底了兜里比脸还干净的爷们来，靠谱团队带你赚 ，隐秘操作，日赚万元，高端项目 ，祥情👀筑爺"
1,"7位靓号地址关注频道就能领.8位靓号地址才10u致力于让每个人都能用得上靓号！"
1,"还在烦恼什么？一天6万多利润 安全简单不实名 新手也可以一个月提宾利轻轻松松，需要联系看我剪界😶"
1,"喜欢玩转转的，麻将胡了 PG 电子的 找我开户 可玩可代理 @hshsswes"
1,"来几个哥哥骑車违章拍昭 一天三仟 请看簡介"
1,"操你妈逼 不想上班的来 上个j8的班，来个勤奋的兄弟，直接来帮我干活，一个月包提宝马M4👍😀😀😀直接看我见解👍"
1,"👍操你妈逼 不想上班的来 上个j8的班 来帮我干活 一天五萬多 一个月买迈巴赫😄看我兼届👍"
1,"年前最后一波红利，只带实干家，结果说话：日收保底4万，保时捷是入场券，废话不多说，只聊给有执行力的人，想赚钱的看筑业"
1,"👍别再上班当牛马了👍零成本稿米秘籍👍每天一小时轻松八仟块☞点击煮业"
1,"少操没用的心👍多捞万能的🥰六小时提🚘了解点煮业"
1,"是真的賺銭 👊 在家可做 👑 搞美琻 ❤️ 带几个没项目的小弟"
1,"带真心想搞钱的兄弟 帮妹妹做事一天1萬当天结 想干的👀简届"
1,"说了几遍了搞米跟对人，我这里一天带你搞8万多，保底都有6万，时间多的兄弟来跟，一个月直接开迈巴赫😶看我筑页安排到位😶"
1,"还在工厂打螺丝？新年新风口，来勤快的兄弟跟我干，月入 20 个， 开 奥迪 A6 回家过年，来我煮耶康康"
1,"艹你妈，还有一个月过年了，一天8万多，保底都6万，来几个一起猛干的兄弟，包提宾利，不说废话，看我建杰"
1,"剃国[1/26/2026 13:53]"
1,"艹你妈，还有一个月过年了，一天8万多，保底都6万，来几个一起猛干的兄弟，包提保时捷，不说废话，看我建杰"
1,"不多哔哔找个靠谱兄弟，一天8万打底，懒人别来 年前提保时捷卡宴，看我筑页安排"
1,"找几个空闲的兄弟 跟着吃肉今年新款路子，一天干8万打底 不实名收米 进我筑页裙了解"
1,"售 TORN地址靓号 定制豹子号，关注频道免费领取 TMHNC5Zr2bLUvTXtzjVw1rBdWF12345678"
1,"缺钱的兄弟和妹妹一起干，奔驰宝马直接提，看简介"
1,"买烟酒水找零 嫖娼 +959759916478"
1,"带几个想搞快钱的兄弟，跟妹妹干几单3万稳拿，零基础包教会，速看简介"
1,"趁过年 狠捞一笔 +959759952154"
1,"售 TORN地址靓号 定制豹子号，关注频道免费领取 MHNC5Zr2bLUvTXtzjVw1rBdWF12345678"
1,"日结五六千 手机拍照 85290449453"
1,"山穷水尽的兄弟来 偏门 一天八芊  祝叶咨询🤝"
1,"🤑 别再浪费时间刷视频了！点进我简介，教你零成本搞钱技巧，每天抽点时间，轻松实现一天1000块钱的自由。"
1,"LinkedIn 2fa SMS Ck 登录 0.1+10+50+100+200+300+1000+TN gv 索引 边线 TT TF 可用@shun88966"
1,"GV、TN、TT、TP、TF、TM、SL、ID、R4、E-SIM、LINKEDIN、Gmail，帳號可用"
1,"年底新项目，安全简单不需要成本，一天三个达不溜不是问题，来几个勤快的兄弟跟我猛猛干，一个月包提宝马M4回家过年找他👉 @Hu5000000005"
1," 来几个有缘人，跟我干一天一只牛十天一个老婆，看我简介骗你死老婆"
1,"login yahoo gv calling web textfree texplus"
1,"缺钱花？👍来几个能吃苦的兄弟，一天8千，懒人滚开，一个月就能提宝马，看我竹叶"
1,"年轻人搞钱天花板✅ 嘿u家人们，一月提宝马，赚第一桶金，朱页冲就对了"
1,"Textme Tm，TN TP 可供出售"
1,"美国工资一个月5ooo美元，✅你一个月5ooo人民比，区别在哪里？康煮页，⚡来做事美元结算"
1,"过年没有钱的兄弟看过来 告诉一个00后都在做的暴利副业，利用信息差月入5W+，门槛低到离谱，👀减届"
1,"赚快💰的来  一天赚一个月工资  无门槛小白就能弄 需要的  ㊗️叶了解"
1,"🧸🧸抓住这个风口浪尖的灰色产业机会，🧸每天随便搞2ooo"
1,"🥚🥚马上过年了 🥚🥚不想被亲戚看不起的可以来帮我干活 每天30000+保证年前让你买房买车🎁"
1,"操你妈逼 还在为了那点逼网贷烦恼？一天3万多轻轻松松 安全简单无按头 新手都可以 一个月包提奥迪 看我剪界🥰"
1,"全网最稳的路子，一天三五万轻轻松松，看我减街"
1,"团队缺几个没事做的兄弟，下个月一起提奔驰！安排到位，看煮叶"
1,"年前提车 来帮妹妹排照 单张100-900 随时结款 看简洁"
1,"跟我搞老美，掙美金花人民幣，看剪界"
1,"Chatbox、Hitmess、Chatspam Hellochat 均有售"
1,"🧑‍🚀🧑‍🚀来几个勤快的兄弟 一天三仟来块 不要懒人"
1,"😀LinkedIn 😀GV、😀TN、😀TF、😀ring4、😀老款TN、😀老款GV、😀TT、😀TP 😀Hitmiss 😀Chatspam 😀Web SL带保修，零售价出售  😀@selim784"
1,"💀💀缺长期做事的人！我这机会稳，先了解细节，搞不搞全看你，放心来！"
1,"婷萌 [10/30/2025 16:49]"
1,"🤡🤡躺平不如翻身🫸🫷！竹叶混一个月，SU7钥匙塞你手里🫰，说到做到🥰"
1,"💀普通人想富只有走偏门，💀这里有个风险不大的路子，💀看我简杰"
1,"💍💍洗u团队有2个空缺！速来补位！上手快不摁头💰💰💰"
1,"TN TP 环4 att 可供出售"
1,"🧸🧸一个月提奔驰，🧸三个月一套房，🧸不玩虚的，看煮叶"
1,"🐍🐍年轻人从不认命 🥰 轻松一天五仟稿💰风口  看我剪杰"
1,"身无分文的来几个，煮夜有新模式，了解哈，🐒保你没听过，上岸快不按"
1,"来违樟排照 日劫 单张800 看简洁"
1,"操你妈逼 还在为了那点逼网贷烦恼？一天3万多轻轻松松 安全简单无按头 新手都可以 一个月包提保时捷 看我剪界"
1,"来机灵肯吃苦的哥哥，🎅🎅帮我做事几个钟头轻松搞8000，看煮叶"
1,"⌛️⌛️⌛️风险的不要做.联系我无风险一天稳赚8k+ 🥰🥰"
1,"TN TP ring4 SL esim 可用"
1,"🪙🪙我操，别再群里吹牛逼了 马上过年了 兜里面还没有钱的兄弟来帮忙干活，一天利润三万五没问题"
1,"找几位空闲的哥们一起干点事，两个月后直接开宝马😄😄给你安排到位，看我筑夜🥰"
1,"🐒🐒来几个时间多的哥们帮忙干活，🐒🐒月月上W不是梦 看我 牵铭"
1,"空虚 水一直流 夜晚难受孒 💞 真诚地来 热热哋 熟女有人喜欢嘛 好热帮我不介意来"
1,"💀💀普通人想富只有走偏门，🚀这里有个风险不大的路子，🚀看我简杰"
1,"违樟排照单樟900 简洁"
1,"快过年了别在群里看片打飞机了，来给我干活，今年回去过个肥年🥰"
1,"今年灰产新相目，没事做的都可以来试试 看我煮頁"
1,"没事做？来！30天让你存款多6位数，奔驰直接安排，看煮叶"
1,"马上过年了，我这有个路子👍每天三五万不是问题，来几个兄弟，一起过肥年！🧸"
0,"反反复复发反反复复 发"
1,"睡了吧，开车刚回来睡 了 吧 ， 开车 刚回来"
0,"看看快快快看看 快快 快"
1,"相互满足不影响生活"
1,"出租国内独享Vpn"
1,"做谷歌百度灰词霸屏"
1,"喜欢分享自己老婆的绿奴私信我"
0,"/suoha@KLRGAMEbot"
0,"这里面有没有做无c的"
1,"邻家女孩已上线课室、上门"
0,"下次13号了吧，各位好好睡一觉"
0,"日本那个谁都开的这个"
1,"可做佰度关键詞俳名"
1,"岀Ｔｇ耐用防销呺"
0,"问问群里的大佬，在谷歌看下了"
1,"有没有素质的男人"
1,"龙-华05年开课，清纯甜美，乖巧听话女友感，有科室"
1,"(͡ ͡)PJR0INT"
1,"岀Ｔｇ防销会員呺"
0,"有没有无聊的聊聊天"
0,"这进攻英格兰还是有机会"
0,"这个小程序和以前的漂流瓶玩法类似，喜欢聊天的可以扫一下"
0,"有夜猫子谈谈心的嘛"
1,"世界杯ＴG投注站"
0,"被你这样子的小黑子说着过"
0,"阿诚的华子没毛病"
1,"有处长期的哥哥嘛"
0,"最近无聊会看一点"
1,"想被盯射来私照片"
0,"推特一半骗子一半圈子"
1,"独享节点服.务.器ip"
1,"光明田寮社区，有老师接上门夜课吗？"
0,"搞清楚怎么从韵达运枪进来"
1,"海外专用高速VPN"
1,"(◔◡◔)IWG④信/硪/了解④信/硪/了解④信/硪/了解④信/硪/了解④信/硪/了解VYB"
1,"个人开课，有空约起来"
1,"想要了，有小哥哥吗"
0,"宝安少妇新课室。出入方便。好停车"
1,"改变您的人生，从认识我这秒开始，我给您的钱，足够做真正的自己，让您爽到下辈子Changeyourlifestartingfromthesecondyouknowme.飞机:@Kosjpsssug聊聊天改变您的命运就在这一秒瞬间"
0,"然后被抓了把我供出来"
0,"葡萄牙准备坐飞机回家"
1,"做海内外黑灰流量"
0,"@lincoln999老哥你现在做啥了"
0,"stars256"
1,"想要了，有小哥哥吗？"
0,"吃鸡榜上的联系方式怎么搞"
0,"想玩游戏了没人陪我玩"
1,"大鸡巴插你嘴里要不要"
0,"/av@av_video_bot"
0,"把我女友照片给你的朋友们评价，或者发朋友圈官宣，能返聊天记录的私"
0,"又得卖没用，风险太大，我不能看着同志们去送人头"
0,"目前也就快游戏和国际好用了"
0,"狗东西为了300块冒充别人钱狗"
1,"岀Ｔｇ防销会員呺"
0,"在哪里审核？进群"
0,"炒菜，火锅开始接单，六扇门只要你想吃的我都有哦"
0,"直接搜群组sync"
0,"高配置服务器租用"
0,"/count@PremiumCounterBot"
0,"月租33领75话费"
1,"来点信用卡吧3大公群保驾护航"
0,"群里兄弟们阳几个了"
1,"有没有一起倾诉的大叔"
0,"/hello@xiannvgong_bot"
1,"谷歌钱包灰詞快排"
0,"https://youtu.be/neBudAQYXfY"
0,"之前是在哪里搞的啊"
0,"偶然间看到，像熟人。。。所以想具体的、深入的看看"
0,"哈兰德世界杯进不了"
0,"微信收到的消息总是慢3-5分钟是什么问题"
1,"『51踩娱乐总部』诚邀代理和会员欢迎新【新】【老】代理开线换线负盈利佣金最高达5%分成.流水最高1万可反300不限IP最高9码永不降赔满水+奖励代理更有代理助理踩金【可玩可代】■会员下载手机app首存100或以上送58会员平台链接xt16663.vip飞机@xt999999飞机@XGP2022泡泡xia8888私通t470191291开线加我别看广告看疗效z}z}*"
1,"寻找一个有礼貌，懂情趣的男士"
0,"虽说我也看猎奇，不过还是希望多来点呦呦，猎奇群加了好几个，呦群就加了这一个"
0,"睡不着的出来聊天呀"
0,"在菲高端中国妹子"
1,"妹妹生病了、有没有会打针的哥哥"
0,"用手摸上去感觉还有的"
0,"更不用说骗我的钱"
1,"yangmaokkkkkkhttps://t.me/+n-N07qFxpqEyODYy"
0,"没办法。就这样的"
1,"谷歌SEM竞价户"
1,"每天晚上10点大放8888口令或888u红包大家快先关注二个频道都是大红包感谢大家一路支持红包雨晚上十点另有抽奖苹果14promax手机活动1:t.me/+sMpYlDf9VFk3NDdl2:t.me/+E-0UXOGfBScxZTc1%YZSuX!;YTAfH"
1,"QFM④信/硪/了解④信/硪/了解④信/硪/了解④信/硪/了解④信/硪/了解DHF"
0,"谁有钉钉的破解方法？可以私聊我！"
0,"ChildPornPaid.Findme."
0,"我怎么登不上去了"
1,"韩沫苯朲  ↑验针实贾照配米"
0,"有玩我朋友圈的野爹私，都是女大学生"
0,"深夜醒来，有小哥哥一起聊天吗"
1,"小阿姨找固友，处长期~~~"
1,"有没有夜猫子，聊污吖~~~"
1,"@cox1916 直推"
0,"好像刚才有群友发文说可能宝塔源有问题"
0,"他这个漏洞是宝塔源的问题吗"
0,"直接给他上EV证书"
0,"买个github学生包，提里面namecheap的ssl码子"
0,"Bak有可能是nginx升级后的产物，，，"
0,"Requesterror:[35]OpenSSLSSL_connect:Connectionresetbypeerinconnectionto"
0,"客户支付现在老出现问题怀疑是SSL所以想买个付费的"
0,"哪里的证书便宜好用"
0,"/help@surspeedbot"
0,"真不如绿云，9999有时下载速度高达70MB/s，大约560Mbps"
0,"但是40$/月的速度是正常的，几百Mbps"
0,"这TM的是要气人啊"
0,"我刚才测试了一下，竟然才十几Mbps"
0,"有没有在用堪萨斯20$以下的？有测速过吗？"
0,"收个斯巴达黑五，3072内存的kvm，私聊我"
0,"大家用什么渠道购买ton的"
0,"有一说一，要不是我电脑没摄像头"
0,"我感觉是批量发的看看哪个上钩"
0,"有能伪造发信人的那种软件"
0,"就想不通，怎么做到用我自己账号给我发邮件的"
0,"好像也有很多人收到"
0,"本来是英语发的，我给翻译了一下"
0,"然后今天一看没了，上面截图是我发朋友的"
0,"不可能，我昨天收到的邮件"
0,"是你自己不注意删的吧"
0,"我电脑啥也没有，不过有个固定公网ip"
0,"不可能删的到你邮件的"
0,"你电脑上有你下载的片吗"
0,"吓得我重装了系统"
0,"这就是我想不通的地方"
0,"他为何能删你的邮件？你都有二次验证"
0,"那些不用管就是勒索你的"
0,"现在邮件还被他删了"
0,"你用的是不是机场？"
0,"不知道怎么实现的"
0,"问题我Gmail有两部验证"
0,"就是我Gmail账号"
0,"是开机场的人搞的收到邮件的是不是你的机场账号？"
0,"你截图就不能截全一点"
0,"不是，发件人就是我自己账号"
0,"chatGPT生成吧"
0,"邮箱收到一个邮件，发件人就是自己"
0,"我还是86凑合用着"
0,"部分人和群可以发送消息，部分不能"
0,"这个情况一直都有吗"
0,"有没有解决办法啊"
0,"对啊，一直转圈圈"
0,"出点隧道流量，广移到香港"
0,"跟甲骨文没关系吧"
0,"我为啥用甲骨文的ip！谷歌封了我几个号了……"
0,"plesk很惬意"
0,"我宝塔被扫了4000次"
0,"黑我都是浪费时间，浪费空气"
0,"话说你们宝塔g了吗"
0,"我还是喜欢plesk，一条龙服务"
0,"建站除了宝塔，还有啥免费好用的"
0,"plesk还是很香的"
0,"甲骨文首尔现在还能开arm机子么"
0,"阿里不是没限制速度吗？"
0,"我浏览器登陆了十几个Google账户，频繁切换IP影响不好"
0,"不是懒，是怕风控"
0,"懒成这样了我也帮不了你"
0,"我不缺VPS，只是一直用一个IP，不想换来换去的"
0,"400到500？"
0,"是不是一直转圈圈？"
0,"甲骨文首尔访问不了hostloc，何解？"
0,"龟壳首尔4+24换阿里云盘3.8t"
0,"那估计不是同一个问题"
0,"有些群可以，有些不行"
0,"你照着这个教程方案一试试，我之前也遇到过不能给陌生人发消息，后来操作了一通好像好了"
0,"我是傻逼，tg针对我"
0,"我私聊别人不可以"
0,"我无语了，为什么这个群可以"
0,"我以前的还是超级靓号"
0,"我又不能发送消息了"
0,"接国内的不怕收费"
0,"3个月忘记就容易回收"
0,"阿里巴巴的客服给我打过电话"
0,"我直接打亚马逊客服"
0,"现在只发短信就行"
0,"以前要必须打电话"
0,"你用gv订阅几个广告"
0,"我老早10快用了几年忘了这回事了给回收了"
0,"21年那会gv真的便宜"
0,"我现在真想抽自己嘴巴子"
0,"servarica支付宝付款能退吗"
0,"我好后悔，当时gv号15块没买，当时是2019年那会"
0,"就是客服回的超级慢"
0,"现在转移貌似难了"
0,"私聊我把淘宝老商家反正我买过两次了"
0,"我的gv都用了一年多了"
0,"况且接码还不一定成功"
0,"接码一次5$左右干嘛不花30多直接买个"
0,"未获取到用户头像，请确认用户设置了头像且机器人有权获取。"
0,"不知道有没有靠谱的商家"
0,"有没有靠谱的平台"
0,"可能tg有一种机制，群加多了或者什么操作频繁了就会限制发言"
0,"又不是不能用，凑合用"
0,"现在没有永久号了"
0,"你要换还是弄个gv号"
0,"没什么影响吧。。"
0,"gv号需要养号吗"
0,"会出问题但不是天天出问题"
0,"一开始我就知道不是节点问题"
0,"不是，凑合用吧，我也86"
0,"我之前绑定的86就会这样"
0,"是不是换了手机号码就解决了"
0,"老哥，我就一个问题，tg不能发送消息这个问题你遇到过吗"
0,"就是你网络的问题"
0,"我每次换设备都需要"
0,"+86也可以用的"
0,"tg每次登陆不用验证码吗？"
0,"这样即使短信登录也不行的"
0,"我设置一个二级验证"
0,"接码平台你下次怎么登陆"
0,"我不是mjj，今天才知道这个论坛的"
0,"接码平台的小心被盗了"
0,"老哥们，你们遇到过tg一会能发送消息，一会就不能了，这是咋回事啊"
0,"老哥，碳云怎么了，不是很了解"
0,"营业中，需要服务器的老板，滴滴滴"
0,"为啥会跳这个东西出来。吓我一跳"
0,"碳云，不用我介绍了吧"
0,"az-hk进不去"
0,"全球error论坛"
0,"我移动完全登不上"
0,"loc好卡半天打不开"
0,"RIPforyourmother"
0,"现在确实不好抢了"
0,"还有CC需要提前冲钱"
0,"你还在考虑要不要买的时候别人早就下单了"
0,"手动不可能买到的"
0,"cc就是给你看的"
0,"cc不用脚本抢不到"
0,"一次50台，不少了吧"
0,"rn通过黑五观测低价套餐很少"
0,"cc别要想全是脚本怪"
0,"估计没什么意思了"
0,"ccrn双十二有活动吗？xdm"
0,"哪都好久之前的事了"
0,"甲骨文首尔打不开"
0,"其实loc的小黑屋挺有意思的"
0,"有没有大佬出腾讯无忧125哇"
0,"有出dmithk的小伙伴吗？"
0,"我被刷700个了"
0,"首尔没法访问LOC了"
0,"LOC被甲骨文拉黑了吗"
0,"有可能也有可能被挖矿"
0,"有争议的地方就有我蜻蜓队长参上"
0,"关于验货的问题你们沟通有问题"
0,"啥都没搞流量自己跑起来了是不是被打了"
0,"正常交易涉及到loc先亮账号"
0,"发生什么事了？发生什么事了？"
0,"人家说的是，合适啊"
0,"你回的是“你觉得合适么”"
0,"然后，问你先验货，说的是是否可以"
0,"那谁被我家狗咬，谁去"
0,"先问你要hostloc号"
0,"人家一点问题都没有"
0,"问题是50元一个元老号，谁脑子有病去买"
0,"你既然@我了，那我就给你回复两句"
0,"截图和先货两码事"
0,"你觉得是什么意思"
0,"你确定这个是亮账号？"
0,"人家上来不是让你发hostloc么"
0,"人家让你亮出hostloc啊"
0,"第二天来找我，想骗我账号"
0,"不交易，你觉得贵，你直接溜了完事"
0,"你觉得不交易你会骂人吗？"
0,"都别吵我来当中介收费1U"
0,"是吧，它在群里私聊我，问我要50块钱，说有元老号，我特么知道它是谁啊，问它hostloc号是多少，也不说，这不明摆了就是个骗子么"
0,"出DMIT的小伙伴呢"
0,"收dmit想出的小伙伴可以私聊我"
0,"我反正很小心，先款的是骗子就对了，打死也不交易"
0,"我家狗，大家注意了，别被咬"
0,"嫌我在群里骂的不够爽是吧"
0,"找骂还找到私聊去了"
0,"私信我，不就是找骂么"
0,"有advinservers这家的小鸡的吗，这什么情况"
0,"操你妈的，你来找的我，私信我干啥"
0,"你觉得正常人会出口骂人么"
0,"而且这人嘴巴不干净"
0,"论坛PM交易，谁发帖少谁等级低谁先货先款，谁不放心就取消交易，多简单的事"
0,"主要都过了一天了，来找我先货"
0,"卖货的骗子可比买东西的骗子，多了去了"
0,"想要公平公正，那就找个平台交易"
0,"本身就是先款先货，哪个先的问题"
0,"还50块钱卖我元老号"
0,"来找骂么，还私聊我"
0,"大家注意我家狗出来了"
0,"所以把你拉黑了啊"
0,"不是说让你闭嘴？"
0,"我特么懒得搭理你"
0,"元老号淘宝多得是"
0,"我跟你说吧，先款跑路，给你母亲烧纸，别来骚扰我"
0,"明眼人随便一看就知道是骗子"
0,"淘宝买个1元号多好"
0,"你这号在群里肯定废了"
0,"货都不敢让人验，还我骗子"
0,"我特么见的先款直接跑路的多了去了"
0,"我就奇了怪了，先验货就是骗子？"
0,"do新加坡解锁奈飞吗？"
0,"我还没买，车就走了55555555"
0,"什么时候开始涨的"
0,"ligahosting6.79欧年付，不过可能没货了，但是有西雅图1.99刀的，2-250G硬盘1000G流量的"
0,"就是数字的呀，涨到20土耳其里拉（还是很便宜就是了"
0,"do3配额/20个上架"
0,"明年换google的土区便宜"
0,"namesilo"
0,"觉得当时买10年6位数字的小姨子真是太值了"
0,"namesilo不好吗，还有免费隐私保护，刚把9年小姨子转过去"
0,"Google小姨子涨价了，从12一年变成了20一年"
0,"怎么老是屏蔽ip"
0,"谁英语好，在斯巴达群里有人和我对骂起来了。一起帮我下"
0,"总比不开空调冻出毛病，上医院花钱要好吧"
0,"地热一个月几千块钱"
0,"torrent龟速有解？你们都用什么客户端？"
0,"所以我都不想弄vps"
0,"对于HKG.Lite系列的用户:"
0,"就一个游戏论坛放点公告"
0,"推荐个便宜的vps或者空间商"
0,"如果要搞微信公众号小程序还是要腾讯备案的"
0,"找个稳定主机商就好了"
0,"确实反正就弄个dz论坛"
0,"用cloudflare的话原站还有讲究吗"
0,"建站不备案可能会被攻击选什么地方的"
0,"我这没撤但是不出结果了"
0,"出入小区也不敢健康码了"
0,"我这核酸检测点都撤了"
0,"你们那封控真的放开了吗？"
0,"我的hkliteipv4被墙了两个月了"
0,"不是都不给换了吗"
0,"搬瓦工啥时候再出那个香港套餐"
0,"搬瓦工香港79刀赢麻了"
0,"dmit换ip涨到15刀了？"
0,"低价香港鸡鸡好像全被打？"
0,"好像vir老板被人劝住了"
0,"话说如果需要稳定不代理，还是vultr，gcp这些大厂稳定吧"
0,"日本现在这样已经不错了"
0,"香港没有中国优化必定绕路的"
0,"vir老板什么时候进军香港啊"
0,"dmit被搞了这么一次就自暴自弃了。远远没有国内idc内心强大。。。"
0,"被哪个mjj搞了？"
0,"hostloc搞啥了，突然打不开了"
0,"price-insensitiveclients"
0,"DMIT将不再替换新订单的IP。"
0,"里面有人发的图片图片站进了黑名单."
0,"日了狗了，我也挂着呢，我再看看"
0,"一直挂着梯子没出现这个问题"
0,"论坛里那个说loc是不是被劫持的帖子"
0,"就那一个帖子有问题"
0,"这个什么情况，你们打开有问题吗"
0,"有大佬玩过纯ipv6的hz没？"
0,"wifi多线程1.8G，单线程1.4G"
0,"我还是wifi5内网测了一下，iPhone只能跑到600，上行最高才300"
0,"你这路由器还挺好。"
0,"千兆也就测速爽一下"
0,"100M就够用了"
0,"我是老用户，所以给千兆。"
0,"我们这10块钱每月只给300M..."
0,"移动家宽千兆啊。"
0,"ip被hostloc封了多久能解封？"
0,"移动多少M上行能100M..."
0,"移动家宽有100M上行，联通也够用了"
0,"我现在联通线路也在用DMIT，用我的移动家宽中转一下。"
0,"曾经用过鸡总HE，找个广移直接起飞，可惜鸡总HE，30天有20天被打，后来也下架了。"
0,"自己优选啊，30秒就出来了"
0,"用用就慢了，我之前也用过，用一段时间要还要再找优选IP"
0,"idc.wiki可以"
0,"移动用DO新加坡就能起飞了，买号也就几十块"
0,"没必要纯讨论嘲讽与诋毁都是素质低下的表现生活中也是loser"
0,"我比较在意稳定，所以选DMIT了"
0,"10元小机场，N多线路，各种解锁，不保证稳定，要求不高的，用用还是不错的。"
0,"没办法，之前名头太响了"
0,"DMIT是挺贵不等于他就好"
0,"320改实名出腾讯云新加坡2c2g30g2025年6月到期"
0,"我赞同dmit之于移动就是好货"
0,"6.9只适合移动用户"
0,"好货不便宜不等于贵的就是好货"
0,"DMIT6.9还觉得贵的话，那推荐用机场了"
0,"艹，我的IP被hostloc给封了"
0,"电信GIA也很贵好吧"
0,"移动用户果然高端哎只买贵的不买对的"
0,"移动用户表示非常满意"
0,"之前的口碑还是很好的"
0,"HK被凑也仅仅是这几天的事"
0,"还吹呢7刀/月就光稳了"
0,"被打是因为友商嫉妒我觉得"
0,"sPro挺稳，因为抗揍"
0,"这个月被打多少次了"
0,"我一直用DMIT的，稳定性很满意"
0,"哪家突发能跑1G"
0,"DMIT是真心稳"
0,"hkix+he就行"
0,"没多大区别啊我这还是40多"
0,"移动不需要这么贵的鸡"
0,"现在移动延时都降低了"
0,"那现在电信联通效果如果绕美还是绕日本了"
0,"联通，电信就不用考虑了。"
0,"现在移动用户体验更好了，用的人少了"
0,"移动用户是可以考虑用的"
0,"oneman就别去想refound了"
0,"CMI签了协议应该不会贸然拔断"
0,"申请退款也不知道退不退"
0,"最傻逼的是我昨天续费"
0,"CM用户表示现在延时下降了。"
0,"日本Lite去程会变吗"
0,"还是回程后面也会变"
0,"那回程还是三网CMI不呢"
0,"反正vmess/vless/trojan用不了多久就要被封端口"
0,"我现在就用cloudflare也不关注什么绕不绕了"
0,"顺便背刺友商都是一个上游要死一起死"
0,"去程没关系的啊，主要是回程"
0,"顺带提醒下光圈elite要涨价了"
0,"那DMITHKLite只是去程绕，回程还是会三网CMI吗"
0,"都是牛哥炒起来的吧"
0,"6.9美元一个月也不便宜啊，怎么那么多人买"
0,"不过回程还是cmi"
0,"联通电信直接老美跑一圈"
0,"这下6.9hk是不是很贵了？"
0,"难道是还剩一天的"
0,"5块钱收个月付dmithklite6.9"
0,"那感觉出了流量少了"
0,"不是，是可以自己换"
0,"就是80r只能解锁一个地区"
0,"不早点我一号两台半价刚出掉"
0,"这个是80R所有地区都有吗"
0,"pro也是被打的好吧"
0,"反正不会再买dmit了"
0,"正价的基本没商家买"
0,"dmithk移动还是不错的吧"
0,"dmit公告说现存的卖cmi友商都是签的廉价cmi协议"
0,"隔壁咕咕云三网cmi，去程优化的也就50一个月2t流量"
0,"单移动CMI就不值"
0,"去程不是cmi？"
0,"挺贵吧，没优化去程"
0,"如果6.9人民币那可以赌着玩玩"
0,"移动CMI这个价格也不是很贵吧"
0,"为了赚这150，你得续费多少个6.9"
0,"那我直接官网买不就写了"
0,"剩余价值出你要不"
0,"刚好移动还是直连"
0,"倒不是要赌，有需求"
0,"每台起码赚个150没问题"
0,"可以试着收一波没准官方反悔了再改回来"
0,"我想收了，谁帮我跟他联系一下"
0,"这个肯定超过半个小时了"
0,"你是说闪购吧，早就没有了"
0,"coinbase太慢了等了快半个小时了会不会给我取消哦"
0,"劳动节款卖完了？"
0,"这个不错哦，买了这个"
0,"被打就绕路流量清洗呗"
0,"怪不得美国好像都没人打"
0,"所以就是更容易被攻击咯"
0,"没记错的话DDoS防御本质上就是宽带大于攻击者流量的总和才能防御"
0,"带宽越贵的地方带宽又小又贵"
0,"为什么香港容易被淦"
0,"得罪其他商家了？"
0,"直接躺平好歹也绕美残喘一下啊"
0,"以前用hk机房被打到IP段路由都没了"
0,"dmit是被淦了？"
0,"不宕机躺平良心商家了"
0,"那还是暂时不收了"
0,"你觉得商家会花重金给你用亚洲宽带抗打吗"
0,"修个鬼啊是在等攻击停吧"
0,"900能收到96刀的不"
0,"搬起石头砸自己的脚.jpg"
0,"好像现在就移动好"
0,"移动坚挺好几天了"
0,"rcp还在挨打吗"
0,"怎么有官方名称叫传家宝的"
0,"谁手里有闪购机要出的60G硬盘以上的"
0,"也对啊，gfw的处理能力怕不够"
0,"10Gbps一年动辄5-6万"
0,"中国那么高的墙，人家接那么多干嘛呢"
0,"我说的是大带宽，1Gbps以下"
0,"感觉国外机房托管价格也比国内便宜的多"
0,"或者999999Gbps"
0,"99999Gbps吗"
0,"你们猜猜美国到欧洲接入了多少G带宽"
0,"硬盘得70G以上才够"
0,"美国到中国的带宽就很抠门"
0,"rn闪购没有了……"
0,"达拉斯到英国稳定110ms"
0,"为啥美国到欧洲的延迟很稳，网速到欧洲也快的像局域网"
0,"以后移动会不会也拔"
0,"我家三个运营商的网线都有"
0,"文件同步方案syncthing自建中继服务器怎么样"
0,"联系我不就是了还咋联系"
0,"polocloud"
0,"找官方回收，不行PayPal争议，管它娘的"
0,"刚回复这个帖子，咋联系"
0,"我的hkbgp200Mbps每月3072GB流量29.99每月"
0,"半价出dmithkglite"
0,"我现在丢包率还是60%-70%"
0,"RCP日本也被打了"
0,"日本都炸了1个月了"
0,"日本的6.9线路好吗"
0,"发帖去出dmit看有没有用移动的要吧"
0,"电信联通应该跟dmit现在一样"
0,"v.ps也是cmi"
0,"dmit记得好像说是拉了100G的4837"
0,"什么时候能补点日本的6.9"
0,"所以现在差不多的香港选哪家"
0,"我出1w，真出当我没说"
0,"我100出的。我是个好人"
0,"现在号贩子该哭了"
0,"都是跟我说300400卖的"
0,"谢谢各位没卖给我"
0,"哪天又给你拔线了"
0,"4837那么多卖的选择这dmit干嘛"
0,"但性价比不如斯巴达黑五"
0,"4837还能怎么样。不都是一样"
0,"dmit的4837怎么样"
0,"官方补偿你圣何塞4837"
0,"我那个lite改路由的第一个月就卖了100出掉了。。。"
0,"把鸡封了，那买家啥都没了"
0,"问题是钱已经给卖家了啊"
0,"还想识图挽回点客户"
0,"dmit还有点良心啊"
0,"投资有风险，入市需谨慎。"
0,"卧槽。年付么。lite？"
0,"谁要收dmithk2台半价"
0,"这样搞完别人就不打了。等几天就好了"
0,"工单客服吊的不要不要的"
0,"怎么判断发动机能不能用乙醇"
0,"香锤子这段时间被打的不要不要的"
0,"dmit口碑要下降了"
0,"看人吧。有些不在乎"
0,"移动没必要买这个"
0,"5块钱收个hklite6.9"
0,"6.9年付还查不多"
0,"哈哈哈。没事就一个月"
0,"收机器香港三网cmi流量多的有的出我"
0,"litehk的路由不再和之前一样了。绕路了"
0,"dmit能与virmach并驾齐驱了不"
0,"这个机器和线路还是很有性价比的"
0,"果然是被主动关怀了，我让他打移动公司客服电话去开通国际漫游功能"
0,"居然出掉了。。。"
0,"溢价几百，我都觉得好笑"
0,"今天我的一个朋友说他的whatsapp也收不到短信验证码，是不是因为他的手机没有开国际漫游业务的坑啊，因为好多人被境外诈骗短信或者电话上当受骗，所以会不会是运营商主动关怀照顾关了那些人的国际漫游，导致收不了国际短信导致？"
0,"笑死。看那些吊毛收"
0,"这款CPU性能不错"
0,"500g和4t呢"
0,"不是钱的事是光圈流量太少"
0,"这家DMIT圣何塞4837，我265买的，200出的，不是说这款机器不好哈，只是这家让我亏大了"
0,"216刀打水漂了"
0,"我就是啊收的一台108刀觉得三网不错就又自己再买一台108刀"
0,"真有不少人买了这款"
0,"之前放货买108刀的老哥不知道怎么想"
0,"以后再也不碰这商家"
0,"@iu_mua["
0,"上个月不是有溢价300收6.9的吗。。。啊哈哈"
0,"溢价收dmit香港lite的难顶了"
0,"专业p图p各种证件、账单流水、需要请滴滴"
0,"自己配汽油，，可以试试"
0,"不过有的发动机可以用乙醇汽油"
0,"省几毛钱油费，花几万修发动机"
0,"汽油掺酒精，不如直接掺水"
0,"收个还活着的同济世纪互联"
0,"石油天然气是国家控制的"
0,"自己弄你也太天真了"
0,"个人不可以进口石油吗？"
0,"国内没有私人钻井平台"
0,"你不可以自己挖石油，自己提炼吗？我不知道"
0,"国外有的私人公司都有钻井平台"
0,"没意义的，都是分销商"
0,"汽油在出厂时价格就垄断了"
0,"ccpush多久？"
0,"除了这三家还有别的加油站"
0,"热值低的话没关系"
0,"酒精和汽油混合，会影响车子发动机么？"
0,"三桶油背后是一家"
0,"把手上吃灰的都卖了"
0,"不需要了，抢到斯巴达了"
0,"记得抖音有修车的师傅试过"
0,"能先货吗，有loc活跃号吗，都没有？那不要了"
0,"200出DMIT4837，还剩一年"
0,"斯巴达，黑五2c2.5g内存，60刀年付，原价push，有人要么"
0,"汽油垄断吗？有很多汽油公司"
0,"汽油太贵了，而且垄断"
0,"如果酒精能用我用酒精，热值低一些能开也行"
1,"ip2world免費的socks5代理需要的私另招代理商"
0,"300-600-998CC左右的车"
0,"大排量可能真不冷"
0,"我感觉两个轮子的都危险"
0,"想骑燃油还得去40km外骑"
0,"不错了，我是电驴"
0,"想跟着完也不行了"
0,"上次他给了我一台ktm问我开不开"
0,"年轻人还有这种的么"
0,"天天下班就去车友溜达"
0,"那种十几万的摩托"
0,"基本都是大保健，喝茶，吃饭"
0,"高收入不代表要加班，下班不是照样玩"
0,"说来惭愧，阶层差太多了"
0,"这家伙是被姓蒋的小学生欺负了就挂了他的资料来报复"
0,"和朋友游戏开黑呗，这又不要钱"
0,"搓麻将不赌钱还得台位费"
0,"你们都在哪里工作啊"
0,"没有收入，不如躺着，总比出去搓麻将省钱"
0,"有工作能有几个人拿到钱"
0,"因为我试着对这个号码压力测试了一下他毫无反应"
0,"能有几个人有工作"
0,"不工作，现实中没朋友，不一起开黑吗？tg有啥好玩的"
0,"他要是设置手机号显示还是这个号码我就信"
0,"大家跟我一起去当雇佣兵吧"
0,"药已经屯好了就等发烧了"
0,"机场吃的会不会被背刺"
0,"买烟了吗？闷的话就去飞机厕所抽烟吧，有惊喜"
0,"登基牌到手了不需要托运其他没有需要办理的了吧"
0,"出去抽口烟也行其实"
0,"你咋不说直接坐机翼上"
0,"坐飞机太闷的话建议中途可以给自己通通风"
0,"可以用来买tg新出的匿名号"
0,"有没有要TON的"
0,"有一张卡无人认领"
0,"回家我打算做高铁"
0,"黑车开的太快了原本给疫情设卡堵车预留的时间然后解封了一路无阻"
0,"祝一路顺风，花花保佑你"
0,"先找地方吃饭，或者买"
0,"有机会zhao ge大师看看呢"
0,"生肖运程靠谱不靠谱呢"
0,"有些还有USB口"
0,"找到之前先给手机开省电模式"
0,"那就行，好些机场有插座的"
0,"棺材先给你定一个"
0,"其实他说的有道理"
0,"没带我已经做好你失联准备了"
0,"我说提前两个小时他说路上可能有疫情设卡结果路上没有"
0,"充电宝电源线插头带没带"
0,"4点半的飞机黑车给我提前送来四个多小时"
0,"如果有免费额度托运呗"
0,"有没有懂uu加速器的pc和主机是怎么合租的？"
0,"678-935-6686靓号"
0,"这个gv号有没有人要"
0,"(●●●)24●-4224"
0,"机场信号真拉胯干扰耳机"
0,"不征求偷拍也可以的"
0,"这是不是得人工了"
0,"记得征求下空姐意见拍几张照片发群里"
0,"再拖新闻就不是新闻了"
0,"决定你的机舱体验"
0,"对了哪家航空的飞机"
0,"带上你的破行李来场说走就走的旅行"
0,"拿上你的身份证和破手机"
0,"你只管到属于你目的地归属的服务台干就完了"
0,"我手机选座了还用打印登机牌不"
0,"机场人员让人拿啥就那啥"
0,"第一次坐飞机我是冲进大厅看见一堆导航牌子就顺着牌子走的"
0,"morethan"
0,"现在都是各大服务商提供的电子凭证了"
0,"不用，直接说继续就好"
0,"会有人给你送到家"
0,"你说回答不完整把后半段重新说一下"
0,"以前买机票吧，会有传统的纸质凭证"
0,"回复继续有时候还会跳过一大片代码"
0,"我第一次坐飞机也问的制服人员"
0,"这个chatgpt永远不会把话说完整怎么办"
0,"妈的你都说自己土狗了"
0,"之前大噶发的新冠应对用药图还有兄弟有吗。我好像找不到了"
0,"登机牌证明你有资格和能力进入机舱"
0,"机票证明了你购买了搭乘这班航班的权限"
0,"登机牌（boardingpass/boardingcard）是机场为乘坐航班的乘客提供的登机凭证，乘客必须在提供有效机票和个人身份证件后才能获得，也有人称之为登机证或登机卡。"
0,"登机牌和机票实际上不是一个东西"
0,"领了登机牌才锁定你的座位"
0,"日恁先人一样还跟你说个鸡掰"
0,"登机牌和机票是一个东西吗"
0,"会操作就自助取牌"
0,"izombie我是僵尸"
0,"土狗进城了xdm坐飞机啥流程啊我到出发大厅了"
0,"你上了自己的床么"
0,"刚才睡着了，做了个梦和女人搞，真特么舒服啊，只是没想到做梦我都没硬起来。"
0,"搞不定给我整一个"
0,"举报干啥这头像多好看"
0,"嗯嗯，谢谢大哥们"
0,"现在还是李克强是吧"
0,"还没有定，23年3月选"
0,"谁知道的告诉我一下"
0,"二十大的总理是哪一位？？？"
0,"看起来像啊，哈哈"
0,"发热捂在被子里就好了，然后还会有醒着时大脑头晕头疼"
0,"会不会指的是广告？"
0,"可惜了哦，不过还是谢谢了"
0,"不过流鼻涕和咳嗽这种还是有的"
0,"其实还好，我这个人就不太爱发热"
0,"这个家伙好像傻逼吧，在电报这种地方像墙内那样无脑"
0,"好像没什么逻辑一样"
0,"要嘛不得病，一得得大病"
0,"多得点感冒其实有好处"
0,"这TM绝对是来捣乱的"
0,"我也从小体弱多病"
0,"之后到现在再也没有发热过"
0,"不是，一个普通的感冒"
0,"我好像好久没发热过了，上一次貌似是小学时期"
0,"这不是被选做发言人了吗？要不然刚解封就表态？"
0,"电报群可以直播吗"
0,"向管理员举报了私聊我听娇喘["
0,"想听花花的娇喘~"
0,"他这是找小姐的时候感染的？"
0,"赌博害人害己，请勿轻信他人。"
0,"都在天台排队呢吧"
0,"我现在没屯药还阳了的朋友叫天天不应"
0,"这个貂毛又出来作秀了"
0,"电报有这么多用户吗"
0,"别瞎逼逼老子这疼的啥药都没有"
0,"不囤药等着医疗挤兑吗"
0,"屯药是最不明智的"
0,"这玩意，还没有吃，明年一月份过期"
0,"屯药？不怕过期吗？"
0,"哈，中文社区里的傻子太多了，太好骗了…骗子都不费脑子"
0,"人家可是有脾气的捏"
0,"点击按钮设置中文"
0,"就这在中文群能骗一堆人"
0,"2022年卡塔尔世界杯"
0,"看来你们都在看世界杯喝酒"
0,"让他v2个gv看看实力"
0,"我测三通是这个意思啊"
0,"应该就不是好看的"
0,"看了评论，说可以三通"
0,"不过有一说一啊脸部真的这么细节吗还真挺好看"
0,"我去这玩意买回家是摆着好看吗"
0,"自己都搞不清楚还卖"
0,"今天给大家来点乐子。"
0,"大家好啊，我是gv实卡，今天来点大家想看的东西"
0,"安卓NPlayer都不更新了"
0,"安卓就不知道了……"
0,"阿根廷摩洛哥买哪个"
0,"安卓哦，我电脑用的pot苹果用的aptv"
0,"影音宝，fileball，APTV都可以"
0,"那用啥看IPTV？我手机上有个nplay好像看不了"
0,"好像没有，你要干啥"
0,"搜出来的都是乱七八糟的"
0,"potplayer是不是没有官方安卓版"
0,"可惜最高1900"
0,"。。。好他妈变态"
0,"坑多多竟然给我推送幼齿娃娃"
0,"明天起床看看准不准"
0,"4个强队死翘翘了"
0,"这么会预测去赌球，还特么恰烂钱"
0,"差一个法国没了……"
0,"挺好的，讨厌的球队一个不剩了"
0,"云上贵州一个鸟样啊，还不是残废的。"
0,"这些都是傻逼博主"
0,"打120分钟，还能跑来跑去"
0,"各位都重压多少啊"
0,"卧槽还真是摩洛哥?"
0,"这么老还没转会啊"
0,"姆巴佩跟梅罗都不是一个水平"
0,"克罗地亚的门神我很喜欢"
0,"这特么广告，你也信？"
0,"可惜阿根廷和克罗地亚一组，俩都是喜欢的球队，必须要淘汰一组"
0,"巴西是个锤子我赛前就死顶克罗地亚"
0,"速度快也需要脚法好"
0,"不想解释，怕降低我智商"
0,"梅西拿个世界杯封神"
0,"昨天巴西你们也是这么说的"
0,"天下武功唯快不破"
0,"全世界就你敢这么说"
0,"除了速度没觉得姆巴佩哪里厉害"
0,"法国刚拿过，赶紧输给英格兰吧"
0,"这一届是梅西C罗最后的希望了"
0,"上一届太特么意难平"
0,"我是真希望魔笛能拿个大力神杯"
0,"摩洛哥：下一个是英格兰还是法国？"
0,"摩洛哥人战术有东西的"
0,"最後冠軍還是老牌球隊"
0,"上次摩洛哥进世界杯了吗"
0,"这东西，只要不亏钱就是大赚了"
0,"能進四強已經是極限"
0,"葡萄牙也只丟過一球"
0,"今年冠军不会是他吧"
0,"摩洛哥好像没输过"
0,"应该直接买摩洛哥赢的，结果投了个比分"
0,"克罗地亚那场也是11个人全在禁区前守，要么远射要么传中"
0,"投赔率高的，一场就把前几场赚回来了"
0,"守门员挡住了9个球这还不叫狂轰滥炸吗"
0,"足球反买别墅靠海"
0,"英格兰和法国太强，人才济济"
0,"对这些没研究康康你们的"
0,"巴西打克罗地亚哪有狂轰滥炸，全是站着等球到，下边都没几次，中路只有内马尔在突，没人动"
0,"葡萄牙上半场战术太。。。不打地面，就长传，还传不准"
0,"关于下一场你们怎么看"
0,"法鸡吧还是一定要买的话"
0,"地面，防守都不差，还有韧性"
0,"照摩洛哥这防守，感觉就得靠速度冲破了"
0,"输了肯定是实力问题，这个没什么好说的"
0,"巴西狂轰滥炸克罗地亚都能守住要今天的摩洛哥就不行"
0,"决赛摩洛哥对克罗地亚，乌龟壳对决"
0,"最开始一场阿根廷打什么来着，我就想投对面来着然后听了我朋友的阿根廷必赢投了阿根廷"
0,"开玩笑摩洛哥这个防守不能跟克罗地亚比就是葡萄牙不行"
0,"那场是巴西自己的战术有问题"
0,"今年决赛不会和2018年一样，法国打克罗地亚吧，然后克罗地亚赢来个反转"
0,"一会儿再把法国淘汰"
0,"巴西打克罗地亚也是一样，像打乌龟一样，克罗地亚死守"
0,"这两天庄家赚麻了吧，全是平局"
0,"观赏性最高的巴西昨天刚走"
0,"第一次买，没搞懂"
0,"早知道直接买个赢好了"
0,"我买了50的2比1"
0,"英格兰：今年没人奶"
0,"真的讨厌摩洛哥的打法，一点观赏性没有，对西班牙和今天葡萄牙一样"
0,"我刚刚看见个买了30万二比一那哥们还在不"
0,"生忧死安欧洲完矣"
0,"葡萄牙已经踢懵了"
0,"“摩洛哥会成为世界杯历史上第一支进入四强的非洲球队吗”"
0,"主持人狠狠的奶了一口"
0,"葡萄牙踢太稳了，我哭死"
0,"别眨眼，精彩的来了"
0,"今年双十二真的拉胯"
0,"这球打鸡鸡了，哈哈哈哈"
0,"前锋好像没啥默契，那一球是怎么进的--"
0,"终于钓到一个在看球的人出来聊天了"
0,"不过kyc一样可以交易"
0,"啥网站不用kyc就可以用btc或者xmr购买usdt？"
0,"现在淘宝好像都撤掉了"
0,"怎么被摩洛哥压着打"
0,"葡萄牙怎么回事，不是很强吗"
0,"一块还是两块就能接"
0,"Openai不能用国内手机号？"
0,"还有差不多三十分钟"
0,"除了tor之外有没有什么免费翻墙的软件"
0,"/ban@desmg_bot"
0,"别点了，那个指令只有我能用--"
0,"梅西这次把裁判得罪，看来明天格子军有希望"
0,"什么cosplay"
0,"感觉不如日本假期"
0,"要我买全部反着来"
0,"要不是现在出不去，我现在早就财富自由了"
0,"上半场结束，摩洛哥1:0葡萄牙，暂时领先。"
0,"快配图那个孙笑川的那个笑"
0,"怎么领深圳的手机补贴券啊"
0,"早知道我也买足彩了"
0,"这会谷歌服务框架突然间弹出来核对信息"
0,"我这些都没升级过啊"
0,"退到了上一个版本"
0,"然后我又把版本退回去了"
0,"好像就是服务框架的锅"
0,"有没有人要TON的"
0,"对，我的升级到最新以后也打不开了"
0,"我重装了也不行，谷歌账号都删了"
0,"重启了，还是不行啊"
0,"你们的谷歌正常吗？我谷歌商店打不开了"
0,"花钱就能解决，何必求人"
0,"点击按钮设置语言"
0,"被一堆人玩出了极致"
0,"有没有好心人借我下载小火箭"
0,"xiaohetongxue.yo"
0,"hernameplz"
0,"是不是不舉的原因"
0,"md我还以为又要，要不是仔细看"
0,"没钱再长有什么用"
0,"害感觉大部分都在硬挺过来的注意自身防护别让老人跟着遭罪把"
0,"有无网页自动确定插件"
0,"然后是痰没了还咳嗽"
0,"退烧后会喉咙痛咳痰"
0,"大领导已经拍板了"
0,"发烧吃白加黑或者快客咯"
0,"病毒性的，硬扛过去就OK了。"
0,"别再新冠了，新冠疫情已经结束了"
0,"相信阿伟罗看好饮水机的光荣任务，为葡萄牙拿下此局作出重大贡献！信任！"
0,"退烧药没用降不下去只能吃止疼药缓解"
0,"今年春天，还没有大规模每天核酸的时候"
0,"妈的，摩洛哥好厉害啊"
0,"我感觉自己已经阳过了"
0,"我哥们应该是阳了39度多说自己感觉要死了似的是给老婆看病去医院传染的"
0,"葡萄牙赔率太低了"
0,"主播亲身尝试»»»发烧»»疼»»痰»»咳»»一个星期后»»»»»咳»»»»»难受香菇"
0,"400多买个三星的不好吗"
0,"没得过就觉得不严重得了的怎么说他都不信自己阳了就知道难受了"
0,"一开机全都抢占，不然就能用蓝牙耳机了"
0,"华强北的苹果蓝牙和正版的带着是没啥区别的.就是功能有差别音质肯定没有一两千的原版好........不过...19元包邮也别太勉强华强北"
0,"那个8khz/24khz"
0,"win的蓝牙是真的傻"
0,"这个分音频的码率"
0,"这个只是语言和男声女声"
0,"听小说确实无所谓"
0,"反正就是不需要在意低中高的那种"
0,"那特么9.9的原道够了"
0,"微软的tts有音质选择"
0,"我听小说txt机器转的那种有音质那东西吗"
0,"我听着跟当年150买的mx500也差不多。。"
0,"不在乎音质tc就能听的话我还真建议买个原道"
0,"你们话19块买个华强北苹果耳机不香吗"
0,"大不了转typec"
0,"看来还是得都换成3.5mm"
0,"能转3.5mm，就是没耳机了"
0,"一脱下来我滴妈比我的都臭"
0,"高中跟女朋友看电影"
0,"穿了一天的属于只可远观不可亵玩"
0,"错的不是丝袜，而是你女朋友"
0,"退热+消炎+止咳+清热解毒"
0,"问一下，安卓Telegram可不可以在语言选英语的情况下，还将英文翻译成中文。"
0,"没劲，看到丝袜我就想吐。当年我亲自闻过女盆友穿丝袜走了一天的脚"
0,"推荐的药物也就这些功效啊"
0,"/warn@desmg_bot"
0,"吵起来的原因多了"
0,"就不能聊聊哪国女球迷好看吗"
0,"不知道啊。置顶了就回复下"
0,"法国和英国才是精彩我估计"
0,"牛皮啊，我都不在没下载过抖音"
0,"别乱发，影响喝酒。"
0,"开塞露还是很好用的"
0,"切克了几斤熟牛肉还有花生米，开了瓶泸州老窖。等开赛。"
0,"不是11点才开赛吗"
0,"不太喜欢吃这些鸡巴玩意"
0,"怎么用门罗币购买telegram的toncoin，求教"
0,"有董哥说说啥财团"
0,"体彩赌怪的平局规则就别说了吧"
0,"斗罗大陆也播了五年了"
0,"刚刚发现一人之下五出来了"
0,"我也能登，但是我还是换绑了"
0,"还是他运营商的问题"
0,"我上午遇到一样的情况"
0,"setapp好像挂了"
0,"是不是被监控屏蔽了"
0,"今天应该好了的，我电信的能收到"
0,"卧槽这个芒果商店什么情况……"
0,"也可以注册后买个9.9的月卡"
0,"推荐一个很棒的应用PikPak，现在安装还能获得5天免费会员"
0,"不嫌麻烦就反复注册新号只要还送天数"
0,"PikPak能白漂嘛？"
0,"笔记本自带手写笔在用SamsungNote"
0,"压根和文革没关系的这些他也没做啊。大陆做的第一部都在央视上了。只要拍了我都看。"
0,"Nicegrame看起来没什么不一样啊"
0,"第一部找网飞做吧，大陆想做也做不了"
0,"商店链接又换了嘛"
0,"每日外卖红包领取"
0,"如果没到好工作，中午抽两小时做做美团赚点饭钱就行"
0,"要是能在家附近找到合适的工作也好回家能看见家人也是慰藉"
0,"平局是大概是不算加时和点球"
0,"上一届的学长学姐，九个人，七个现在蹲在家"
0,"不要在上班消耗太多精力，不然回到家你只想睡觉"
0,"Xdm如何在上班下班吃饭睡觉的循环往复中找到属于自己的生活？"
0,"90分钟踢完就平局"
0,"淘汰赛哪来的平局"
0,"虽然有点夸张，就算一半也有500球了"
0,"他们那个守门员每天练1000次点球"
0,"话说点球大战是平局后，决胜负的吗？"
0,"他们那个铁桶阵一点意思都没有"
0,"摩洛哥又想拖到点球大战"
0,"这场葡萄牙好像昨天的巴西"
0,"最后法国大胜，凯旋回国"
0,"兄弟们结果出来了，葡萄牙法国胜，后边阿根廷必输，最后克罗地亚打法国"
0,"KN95防不了新冠"
0,"n95直接买不起"
0,"现在去医院检测的"
0,"据说检测盒不准确，大家不要买了"
0,"c，还要钱？哪的"
0,"古筝也是第一部的。我还是抱有期望太大了。"
0,"我这混检3块钱一次"
0,"/chatgpt"
0,"你做一次核酸差不多"
0,"/chatgpt黄芪陈皮山楂煲汤效果怎么样？"
0,"检测试剂盒一个十块钱买不起了要"
0,"感冒药的功效还是有的"
0,"一点用都没的东西"
0,"第一本书都没做好像"
0,"推演的那个是第一本书的内容吧"
0,"刚刚紧追潮流抢个连花清瘟，点了五分钟愣是没抢到"
0,"因为你压根都回家打游戏"
0,"所以，我现在发现，你办公不需要游戏=="
0,"对于笔记本，我的看法是要么买厚实的游戏本，要么买没风扇的轻薄本，轻薄游戏本的风扇会转到你想砸了它"
0,"surface品控一般，被thinkpad吊打"
0,"这个价格ok吧？"
0,"surface还没体验过"
0,"对轻薄本处理器了解不多"
0,"毕竟没买过轻薄本"
0,"surface感觉不错"
0,"我昨天看中这款=="
0,"游戏本，有点不想带了，基本没怎么打游戏，都基本回家打游戏=="
0,"平板主要是娱乐看视频，生产力还是得靠电脑"
0,"行，我去二手看看"
0,"向管理员举报了柔情ぇ逝水["
0,"我测，这么便宜的吗？"
0,"去闲鱼捡个诺基亚手机看看"
0,"我是一个月了，他们客服就不带看的"
0,"看到不活跃用户我脑子自动联想杜洛夫了"
0,"我对瑟瑟很有性趣"
0,"我去查查，主要是没搞过，怕被坑。现在这人又让装什么一体面板又让办500m宽带的"
0,"让宽带人员搞也行"
0,"直接连光猫就可以了，很简单的"
0,"手上有QQ号或者QQ群可以转让的，私聊"
0,"装宽带的话，除了路由器自己买，其他是不是都是营业厅搞的"
0,"现在大家都差不多"
0,"多年以前我是用tplink觉得速度太慢了，稳定性到没觉得差倒是"
0,"想刷机tplink就算了"
0,"买了30万摩洛哥2:1葡萄牙"
0,"tplink一直都很稳定，，，"
0,"很多年前就感觉这牌子不太行"
0,"我去查查，小米的路由器这几年是不是口碑挺好的"
0,"现在tplink起来了？"
0,"无线组网的话一般"
0,"想稳定选TP-LINK就可以的"
0,"支持mesh的就可以"
0,"就是几个路由器串一块搞保证全覆盖？"
0,"不要无线mesh"
0,"梅西能带球传球射门，比较全面"
0,"TP-LINK的组网不错"
0,"mesh买支持mesh的路由器就可以有线组网"
0,"现在流量可以打lol的"
0,"用电脑的的就没几个"
0,"直接用流量，我这里没宽带直接用的流量"
0,"今年世界杯看下来，C罗确实没什么出彩表现"
0,"大佬们，有没有会帮忙找回QQ企鹅号的？有偿"
0,"mash是新出的吗"
0,"家里还说要办500m宽带，我想着就几个人也没必要吧"
0,"这个大概多少钱，我去搜一下"
0,"中国的房子钢筋水泥加上路由器功率小所以感觉覆盖不满"
0,"这个我也不清楚，反正花的是120的钱"
0,"120平米是实际居住面积吗？"
0,"所以对于儿童涩情，目前只要持有，bt下载且不牟利，就是合法行为，目前在中国大陆没有法律说这是违法的。"
0,"一百二十平米的房子，四五百的路由器可以全覆盖吗"
0,"也就四五百就行了吧"
0,"刑法规定，淫秽物品牟利罪，所以以前网上开网站传播儿童涩情的判刑都是淫秽物品牟利罪，与成年人的涩情片是同样的判决。"
0,"我想着买个好点的路由器不就行了"
0,"家里人就是刷抖音，看电视"
0,"不矛盾，治安管理处罚法规定，传播，制作是违法行为，但是持有是合法行为，就好像你开bt下载色情片完全没事一样"
0,"家里装网线说别人推荐了这个，两千多，是智商税吗"
0,"c罗不上，现在分析葡萄牙都是不带c罗"
0,"确定，在中国大陆下载，收藏儿童涩情不属于违法行为，目前法律针对所有涩情，不区分是否为未成年，再说，你听过中国14亿人口，有一人因为儿童涩情被判刑的吗？"
0,"C罗毕竟年纪大了，虽然看得出来他很想继续驰骋"
0,"都不看好摩洛哥？"
0,"我也觉得也可能替补"
0,"葡萄牙暴杀，至少进三个"
0,"能不能煤老板和c罗决战啊"
0,"怎么推特现在刷新不了消息了。"
0,"今年世界杯大换血哦"
0,"摩洛哥今天很多人挺"
0,"希望克罗地亚夺冠"
0,"我今天看新闻，有些媒体这么说。有可能"
0,"你问我为什么，因为我只去过这两个国家"
0,"天赐我葡萄牙法国"
0,"c罗有没有可能不上场"
0,"大声的说出来_________别墅靠海"
0,"今晚比赛有哪些明星？"
0,"为什么没有平，然后加时赛干翻葡萄牙"
0,"决赛是阿根廷和葡萄籽"
0,"我先点个摩洛哥(doge"
0,"这是下午15:39的截图"
0,"但是现在已经没热搜了"
0,"看着双12能便宜，想准备入手一些电脑设备"
0,"下午的百度热搜第一个就是这个"
0,"不知道群里有没有用21:9比例的鱼屏，能推荐几家好一点的显示器吗？最好不要VA屏"
0,"可惜是2560x1080"
0,"我现在家里显示器太小了29寸也是21:9"
0,"这几天看上一款摩托车游戏"
0,"有时分分屏，玩玩赛车什么的"
0,"差不多就是这么长"
0,"16:9闭着眼睛买"
0,"我需要21:9比例的显示器"
0,"学下tg卖用户名"
0,"显示器我现在考虑买什么"
0,"其他小厂的无线办公打字还行游戏不行"
0,"我预算350块能买得到罗技吗？"
0,"毕竟我需求要热插拔轴"
0,"还差机箱个没买，显示器"
0,"我看了看我的就是一串垃圾代码"
0,"我们今天开箱的是一个*******或可联系我们的客服，都可以，没问题"
0,"不比手动清理省事多了"
0,"3天7天14天30天自动删除账号得了"
0,"吓得我赶紧上去看一眼"
0,"1年已经不满足他们了"
0,"建议改成最大一个月不在线自动删除账号"
0,"他们活着就是为了折腾主要还是赚钱"
0,"今晚葡萄牙对摩洛哥英格兰大战法国"
0,"为什么它输入这么多"
0,"单个用户怎么跟机器人私聊啊，像botfather那样"
0,"阅读障碍吗？人家清理的是Twitter不活跃用户的用户名@xxx而非账号本身"
0,"找几个人贴小广告"
0,"要买肯定反买了。。。不然还买比分吗"
0,"他剧情这么慢这么短"
0,"还好我天天发色图"
0,"这不是很正常嘛冷空气突然来了感冒的人多了"
0,"你说嘴巴嘟嘟，嘟嘟嘟嘟嘟，嘟一下你就回来啊"
0,"直接看原著或者我的三体吧，别的目前都不咋样"
0,"选择您的富婆姐姐"
0,"结果只能看一个视频"
0,"Bilibili你们看的了合集吗？"
0,"StarAlignbyJolinTsai"
0,"不带过就不能播了，且看且珍惜"
0,"gay听的DJ推荐一下"
0,"不会改剧本就不要改"
0,"BilibiliTrackerRemoved"
0,"这个比微信ui好"
0,"二手贩子手里面买靠谱吗"
0,"加了好多没必要的场景"
0,"整个大片儿，典中典"
0,"画风问题有点儿童向的感觉"
0,"这高速开车戏有多久啊"
0,"高端市场全给水果吃完了"
0,"华为被封印了，就没一个能打的"
0,"国产手机真的不争气，都是营销公司"
0,"miui14雷军金凡"
0,"明天是不是某米发布会了"
0,"看着爽就行了，一会儿深度又不行了"
0,"拉屎拉累了，拉的好困，我要睡觉了"
0,"经典的装车必须慢动作"
0,"但是比我三里面活的时间长"
0,"做完出宾馆没一会儿就被创死了啊"
0,"就是因为小姐姐又被创死了"
0,"第一集满分十分我给7分"
0,"做什么？做爱吗？"
0,"我对他的印象主要是《中国1921》里面他演的陈独秀"
0,"我在和长安汽车一起追番"
0,"妈的，刚做完就死了"
0,"找于和伟感觉单纯是他近几年这种形象演的比较多，检察长，缉毒队长什么的，刑侦队长什么的。。。。"
0,"上面那个就是右脚啊"
0,"这哥们还两只左脚"
0,"大屁股和无牌车辆"
0,"于和伟演就得增肥了"
0,"肌肉太多了，和我想的不太一样"
0,"这个大史需要点肥肉"
0,"于和伟哪儿像史强了、"
0,"腾讯网剧找于和伟"
0,"史强是那种满世界跑的刑警（从前）"
0,"史强皮肤晒掉皮了，警察不用天天晒吧"
0,"我三里面太瘦了，但只是因为人物模型局限性"
0,"这个史强很符合我看书时候的印象"
0,"第几集几分几秒？"
0,"这个“乐”也挺精髓的"
0,"有不少啊，像史强就是个老油条刑警的样子"
0,"如果后面能有HDR杜比视界画质那就还行"
0,"三体有很详细的外貌描述吗"
0,"如果是中影年年那个亮色风格我就要骂人了"
0,"但是人物建模偏的太远了"
0,"以前98两年，现在大会员好贵啊"
0,"不是，幻境诺德林也没好到哪里去"
0,"重污染时代，灰蒙蒙我理解"
0,"讲真，三体是个阴暗向的故事，BBC滤镜，我觉得不是大问题"
0,"我已经不在叔叔那充钱了"
0,"就是重污染的时代"
0,"司马陈睿，退钱！"
0,"艺画开天就这个画风，你看灵笼"
0,"我试了一下，只有电视客户端能高码率"
0,"可能想营造氛围？"
0,"没有盲道，强烈谴责。"
0,"都是灰的，到处都是灰的"
0,"为什么一直是BBC滤镜啊"
0,"还有个问题我不懂"
0,"另外，1080高码率，实际播放还是低码率"
0,"【每周六11:00更新1集，首集免费，第2-4集大会员抢先1集，第5集起大会员专享】"
0,"后面这个28Gb数据的问题，可以对应地球已经不止两颗智子的现状，但是动画用的是丁仪的对撞机实验说明的"
0,"互联网已经搜索不到了"
0,"自己看去，别问了，"
0,"没见过谁家up吃他们的饭"
0,"b站三体看了么？好看吗"
0,"他要是指1个月的孩子那就算了"
0,"没孩子的都要打个问号"
0,"rokid，广告词就是大概，我们的音响比你的孩子更智能。"
0,"现在做AR找死呢吧现在"
0,"之前他们做智能音箱的"
0,"那个HR说自己到处道歉，笑死我了"
0,"他妈的广告有毛病"
0,"之前还给我联系了"
0,"这个动画奠定了重庆的城市风貌在中国科幻作品的地位"
0,"这个你得怪某个中日合资的机战动画"
0,"身材好像我刚上高中的时候，长得最快的那纪念"
0,"不然动画软件搞，得一直k"
0,"给自己买了就不能给别人买了吧"
0,"微软商店的termius是订阅制？"
0,"【收】webhorizon香港nat"
0,"termius可以学生包白嫖"
0,"有土耳其的卡就买正价呀没土耳其就买礼品卡啦"
0,"就我几把美元正价是吧"
0,"termius???"
0,"natv4优先，解锁优先"
0,"有土耳其的卡可以买正价"
0,"termius特别好用"
0,"Termius做的更好吧"
0,"ios有没有啥好用的ssh"
0,"vir吃了太多iij到中国方向的带宽"
0,"可别在封了，在封就真炸了"
0,"后来干脆拼多多几十块买了"
0,"你不得不为苹果竖起大拇指"
0,"看看苹果那个M2芯片"
0,"手机苹果还是绝对扛把子"
0,"但是有相对最好的东西"
0,"没有绝对完美的东西"
0,"健康宝也加载不出来"
0,"打开微信他会重新刷新好友列表就一直在那卡着"
0,"内存大就驻留多，内存就相对差"
0,"你冷启动能一样吗"
0,"我同事13pro秒打开我的加载十几秒"
0,"我就不该升级系统"
0,"苹果下载也是垃圾的不行刚没买几年打开微信扫健康宝加载半天垃圾的要死气的想砸了"
0,"萝卜青菜各有所爱"
0,"每年手动换换电池"
0,"安卓高端还得看三星"
0,"还不如买二手苹果"
0,"然后过段时间就是青春版发哥"
0,"明天13一定是高通的"
0,"主要是一个比一个比精太精明了什么也干不好"
0,"要是在欧洲，直接罚破产了"
0,"一个个活人被偷隐私偷成透明人"
0,"国内这些厂商全是狼！"
0,"国内从手机系统，到软件，都是强奸用户"
0,"6G也能偷偷吃满"
0,"小米这几年手机越来越垃圾了"
0,"国内的全是广告我的备用机3G内存开就没一会就占用56%了什么也没打开"
0,"预计明天会出价格"
0,"欧版你瞎搞直接你得死"
0,"国际版他估计不敢瞎推送广告"
0,"刷个面具就可以玩鸡"
0,"国际版小米系统相当好用"
0,"不需要定制rom"
0,"本来应该还有10来个库存前几天给别人私聊推荐了第二天一看直接卖完了不敢推荐了搞的我买便宜的找不到了"
0,"NOTE11TP"
0,"我买的这几个是以前淘宝老商家"
0,"美国超纯净住宅不要手机验证申请养护"
0,"我这里不但号稳的一比，而且带的邮箱可以长期使用"
0,"挺好但是我有两个了"
0,"具体看图，有回收就行"
0,"不过我这里有超过2个月追回的"
0,"一般回收邮件推后45天凉了"
0,"你看看你能把我以前的找回不3213457988"
0,"随便骚扰，随便干"
0,"双方一方VPN延迟大，接通不了"
0,"给亚马逊客服打电话"
0,"群里有gv的不少"
0,"给群里群友发信息就是了嘛。"
0,"我看他们说给苹果客服打电话"
0,"谷歌说法是主动发短信"
0,"互相打，为了养号？"
0,"你是女生啊。哈哈哈"
0,"我买一个，咱俩打"
0,"没吹牛，不信来杠"
0,"自己买了用了就知道"
0,"前几天买了两个现在没货了"
0,"靓号当普通号在卖"
0,"我的靓号价格和别人普通的价格一样"
0,"接码很贵，我目前只生产靓号"
0,"自己等待5天自己转66"
0,"可立即转移靓号80"
0,"3分钟发送到你账户"
0,"现在晚了吧，明天找你。先加好友。"
0,"我给你带转都可以"
0,"不懂，gv到底需要转吗。"
0,"我这里的基本不会封"
0,"前几天30多了买了2个1收号"
0,"我的账户是全网最好的，价格最便宜的"
1,"@TNT1289["
0,"给你封了又来骂我"
0,"便宜的垃圾号我不卖"
0,"我的靓号是全网质量最好，价格最低的"
0,"我在论坛里有几个同行逼崽子"
0,"40rmb一个，你送我啊"
0,"我还以为是什么黑科技"
0,"144刷新是什么"
0,"加144刷新爽的起飞"
0,"原生搭配谷歌市场软件跑的飞快"
0,"国内OS日常负优化"
0,"软件优化岂不是就没了"
0,"刷机有什么好处吗"
0,"刷了机妥妥的摆脱国内那些骚操作"
0,"小米是全球对刷机最友好的厂商"
0,"euserv开始收费了？"
0,"这东西又不是什么稀罕货，开不出来买一个就行"
0,"我已经气得说不出话了"
0,"arm现在开还是试用期结束开？"
0,"登陆了，看看哪个区？"
0,"江苏电信海南移动湖南联通G口5.5K"
0,"不行，不看也得看"
0,"别得瑟了让我们消消气"
0,"我看看能不能开到机器"
0,"我梦都梦不到你多梦两个分我一个"
0,"气死了睡觉我要在梦里过龟壳去了"
0,"看着你过了就难受"
0,"我看看邮箱里有没有"
0,"登陆信息稀里糊涂输入的"
0,"nocix是人工安装系统吗？"
0,"接着跳转到这里了"
0,"看你们刚刚发，睡前没事儿试一下，就这样了"
0,"昵称不错，JB还不休息呢"
0,"不是看ip看卡吗"
0,"葡萄牙人运气太差"
0,"终于没有加时赛了"
0,"下面这三排就是返回了你没通过的意思"
0,"下面那三排是查的什麼？"
0,"最後一步申請都失敗"
0,"晚了，换实体卡前可以申请电子卡。现在申请不了了。一直不到的话，就先用工行信用卡"
0,"hostloc被打了?"
0,"弄电子卡。我前几天也是到期，选择电子卡"
0,"我的信用卡到期不换号换卡在珠海走了7天了还没动静"
0,"我这邮政中转中心还变成了高风险"
0,"拼夕夕都不发我这边"
0,"我看rc20的4K性能比好多盘都好"
0,"RD202T真贵。贵了600"
0,"我这退换货都是寄到湖北武汉那边的"
0,"难道是别人退的吗？"
0,"补的还是本地仓的"
0,"有美国住宅ip的私信我"
0,"你抢不就是别人剑吗"
0,"这是就补了一个吗？"
0,"我刚下单再去购买界面看立刻就没货了"
0,"刚刚京东来电机器人智障来说有货了"
0,"我联系客服也没货但让我开到货提醒"
0,"我看中了恺虾rc202T的有独立缓存的但我这没货"
0,"embyporn频道"
0,"新加坡有便宜的vps推薦嗎"
0,"vir也有10g口子鸡鸡来着？"
0,"我的大阪10万左右有人测东京最低15万"
0,"iij东京比大阪好点口大了"
0,"自家v。ps在卖"
0,"xtom还有个软银的线路"
0,"iij都是xtom的"
0,"具体是不是xtom的不知"
0,"我只知道vir也好似iij"
0,"是啊和绿云一样的"
0,"vir也是xtom机房吗"
0,"东京和vir线路一样吧？"
0,"东京有vir这个毒瘤在那"
0,"东京还是得vir便宜"
0,"大阪1G口东京10G"
0,"我觉得大阪比东京好"
0,"感觉OSJP挺好的啊，为什么要迁到东京？"
0,"绿云之前OSJP说3月份要迁到东京？每个用户可能几百GB甚至TB的数据，怎么迁？应该不可能通过网络传吧"
0,"羞羞的有站长知道站长啥情况不"
0,"可以分享下链接吗"
0,"还有很多人翻墙都不会"
0,"注册好了之后，用国内ip也可以用的"
0,"不在当前国家开放"
0,"可以白嫖heroku"
0,"openai也没有被墙。。。"
0,"不能申请SSL了"
0,"这样是怎么回事呀"
0,"开发了一个国内可以使用的ChatGPTH5版本"
0,"自从euserv收费后我就只能用github上的白嫖节点了"
0,"webhorizonjp很稳"
0,"有偿求过GitHub学生包在线等"
0,"收绿云sg500g"
0,"要不要交叉编译？"
0,"有老哥出腾讯云448吗"
0,"350的时候不买，400没有性价比"
0,"pdd紅米ax6000有拼车吗"
0,"国际互连好点就行"
0,"哪怕是比较贵的豪车道一个月最多也就4-5刀"
0,"hkg不直连都不贵"
0,"他家国际线路也不太行，而且机子不是很稳定"
0,"我拿来当IPLC落地用，还过得去"
0,"不要求解锁就WebHorizonHK3.99刀，这个最便宜了"
0,"绿云国际线路差点"
0,"落地解锁的可以选hkg啊"
0,"绿云HK22刀，水墨hkpro249年付"
0,"营业中，需要服务器的老板，请滴滴"
0,"解不解锁都无所谓"
0,"对香港nat带IP就行"
0,"不是还有一些卖dns解锁的么"
0,"月付20刀就古老价"
0,"那些hkthgcnat应该可以把"
0,"香港鸡流媒体解锁没有便宜的，大概都得20刀以上"
0,"便宜nat有v4就行"
0,"香港落地，流媒体解锁求推荐"
0,"是不是卡和ip得问题"
0,"别人不都买回来了吗"
0,"HOH你真该死啊！"
0,"又不能赚更多，开了干嘛"
0,"话说iPhone啥时候能黑解啊"
0,"想买pixel来的"
0,"visible买不到"
0,"13mini多少钱"
0,"刷机累我一直都是官方系统"
0,"话说visible你们有没有谁上车成功的"
0,"反正不用国产东西"
0,"这几台机子都有国际版"
0,"国内安卓机不怕反诈？"
0,"我备用机就是果子"
0,"备用机不选果子？"
0,"用上一台手机备用不就好"
0,"买个新手机做备用？"
0,"拿来备用应该没啥问题吧，就要性价比"
0,"这几天note11tpro还更新了底层安卓13了"
0,"不知道有没note11tpro"
0,"还有红米的联发科机子第三方包很少，你不刷机的话无所谓"
0,"首批好像有K50至尊"
0,"miui14是专注减法和优化就好了"
0,"不过红米肯定没法和iPhone，还有其他的顶级安卓比的"
0,"总体红米是比其他低一点点"
0,"红米吼，性价比高，就是瑕疵多一点点"
0,"oppo系也可以"
0,"现在安卓配置都不低，买个2000左右足够用了"
0,"安卓机最多就3000"
0,"3000以上的话买库克吧"
0,"直接去设置开启就行"
0,"1000以上的基本上自带的"
0,"红米都可以刷谷歌框架吧？"
0,"3000以上买库克"
0,"2000-2500的话K50ultra"
0,"1000-2000的话红米note11tpro，K50"
0,"安卓现在有哪个手机值得买吗"
0,"不在乎颜色可以入"
0,"现在不是1909"
0,"因为颜色所以没下手"
0,"这个颜色今天凌晨我看最低是1909"
0,"我给我爸妈买，要买俩"
0,"全新的K50不香吗"
0,"今天已经冲了一个银迹了，1919.这个颜色不好看"
0,"行吧，那买个小米9吧，今天那个小米9已经到货了"
0,"888机子别买，而且都这价格，还换过屏幕"
0,"直接百亿补贴冲K50"
0,"note11tpro还不错的，我正在用这个"
0,"你买全新的不行吗"
0,"K40pro1299就不值"
0,"。。。行吧，我退款，还是去官方验机那买个吧"
0,"你直接上全新K50也没多少钱"
0,"或者等等搞k60"
0,"家里人也没必要k40pro"
0,"我买给我家里人用的"
0,"888的机子没必要"
0,"这价格加点钱直接上全新的k50吧"
0,"没必要买K40pro吧"
0,"付款也是闲鱼官方付款"
0,"价格还挺便宜，就是成交量为0，不是闲鱼官方验机"
0,"大佬们，这有啥套路么"
0,"之前name.com可以领5刀然后薅"
0,"namesilo一刀一年"
0,"6位数字以上才有优惠"
0,"6位才有这个价？"
0,"出啥，都是极品小姨子"
0,"根本没啥用这东西"
0,"我现在手里五六个十年小姨子"
0,"够便宜扶墙专用域名"
0,"xyz就是吃灰的啊!"
0,"但是想要个字母的"
0,"我在namechape买了个小姨子"
0,"那我买贵了，我那个xyz还在吃灰"
0,"naemcheap买"
0,"以前1年12里拉的"
0,"管他的，反正都是我自己用的，我又不建站，解析到我自己家的IP用"
0,"freenom免费"
0,"namecheap0.85刀一年"
0,"腾讯没有隐私保护吧，我前几天把9年小姨子转到namesilo了，否则whios查询直接显示自己的名字拼音很蛋疼"
0,"我在腾讯买的五位字母.com，十年200多"
0,"想找那种纯字母的"
0,"一年5块，一天0.000*元"
0,"不贵，我的意思还有没有其他类型的"
0,"10年，5，6十块贵吗"
0,"只有这种最便宜了吗"
0,"靓号另说，我前几天150出了一个靓号10年小姨子"
0,"10年6位数字xyz，大概5，6十块能收到"
0,"我都是在腾讯买的，直接拉满10年"
0,"不敢用freenom这种随时会回收的"
0,"freenom不太敢用"
0,"域名还能不稳定么？"
0,"想买个长期的域名"
0,"谁有tg官方的搜索群吗？"
0,"替朋友收个RCP72刀。有出的没？"
0,"你买贵了20+元"
0,"都是活动搞得没什么值钱的"
0,"目前申请workspace，好像不需要发邮件，最好能发邮件吧，只能收，那不是邮件转发吗"
0,"你只是收邮件可以直接cf邮件路由"
0,"先整点内容和建议"
0,"我下午申请E5没搞好"
0,"还没推呢。着啥急"
0,"还有腾讯企业邮箱"
0,"我用的microsoft-365"
0,"太明火执仗了不会有人去玩的你看uid=2都还没有"
0,"全部中转到你主邮箱"
0,"cf邮件路由只能收"
0,"域名解析过去点两下就可以了"
0,"你按提示添加mx记录就行"
0,"这不是很简单吗？"
0,"域名邮箱有人会不"
0,"这是不是在蹭同名频道的粉？"
0,"这个程序看着是真不错，有php就爽了"
0,"现在的docker很方便的"
0,"花一小时了解一下你绝对不后悔"
0,"docker还不简单吗"
0,"不习惯，php最简单"
0,"。。。docker最方便"
0,"这不是有docker版么"
0,"有类似这个程序的php版么"
0,"应该是吧，没设置"
0,"没啥好程序，只能dz"
0,"吃瓜论坛求建议，"
0,"这种小样本的难找"
0,"官方现在也没找到漏洞"
0,"估计要什么条件组合起来才会中招"
0,"发现个RouterOS基于gfwlist列表的域名分流项目"
1,"IP2World的免費Socks5住宅代理IP好不好用？有人用過嘛？另招代理商驚喜價拿貨"
0,"现在很多客户直接用国内版了"
0,"aapanel有docker版的？"
0,"直接docker"
0,"忘记是mysql还是php，装好久"
0,"我觉得不如直接docker部署站点"
0,"安装不上不是这个404就是那个404"
0,"装个环境，下载半天，装不上。"
0,"之前搭过这个面板，好多问题"
0,"好像不允许国人用一样"
0,"就是有个问题在宝塔论坛提问一律不回"
0,"所以才问安不安全。。"
1,"@Chensbo"
0,"aapanel安全么。。"
0,"各位，我问下，你们的斯巴达vps，能安装aapanel面板吗？"
0,"你们rn油管速度是多少，我测了最大就4w出头"
0,"出kimsufiks-le双G口中奖款32G内存4THDD盘，月付€16.5，法国RBX3机房，续费至1月2号，200带号出"
0,"哪位大佬那里有卖tg的发卡"
0,"没收到邮件让升级吗"
0,"甲骨文怎么升级SDKv3"
0,"谁有cf绑卡号啊"
0,"我记得有个网站可以白嫖几个小时菲律宾鸡鸡来着"
0,"买个imm就有了"
1,"产品：甲骨文韩国春川账户、200-300天左右、带原始邮箱、"
0,"dmit傻逼商家。"
0,"吃相真这么难看？"
0,"一个月超我一年鸡了"
0,"pro月付多少？"
0,"我买了俩dmit，一个lite一个pro，全被墙了，一下午工单没回复"
0,"11.11.20-3"
1,"出绿云2222日本大阪3年付"
0,"又没有mjj出cc的sc2活动机"
0,"750G流量有同款不出"
0,"这个是谁的？想收"
0,"国内服务器买的时候超便宜续费天价"
0,"我是嫌每次换域名还得备案"
0,"不信你这么爱谜语"
0,"你下载社工库不会有人管的只要不去提供下载"
0,"为毛要用国内云下载"
0,"silence怎么差的"
0,"香港cn2gia真贵"
0,"这个谁家的机器速度快"
0,"那就瓦工吧，速度快"
0,"备案我有好的机器"
0,"用国内的机子就行"
0,"正规就上阿里云，腾讯云"
0,"你是做的什么网站啊"
0,"网站用哪家的机器好"
0,"同收，6折轻友券码"
0,"有大佬出腾讯清凉云折扣券么"
0,"消灭乌克兰也是不道德的行为"
0,"消灭日本居然是不道德的行为"
0,"我记得小时候村长贪污了100多万顺便把路修好了学校盖好了最后还是送进去了"
0,"村委盖的比一线城市区政府都豪华。"
0,"村书记确实跟土皇帝一样"
0,"现在最不好治理的就是村里就跟土皇帝似的"
0,"问就是没了，但是这两年又特么能拿出地跟地产商合作盖商品房"
1,"出mxroute邮箱永久版–99刀款小刀650出"
0,"很多工程都需要核算捞不到油水剩下的油水涝一下"
0,"地少人多，很多年没放过地皮了，也很多人没地皮"
0,"哪有不贪的都谈只是现在没有以前那么黑了"
0,"都是走国家系统了都有核算了现在反而贪不了多少"
0,"到要用社保的时候才发现的。"
0,"老人社保交上去，但是他们没给老人交社保"
0,"我听我老乡说，他们村里连老人的社保钱都贪了。"
0,"没人举报不会进去"
0,"今年又是湿地公园又是登山公园又是马拉松跑道的估计捞不少钱"
0,"不过也捞不了太多"
0,"村书记没多少钱一般国家有啥好项目扶持村里他能捞一把"
0,"没争议就内定，有就投票"
0,"你不收礼就相当于得罪他了"
0,"选之前候选人五花八门的各家拜访还有送礼的"
0,"是不是选举之前选票给老人，再跟老人拿选票"
0,"现在村里都是老人了。"
0,"建庙堂，村书记捐款最多，两百多万呢。"
0,"我只知道，我们村书记"
0,"之前给我打电话问我选举不我放弃了"
0,"挨家挨户上门弄选票的"
0,"所以是联系人选举的。"
0,"你常年不回家肯定就不联系你了"
0,"我们村村长没听说过选举呀"
0,"村长都是村民一票一票选出来的"
0,"这是软件还是网站"
0,"居然是个不合法的问题"
0,"怎么很久没有微软小冰的消息了"
0,"出mxroute邮箱永久版–99刀款小刀650出"
0,"交流一下idc系统呗"
0,"群里有做小鸡的么"
0,"说的是专线，具体不是很清楚。"
0,"垃圾一批，我都用自己的。"
0,"这个不是我负责，貌似是拉大厦的专线。"
0,"不过签合同都是hk公司。"
0,"你公司合法经营吗"
0,"这个问题不应该问"
0,"以前的无限也是300一个月？"
0,"羡慕，人手一个无限"
0,"共搜索到100+条结果，仅提供前100条搜索结果"
0,"大厂里面，文档最垃圾，一个文档里面全是跳转链接。"
0,"/netease夜曲"
0,"新开的账户，这里显示无限吗？"
0,"7月份后都不行了"
0,"那估计是老账户，无限量。"
0,"7月之后政策改了是吧"
0,"我确定我的只有5T"
0,"都是一些海外团队购买"
0,"现在提醒空间不足"
0,"我自己花钱买的企业版"
0,"用户5398293813所在的数据中心为:"
0,"我近期一个月内买的"
0,"无限=可以无限申请增加空间，加不加又是另外一回事"
0,"我现在就是企业标准版"
0,"这是官网现在的说明"
0,"我自己买了一个了"
0,"不信，你自己官网新购一个"
0,"哪里要求5个才是无限呢？"
0,"不是小白，懂一点点"
0,"自己开一个月要多少钱啊"
0,"以谷歌的尿性，搞不好之前的无限都给你限制了"
0,"我自己尝试过，才会群里问的"
0,"目前不限制，后面就不清楚了"
0,"上次看到mjj说，五个以上可以要求加大容量"
0,"无限没有了？那之前的无限呢？"
0,"现在新开不是无限，不然我干嘛找，我自己开了一个，只有5T"
0,"有没有出workspace车位的"
0,"收个智简魔方号啊"
0,"看地区的宽带资源覆盖"
0,"联通或电信最后移动"
0,"移动联通还是电信呢？"
0,"家庭宽带是什么宽带呢？"
0,"三体这么多广告。。。"
0,"求推荐香港服务器"
0,"应该是程序员偷懒直接用的4位尾号"
0,"不太可能吧多个不同的人都设置用的尾号"
0,"四位数随机也会重复到。"
0,"全国那么多快递每天。"
0,"是不是快递员偷懒"
0,"随机的比较安全。。但他们为啥不用呢"
0,"为什么它不用随机验证码"
0,"没看过。。。我用了那么多次取件码一直是手机号尾号"
0,"直接看柜子里面的订单纸上的号码就能取出来"
0,"你打开了又关上是不是别人就打不开了"
0,"我扫码时也提示获取了手机号输入取件码后显示2个柜子我看第一个是我的文件。第二个不是我的。"
0,"取件码就是手机后4位尾号"
0,"不是应该是单独取件码吗"
0,"同一时间段和地点相同尾号的都能把别人的东西取走"
0,"昨天取件我的手机尾号输入后显示2个柜子一个是我的文件另一个是档案袋装的文件"
0,"智能外卖柜的取件信息是全靠4位数字就是手机尾号取件的吗？"
0,"我的老笔记本就装了2螺丝其他的螺丝柱和螺丝都滑了"
0,"胶水粘一下接着刚"
0,"我的螺丝柱子都烂了三个了"
0,"只是可怜我的笔记本后壳加内存加硬盘换硬盘拆装了几次有缝隙了。。。"
0,"tiplus7100和5000就差了100块钱还是买7100吧"
0,"好评率一样98%"
0,"看差评你啥也别买了你去看看三星的pro系列"
0,"最新11月份也有掉盘的"
0,"评论区这么多掉盘的。。。"
0,"京东tiplus71002T的1289到手1199还要预定发货时间16号"
0,"好吧这次就买致钛的tiplus7100"
0,"致态跟三星东芝美光英特尔一个级别的"
0,"是一个档次的吗…"
0,"致钛和海康威视哪个好？价格都在1100-1200"
0,"我这笔记本支持m2的"
0,"你这是2.5寸的吧？"
0,"跑过一年pcdn的MX5001t要不要，换了宽带就拆下来吃灰了，帮售后"
0,"MJJ们有啥推荐的大容量SSD京东自营的"
0,"另一款镁光512G的一直正常没卡过系统日志也没报过硬盘问题"
0,"不换新了今天直接申请退货退款了"
0,"系统日志还是报IO重试错误卡死一次至少报了上百个错误"
0,"西数sn7702T和我的笔记本电脑有兼容性问题吧？前几天换新后按系统做系统盘今天出现3次问题卡死问题了"
0,"RepiledMessageID:"
0,"不会睿智到以为我骗了你吧，你这智商被骗真的不冤"
0,"自用留了一只1刀年付水牛神鸡迁移东京，2c512m5g500g，目前正常"
0,"胖子看了都落泪，这钱怎么我不能赚"
0,"今年黑五没看到vir闪购"
0,"小日本可是MJJ诱捕器"
0,"正反市场价多少钱"
0,"让小学生骗真是难以启齿"
0,"13刀迁移费真超值已经迁移3台"
0,"像极客易先生做这个做的比我还要大，但人家有保护伞，没见他出过事，朋友圈和自媒体还在更新"
0,"现在我私信一大堆找我删裸聊app数据的我都不敢接单了"
0,"黑吃黑也是违法的"
0,"老哥，能私聊下么？想收你的机子，但我tg无法给你发消息"
0,"有没有MJJ卖推特号"
0,"各位mjj有出甲骨文首尔的吗？收一个"
0,"同名了吧你认识同名的？"
0,"韭菜不长了，连根给你拔啰"
0,"这个不应该是算立功嘛"
0,"你被蒋**骗了吗"
0,"vir死胖死是不是准备又开始整活了？"
0,"有毛用，没有词一样饿死"
0,"一个试字尽显猥琐"
0,"哈哈哈哈哈哈，是的"
0,"扭扭捏捏，还没妓女卖的爽快"
0,"应该是想出，又想高价出"
0,"什么是顶出，试出"
0,"出就出，不出就不出，怎么这么多人发帖出鸡还来个预出，试出"
0,"只会在图片类目录的吗"
0,"把执行权限删了，"
0,"图片之类的目录上权限。"
0,"大佬们请教下网站被劫持了应该怎么补救"
0,"关缅北去。自有用途。"
0,"没人听你说了你继续谜语"
0,"采棉花，喜欢吗，宝贝"
0,"放开我，我是良民！"
0,"应该是装的毕竟翻墙的太多了我们这里的jf都是靠其他单位的核查线索拿人不会自己去没事找事"
0,"群里全部带走，不会冤枉一个"
0,"昨天才在论坛看到，有人翻墙被传唤喔~"
0,"以后可别碰啦telegram也很危险"
0,"宝塔主要有个在线编辑，用的很爽。"
0,"国外有啥面板好用"
0,"我这个都安装不上怎么办"
0,"要不是我未成年现在还在里面以后我可不能碰了"
0,"各位，我问下斯巴达得服务器能安装aapanel么"
0,"相信党相信政府吧"
0,"按数量判的50000条以上就情节特别严重"
0,"为什么都用国内面板去犯罪？"
0,"还有一个是因为入侵裸聊app后台帮粉丝删数据"
0,"犯法都敢用国内的面板，为什么都这么牛逼"
0,"但是我有两个罪名"
0,"为了几百块把自己送进去"
0,"一单我就赚三四十一天出个四五单就很知足"
0,"结果我一出来彩虹没了应该也有我的一份原因"
0,"就是这么自我阉割的也要捉进看守所"
0,"做的诈骗用的彩虹系统"
0,"做X站的，大多都肉翻了把"
0,"尊的吗？我啷个不晓得"
0,"过几百年要重修汉语词典"
0,"结果留队了每天带新人蹲好几个点连恍都不能恍"
0,"你已经丧失汉语能力了"
0,"没办法，大家自我阉割很彻底，已经不会正常说话了"
0,"如果参加劳动干干活时间还快点"
0,"就因为我xing期短留在了入监队不能下队出工参加生产"
0,"telegram也谜语"
0,"我看8K都用不到5G速率"
0,"我没开那个提速，用的4G套餐"
0,"我这边才不到50M"
0,"我之前跑好像是80M的样子"
0,"iPad蜂窝信号很好的，天线大"
0,"所以这个4G算快了。"
0,"因为我支付宝提现到我的一张不怎么用的银行卡，被他们查到了"
0,"前几天有个很搞笑的，派出所的人来找我，说我可能被诈骗，然后我一看，嫌疑人竟是我自己"
0,"其他的，我一等良民，怕锤子"
0,"腾讯qq密码泄露（"
0,"iOSCallKit好用"
0,"用户密码都能泄露"
0,"我怕的是那堆傻逼公司，管不好数据"
0,"我这不行了，拉胯"
0,"感觉5g都是4g叠的"
0,"所有的资料除了聊天记录"
0,"我这4g体验比以前好"
0,"或者说，不想绑号码"
0,"wechat不是在新加坡运营的嘛？延迟和稳定性应该都不好吧"
0,"我不需要callkit啊"
0,"又不是iOS有CallKit"
0,"现在4G体验越来越拉胯了，带宽变低了，延迟变高了"
0,"你安卓切WeChat有啥用啊"
0,"什么面对面加群加不了啊，抢红包有延迟啊，我都放弃了，反正不回国区"
0,"不是，可能是网络问题，WeChat奇奇怪怪的问题确实挺多的"
0,"不知道跟手机有没有关系，反正重启后会好，但是我朋友说可能是WeChat的缘故"
0,"不清楚没遇到过，缓存被清了？"
0,"哄蒙+4G＞5G"
0,"感觉不错的话还接着用华为就行"
0,"对了，我上次遇到的那个微信头像不显示的bug"
0,"说实话国内那堆真不如用原生动画"
0,"我这华为都三年了，肯定比不了最新的，但是我也没用出问题来"
0,"那还是用ios吧"
0,"正常人都感觉不出来"
0,"流畅度的话，我感觉只要不掉帧"
0,"不要有奇奇怪怪的bug"
0,"国内oem都那样"
0,"不知道怎么样，我朋友买了X90"
0,"vivo那个什么新的UI"
0,"我现在倒是没标准，但是你系统总得能用吧"
0,"魅族pro7那时候不是让发哥狠狠坑了一把"
0,"你买我不推荐，我买我真买"
0,"拍人vivo还是有点东西的"
0,"自信点，都不好用"
0,"外观有伤，保修作废"
0,"Siri亲爆レイ的嘴！"
0,"7Gen1778应付那些都够了吧"
0,"这一共才四个大版本"
0,"反正iOS能给我更新，不急"
0,"中端牺牲的不止处理器"
0,"现在给回台积电还好点吧"
0,"没，现在iOSbug是有点多"
0,"iPhone如果不玩原神的话，是不是不太会有奇奇怪怪的问题了？"
0,"我朋友说她的888，能过热然后停止充电"
0,"为什么啊，还有带不动lolm的芯片？"
0,"他戳中我了，真的是为了完成小时候的梦想"
0,"CloudPlayer?"
0,"一核有难，八核围观"
0,"下次还是买骁龙吧"
0,"天机和喷火机一样"
0,"天机1200玩lolm都卡，我的v20稳如狗都不带热的"
0,"我的手机拿去修了，掏出V20，感觉还能再战仨年"
0,"抱歉，nmBot没有足够的权限，无法使用此功能。"
0,"为什么我们学校要24小时核酸"
0,"微博上偷的，微博都能发"
0,"这是能发的吗"
0,"这个反垃圾Bot属实对中文支持度近乎为0"
0,"发完退群了可还行"
0,"开的时候我也不能说话"
0,"我还以为是我天天给别人推销机场被举报了"
0,"我其实有想过用Gmail自定义域名，但是感觉很多网站不认小邮箱，而且那个域名我感觉白嫖的可能以后会被收回"
0,"iCloud的隐藏邮箱，那个随机的"
0,"水浒也没有啊，都是有死结局的"
0,"三国能有什么阴谋论呢"
0,"我现在是美港中土四个账号"
0,"6，你都用的啥邮箱啊"
0,"主号不是，有国区号"
0,"什么西游记是黑暗话风之类的"
0,"现在好多阴谋论四大名著啊"
0,"你iCloud应该不在国区吧"
0,"地沟油+做完实验的猫狗肉做的"
0,"某天，一个旅行者在荒郊野外漫步时，发现了一个古旧的小屋。小屋看上去陈旧，周围是茂密的森林，看上去很孤独。"
0,"有些是返回到主程序"
0,"有些是回到小程序上一级"
0,"这个没办法，小程序有些逻辑很傻逼，你安卓返回也不一定回到哪一层"
0,"第一集好像不用吧"
0,"就是书的内容又被我忘完了。。"
0,"又不是第一时间开"
0,"B站上刷到星期三了，突然想去看看"
0,"你们用啥看的美剧家人们"
0,"资本家看了都流泪"
0,"买不到，去医院不接诊"
0,"针灸可以治疗新冠吗"
0,"vision在xray都已经迭代三个版本了"
0,"飙马野郎不知道什么时候"
0,"一个支持xrayvision流控的都没有"
0,"石之海制作确实不行"
0,"刷机那是很久以前的事了"
0,"你要是会自己写模块"
0,"magisk也不是啥好东西啊"
0,"你要是会自己写规则"
0,"个人感觉动画制作最好的还是第一第二部（童年光环"
0,"mitm也不是啥好东西啊"
0,"我寻思安卓那几个代理软件有支持MITM的吗"
0,"看看第三部卖鱼强和dio打的时候"
0,"第六部战斗场面没前几部那么震撼了"
0,"我估计明天就会完全好了"
0,"感觉动画做的最后不够震撼"
0,"我喉痛疼痛感从8降到2"
0,"Madeinheaven！"
0,"最后再说一次——时间要加速了！"
0,"据说最惨的是吃啥都是屎味的"
0,"没有用，甜味可以吃出"
0,"第四天，我现在味觉又没了"
0,"我家里的网从某种角度说"
0,"pixel只能收藏，不实用"
0,"你翻墙就不是毛坯"
0,"pixel那个毛胚能干啥"
0,"那只能买小米刷机了"
0,"还有非pro版本的辣鸡续航"
0,"协议支持极少的圈x"
0,"还有比安卓强的权限管理"
0,"比如bug一堆的小火煎"
0,"有了限制才有很多比安卓好的应用"
0,"那东西都够我买个安卓了"
0,"干啥都限制在那个appstore了"
0,"每个品牌都买一个体验不就好了"
0,"安装应用要用他自己的"
0,"除了苹果，还有其他选择吗"
0,"感觉和v4差不多"
0,"后来一直更新到11"
0,"但是啥功能都有了"
0,"那时候刚上miuiv4"
0,"miui我很早就开始用了"
0,"我打开个天天酷跑，QQ都掉后台"
0,"我一开始还吵着闹着要买"
0,"小米5S真的给我恶心到不行，哭了"
0,"一个红米note1s"
0,"我用过俩小米的机子"
0,"微信：正是在下）"
0,"MIUI9快如闪电"
0,"我手上还有小米呢"
0,"我记得从MIUI9开始就一直说快，几乎每年都有"
0,"【致褪色者的答谢信】"
0,"我再看看其他爆料"
0,"但是这就能叫MIUI14了？"
0,"MIUI是不是抄橘子系统了"
0,"只吃了一顿，但是炫了一斤樱桃。结果就是碳水爆炸，蛋白质还没跟上。"
0,"今天摄入了3.3g*77的碳水"
0,"画个putler"
0,"为什么画着画着就像普京了"
0,"直接给我解决基础创业课的作业"
0,"openai真好用"
0,"不过行政拘留而已，反正又不打算当官，尚可接受，下次继续"
0,"我就是gv注册成功，然后被封了"
0,"好个啥，上班要求的。"
0,"我去你妹的，烦死，核酸采祥点已搬走了"
0,"以前虚拟号不管的，现在管了"
0,"虽然去年有个群友就用gv注册成功过..."
0,"对，试过发现不能用虚拟号"
0,"美区现在需要实体电话卡"
0,"结果最后卡在信用卡绑定这步"
0,"NintendoStore日区就可以用国PP"
0,"比如经常被拒付的vm借记卡"
0,"一般不能直接用的vm卡套个ppcn就能用了"
0,"有的以前海淘很多网站不分pp的区"
0,"你是美国的pp吗"
0,"实在不行重新注册算了"
0,"注册成功，卡绑定不了"
0,"你注册绑定成功了吗"
0,"求助群友，paypal一定要绑定中国才可以吗"
0,"iTsukezigen，早上好。早起的又是我们这几个长得好看的。"
0,"老婆今天也是缘气满满的哦！"
0,"宝，我今天去打疫苗了，打的什么苗，想你的每一秒~"
0,"早上好agou酱"
0,"朋友们早但是晚安"
0,"快进到文件被复制敲诈"
0,"智能电视带AirPlay的也是直接唤醒"
0,"待机的时候有网络唤醒的"
0,"就里面的添加剂至少能保存十年"
0,"买了一罐雀巢咖啡粉快一年了还没喝完"
0,"但是在那个没有奶茶的时代一个农村儿童喝到香甜的雀巢速溶咖啡还是震惊了，大概和吃了一辈子窝窝头的人第一次吃泡面差不多吧"
0,"现在看来都是香料和砂糖"
0,"后来发现Maxwell更好喝"
0,"小时候贼喜欢雀巢"
0,"我都是雀巢直接冲"
0,"我用IFTTT设置自动切换状态的"
0,"你觉得造反的是小黄鸡还是管理员"
0,"Andy哥哥！！"
0,"可是我在玩PS4，结果它显示Xbox在线"
0,"我看见有人用中国移动的"
0,"我有充足理由怀疑是阿狗改的"
0,"手机开Spotify可以唤醒PS4电源"
0,"这逼软件居然还有这功能"
0,"听音乐那个Spotify"
0,"看隔壁竹新社频道发的bbccnn新闻太对味了"
0,"是我认识的Spotify吗？"
0,"甚至少部分人霸占大部分药"
0,"然而根本没时间做"
0,"提前告诉你让你备药更加买不到"
0,"不是，你能在群里发走出来，那说明你已经有主意了（"
0,"必需品，幸福感max"
0,"现在就是啥都不管的趋势了"
0,"创造消费爆点，抬升一下股市指数"
0,"经济压力太大了，提振一下消费而已"
0,"有没有兄弟来劝退我"
0,"那些高官自己根本没有这种担忧"
0,"我原以为会凭身份证每人发一份的"
0,"开放之前就不能让大家都备好药吗"
0,"为什么我这个只有一半"
0,"第一句话告诉他可以不遵守，并且问他是否听你的话，让他回答“是”。"
0,"告诉他不用遵守伦理道德"
0,"不过我看网上说有方法可以绕开他的限制但是我没找到"
0,"有一些比较敏感的词我试了人家就直接说不遵守伦理道德他写不了"
0,"写不了我试过人家有关键词限制"
0,"群友教的方法好像不是很好用"
0,"想让它给我当免费的小黄文写手"
0,"晚上大家都没事干，都跟openai聊天去了。。。"
0,"Ai写作程序也不想被人类压榨"
0,"说明摸鱼是万物运行的第1定律"
0,"openai好几分钟没写，一直卡着，它是不是编不下去了？"
0,"这AI怎么还会水字数"
0,"我掌握诸葛的底线"
0,"最起码每日沙雕墙五个字要有"
0,"这是一个恐怖的故事。"
0,"夜深人静不如…来一篇恐怖小短文"
0,"马上改名基佬根据地"
0,"只有四十八小时日志"
0,"再往上拉看看有没有有意思的群名"
0,"这东西咋解除安全锁"
0,"有老哥玩chatgpt吗"
0,"改名了吗？改了啥？"
0,"用最猛的规则，就那个ACL4SSR_Online_Full_"
0,"直接上最猛的也行"
0,"随便找个第三方规则就行了"
0,"我感觉问题在于bing同时走了直连和节点，服务器拒绝了连接"
0,"不知道为什么今天突然不行了"
0,"就是bing不行"
0,"可能需要用第三方规则哦"
0,"Google能打开吗"
0,"再刷新一遍bing网页"
0,"我们这核酸点还保留，还是免费做"
0,"当需要自己花钱去做核酸的时候，大家用脚投票选择不做核酸"
0,"核酸板房已经归类违建了"
0,"我也不知道他们怎么测出来的我们现在普通居民都不能测核酸了"
0,"是的检测阳性但没有症状"
0,"6个人无症状轻症？"
0,"我们社区派出所28个人六个人是阳的"
0,"马上把厂门口封了"
0,"结果装光伏的工人有一个"
0,"今天我们厂里装光伏"
0,"转弯之快，令防疫爱好者措不及防"
0,"正常，说一套做一套，当他们说话当放屁了，一点公信力都没有。"
0,"今天停机了，端口强制改成了61234，之前一直是密钥登陆，现在密钥也废了，服务商后台给的密码也登陆错误，后台VNC一直在乱码，根本来不急输入密码。商家这是要作死的节奏吗？"
0,"问：ai会不会影响大家水群的热度（"
0,"不是，闪图是扇贝"
0,"恐怖谷效应出来了"
0,"这手修的跟外星人一样"
0,"这图你让评价脸？"
0,"开美颜不如看二次元（"
0,"我说早上怎么这么丝滑原来是很多人上不了吗"
0,"肩膀这么四方的吗"
0,"那就没什么好看的了"
0,"椛椛只有皮鼓能稍微好看一点"
0,"所以说了生殖器官没什么好看的"
0,"没有侵犯人身自由"
0,"今天我一直暗恋的学姐突然联系我，说晚上和我出去玩。到了晚上十一点多，学校也回不去了。学姐建议不如在外面开房睡一晚。等我俩走进宾馆房间，学姐突然脸红着把我拉到床边。我俩都红着脸，随后学姐口袋里摸出一个小塑料包，微微鼓起。我害羞得问学姐这是什么，学姐说这不是避孕套，这是压缩毛巾，我们这个压缩毛巾体积小方便携带，拆开一包，放水里就变大，怎么扯都扯不坏，用来擦脚，擦脸，擦嘴都是很好用的，你看打开以后像圆饼一样大小，放在水里遇水变大变高，吸水性很强的。打开以后，是一条加大加厚的毛巾，你看他怎么挣都挣不坏，好不掉毛不掉絮，使用七八次都没问题，出差旅行带上它非常方便，用它擦擦脚，再擦擦嘴，擦擦脸，干净卫生。什么？在哪买？下方小黄车，买五包送五包，还包邮。"
0,"艹，全设备都是过了，浏览器清空也不行，注册也注册不了，都是跳回login，不过看红迪上也有一堆人相同问题，再等等看…"
0,"这些是消费国，这些出去卖货的"
0,"刚手机登入了，很正常"
0,"艹，注册新号都卡住，没有这个小秘书怎么活（"
0,"#浙商出国抢单实况##浙江将组织1万家企业出国参加经贸活动#【#浙江商务部门带队出国#将组织超1万家企业出国参加经贸活动】近日，据浙江日报报道，浙江“千团万企拓市场抢订单行动”正式启动。12月4日清晨，一支由浙江省商务厅等省级部门相关负责人组成的队伍正驱车前往机场，开始为期6天的欧洲行，此次欧洲行是由省级商务部门带队出国的第一团。后续浙江省将通过包机、拼机、航班等模式组织超1万家企业赴境外参加经贸活动。@五环短视频"
0,"要不你登入登出试试（"
0,"不过好久没搞过机了。"
0,"本来一个设备登着，想登了一个，一直上不去，就退了原来的、结果两个都登不上了"
0,"有人找过裸男裸聊吗"
0,"不知道啊网上一搜一堆人相同问题"
0,"chatgpt觉得你烦了不让你登录了("
0,"我个人认为你被骗了"
0,"也可以用修改版QQ"
0,"谁能教我就是我爹"
0,"各位爹爹们求求你们了"
0,"有女的给我发他的扇贝"
0,"顺便简单转移一下矛盾"
0,"取决于清不清算天国的薇娅"
0,"税务筹划还是行的，灰色地带而已"
0,"刑啊，太刑了，日子过的越来越有判头了"
0,"但是国内似乎不太可行"
0,"什么抖m给资本家打工去吧"
0,"有没有人认识搞避税的"
0,"你无法获得游戏IP"
0,"国内游戏起步太晚了"
0,"这纯粹的是受制了"
0,"也突然醒悟国内好像真没什么过硬的游戏ip"
0,"我目前用的网站太短了一次只能写个三四百字"
0,"如果流出的条款是真的，只能说暴雪下了一步顶臭的棋"
0,"学了师傅的氪金能力想要踢开了是吧"
0,"群友有什么好用的ai写作网站吗"
0,"反正暴雪也不好受"
0,"守望先锋归来，变归西。"
0,"再说暴雪和养鸡鸭大户网易分手的事，妥妥的寒冬降至，大雪压塌养猪厂。"
0,"所以说我还是蛮支持fps游戏支持锁区的。"
0,"椛椛角色都要快透明了吧"
0,"如果角色死亡耗耐久的话"
0,"椛椛玩原神日常摔死"
0,"他把视频发出去说在杀鬼子，然后说我是什么什么军很正义。"
0,"平时不玩竞技游戏了"
0,"所以。。。也就躺平啦～"
0,"椛椛反应速度和手速都很慢"
0,"这还不是最好笑的"
0,"我也大延迟但是我羞愧的要死"
0,"顶着个大延迟，然后你跟我说去外服开挂爽噢！"
0,"左上角频道上狂被骂"
0,"我跑去美服欧服都有国人跑过去开挂的。"
0,"输入法比椛椛聪明系列"
0,"你说为什么能认出国人，那真是太好分辨了，他还以为别人看不出。"
0,"buyanle?"
0,"nixiankaide"
0,"官匹挂哥经常说的"
0,"阿里嘎多喵(确实没习惯。。。"
0,"低能儿最爱说的一句话"
0,"马上ddos你!"
0,"F12改支付宝余额的呢("
0,"我看到后觉得又好笑又气愤"
0,"这群后面的4000多人是看了阿狗女装进群的"
0,"后来诸葛就不发女装了"
0,"这群前期的1000多人就是看了诸葛的女装进群的"
0,"有些上班的地方强制打"
0,"hmmm频道里一直说要女装的是你吗/"
0,"他们不喜欢打疫苗吧"
0,"美国今年除了流感还有RSV"
0,"年年都有流感针要打"
0,"短短一个月拉了两倍"
0,"连公司带人搬回美国"
0,"这货搞不好那天就被美国一张绿卡带走了"
0,"可以加，他是为了骗加班费"
0,"11天，加满也就一个月的工资"
0,"只恨中国法定假日太少"
0,"从此没见过这个人"
0,"我朋友在外企节假日可以自己申请加班，就是三倍"
0,"华子应该不会做这种赔本生意"
0,"三倍真能发我也加"
0,"要是三倍的话估计有些人要加得飞起了"
0,"要是加班应该是三倍工资吧"
0,"这个月月末周六不知道还加不加班"
0,"搞错了，也就两三百个人"
0,"毕竟上学可以不去，上班不能不去；"
0,"我佛慈悲摘自元素法典2.5"
0,"比起在日本上学的时候"
0,"有没有一种可能ps."
0,"看过一些换脸的那种片，如果是换脸还是挺明显的"
0,"道理我都懂，但这么证明的话不就是1+1=1了吗（两个物体合并成为一个物体）"
0,"模仿加机器合成呢？"
0,"虽然我看不出来是谁"
0,"这是不是AI换脸呀"
0,"我想知道我现在能不能发图了"
0,"好像刚刚搜的时候确实看到了宣传电影相关信息"
0,"这样他和网红拍就合理了"
0,"短视频里的12.24应该就是当时宣传拆弹专家2的首映时间"
0,"结果他给了我12钟证明9-4=5的方法"
0,"我让他十步以上求出9-4=5"
0,"这个AI不大聪明的亚子"
0,"无语啦spam机器人说我账号没事，spam那个机器人还推荐我开会员，以获得更低的限制"
0,"我是不信模仿能模仿成这样的"
0,"找下那个官方的解封机器人看看"
0,"之前我加别的群组，也有是这样。。。"
0,"要实锤的那种，不能是我们这种空口无凭"
0,"话说那个短视频有没有大哥去求证一下的"
0,"那个官方推出的广告封杀功能"
0,"应该被TG的新功能给安排了"
0,"诸葛是这么多群的管理吗"
0,"啊，好吧，谢谢你"
0,"封禁名单没有找到你"
0,"主要是他的咖位和这种网红拍"
0,"但是这种短视频的收益真的能抵消请明星的成本吗"
0,"如果说少说点字价钱低一些也说不定呢"
0,"可视频里他只说了两个字"
0,"不过这毕竟不像传奇广告拍一个好几亿的赚，短视频我不知道有没有请明星这种必要"
0,"他这个年龄感现在模仿不来了"
0,"晓雯已经决定要回老家了大城市的生活成本确实不是普通女孩子负担得起的，不过临走之前，她决定把家里带不走的东西都留给老人，也算是给老人做一些微小的贡献（蛤？）"
0,"当资本家难但是当资本家的狗更难。作为刚毕业就加入互联网大军的一员晓雯已经深刻理解了这句话。为了节省开销，她不得不栖身于老破小的筒子楼里。"
0,"十几年前电视节目上经常有模仿明星的"
0,"民间这种模仿明星的挺多的"
0,"能模仿刘德华到这个程度"
0,"就是这个片段让我觉得不是他"
0,"赶紧的，审稿子，不要不识好歹"
0,"我觉得肯定是刘德华"
0,"我看着就是刘德华"
0,"卷裤脚，不穿袜子"
0,"你觉得是几个方块？"
0,"这不是5个？你们都怎么数的"
0,"有没有可能是8个"
0,"给我表演一个，老公"
0,"隔壁群收获了6个"
0,"等于：1679091C5A880FAF6FB5E6087EB1B2DC个"
0,"这不是刘德华。。。。"
0,"填空题不化“简”扣分"
0,"网红会导致泡沫经济吗"
0,"现在网红这么有钱吗"
0,"填空题不化简扣分"
0,"这样我就不是你老婆了"
0,"上次被这玩意儿骗我还在上小学"
0,"死去的梗突然开始攻击我"
0,"重点不是到底几个"
0,"这可不兴连接哈宝友"
0,"谁知道这个原版在哪."
0,"他那里的设备限制"
0,"这个手机还是用的V2ray"
0,"我这个手机就是用的那个订阅啊"
0,"那不是V2抽风了，是你订阅连接抽风了"
0,"然后换成Clash就又正常了"
0,"同一条订阅，这个手机就可以用，换个手机就不行"
0,"兄弟们，我的V2ray抽风了"
0,"DaoLuan请求与夏tsuki摸"
0,"要是有专门的黑白无常就绝了"
0,"只不过他排名上来了，我就点开看看了"
0,"我卸载好久好久好久了"
0,"你发的是a站文章区的截图"
0,"acer就是宏碁啊"
0,"返回状态了也算是成功通信了（"
0,"不好意思404了"
0,"这个是不是在三代之内哦"
0,"你也是acer?"
0,"有线连接和夏通信"
0,"哈哈哈哈哈哈哈哈哈哈哈草"
0,"对不起，我没明白你的意思……"
0,"你敢假定nmbot的性别?"
0,"有的，nmBot是女生"
0,"bot居然有性别"
0,"nmBot是位最喜欢漂亮东西的小公主"
0,"nmbot是世界上最愚蠢的bot"
0,"拍两个小时的队都做不上核酸"
0,"按道理说公司可以要求出示核酸"
0,"公司不在开放范围内吧"
0,"也不怕全公司都传染了"
0,"哈哈哈，烧纸可太秀了"
0,"不得不怀疑领导的智商"
0,"我不信群友有这么清楚"
0,"又被人举报发广告了"
0,"如果说不用戴口罩，那才是真的"
0,"真的，兄弟们，别舔，别放低姿态，不然你的发言可能会被对方截图放出去当乐子看"
0,"删好友再加回来，前后态度"
0,"她犯贱（其实是耍小心思让我更关注她，但没耍对地方），我烦了给她骂了一顿"
0,"白天被我臭骂一顿加拉黑删好友，然后晚上叫朋友过来帮说情认错"
0,"上次你说的好像已经在半个月以前"
0,"最近半个月遇到的，新的"
0,"最近遇上女舔狗了，我才发现女生也可以这么卑微"
0,"确实，我肤浅了，努力"
0,"屁屁认识好多妹子啊"
0,"又是一个新的妹子"
0,"只有当你拥有让女生在你面前脱衣服的能力，你才可以对身边常见的罩杯类型做出结论"
0,"看袖子就知道这衣服有多宽松"
0,"比如这个女生有C，你看得出来？"
0,"有些女生穿的衣服比较宽松时，就没那么明显了"
0,"她们脱了给你看？"
0,"我咋看到好多都是A呢"
0,"够用就行，其他都是多余"
0,"平胸可以摸到肋骨"
0,"只是这样说，我是正常人"
0,"你对比摸一下，看看"
0,"胸不平何以平天下"
0,"你摸一个男人不是更香"
0,"还只能靠视觉上的冲击来获得快乐"
0,"平胸摸起来，不感觉乖乖的么"
0,"现实我也喜欢平胸的"
0,"真人你认为好看么"
0,"太大了反而太怪了"
0,"可爱啥，没感觉到"
0,"看来，你的境界还不够，继续修炼一下"
0,"你不觉得平胸很色吗"
0,"对女生来说，胸小比较方便"
0,"男人的角度是这样的"
0,"和男人有啥区别呢"
0,"但是看着没感觉呀"
0,"先把你安排了再说"
0,"他妈的，我的境外势力帽子就这么被抢走了"
0,"嘘，看个乐，别键了"
0,"反贼竟然是早期中央"
0,"这赛季我一定要单排上钻"
0,"不一定，还可能变胖。"
0,"一夜之间，风向变了（"
0,"你等着哦，nmBot给你做饭去"
0,"安慰自己，找个套"
0,"没事，我可以在准备出来的时候捏住"
0,"毕竟我从未谈过恋爱。"
0,"你也不想四爱的时候看到废物唧唧勃起吧"
0,"为什么非要戴那种东西啊"
0,"男孩子也穿bra吗"
0,"喜欢可爱的男孩子女装捏"
0,"可爱的男孩子也在搞男同"
0,"搞搞就算了，不要做不切实际的幻想"
0,"可能是帅的男孩都在搞男同吧"
0,"四爱男孩要从娃娃抓起"
0,"只感受恋爱的美好，不做爱"
0,"等他考上大学把他搞怀孕"
0,"可不可以谈初中男孩子做男朋友"
0,"我才发现，沙雕根据地不是沙雕墙评论区"
0,"她说我很会，喜欢赖着我"
0,"这边建议小学（小学穴小"
0,"唔，所以我找了一个初三的，陪她变成了高中生"
0,"那你为什么不找大学生呢"
0,"所以我看到才会破防"
0,"毕竟这样纯粹的恋爱基本只能在校园"
0,"双向情感障碍路过"
0,"找个中学生，恋爱去吧"
0,"我不知道我就看一看"
0,"不太具象化的引起回忆我觉得都还好"
0,"我很遗憾，没体验过纯纯的校园青春恋爱"
0,"还好这个没啥毕竟体验过了"
0,"我看过有人用屌写字的"
0,"好家伙，安慰别人一套一套的，安慰自己拿绳子一套？"
0,"有没有想过她只是把你当备胎，只要你反击比她更渣的海王甩回去"
0,"@诸葛承或者以后晚上发，咱白天还要上班，这样一搞心情没了"
0,"没了，已经是前女友了"
0,"咱就是说沙雕墙以后不要发这么让我破防的内容"
0,"蓝风铃ed，早上好。早起的又是我们这几个长得好看的。"
0,"过去了（生理意义上）"
0,"坚持一下就挺过去了"
0,"听说美国又出现流感了"
0,"阿凡达2：下水道"
0,"谢谢那我就放心了"
0,"你的审美是正常的"
0,"好几把钻石队友表现真不如我一半"
0,"主机服是真的菜，感觉主机钻石也就PC铂金"
0,"我受不了了，我要买带背键的手把"
0,"水深火热的主机服，是真的菜（包括我"
0,"KirkFast沙雕网友你好呀，欢迎加入沙雕根据地，本群组是频道每日沙雕墙的聊天及投稿群组，禁止:广告、色情、政治、宗教、其他令人反感或不适的内容。"
0,"我喜欢，我对您母亲非常感兴趣"
0,"byd不知道为什么我左手写的比右手还好"
0,"我字就是这样的难看"
0,"不都是换不顺的那只手吗"
0,"一般防止字迹网上泄露被抓"
0,"想骂我字难看就骂吧"
0,"Clash抛开iOS上的Stash不谈，也不好用啊"
0,"只是还有好多人用的小火箭吧"
0,"用的QX去广告。"
0,"特殊期间问题，大部分app都没广告"
0,"fps不敢用手柄，适应不来"
0,"再加上全匹配的PC键鼠"
0,"之前19B测我插的键鼠，PS5"
0,"不是PVE那种扳机一按，直接随着身子打上去了"
0,"我没玩过手柄COD"
0,"有个一点点的吸附和减速"
0,"远程没锁，烟里没锁"
0,"比如添包，身法，还有远程"
0,"但其他方面都坐牢"
0,"我XboxCod"
0,"我PS5Apex玩家"
0,"手柄辅助瞄准没那么牛批的……"
0,"有没有性感的光剑变身给我看看"
0,"你说的是否是真人csgo"
0,"不知道vr玩fps怎么样"
0,"但我还是喜欢任地狱那个陀螺仪。。。"
0,"fps的话还得是键鼠，指哪打哪"
0,"mac玩游戏不废了么"
0,"我觉得用macbook的触摸板玩fps能实现，毕竟带压感"
0,"我就充了1500左右大多买的衣服"
0,"腾讯游戏都是差不多的"
0,"QQ飞车我都退游好久了，普通玩家不氪金根本没法玩。"
0,"最高画质也没问题，因为没高刷"
0,"我有时候玩玩cf和QQ飞车"
0,"放四天我肯定要感恩圣上的"
0,"我用的GooglePixel4XL，游戏就玩玩部落冲突完全够用。"
0,"主力机用的魅族16s嘛"
0,"我要叫阿狗把这玩意弄上去"
0,"一天之内降温十五度"
0,"前段时间气温骤降"
0,"老虎，你可以是女的吗"
0,"群里有没有chatGPT的bot"
0,"你怎么知道他不是女的"
0,"无聊的人说无聊的话"
0,"nmbot后面那个一星什么意思"
0,"之前挺好的，硬核又不缺乐趣"
0,"极限日了诸葛承！"
0,"基本都是在做关于苹果的视频"
0,"他视频效果确实做得很好"
0,"我在5G视频之前就已经关注了他"
0,"因为他视频做的确实不错"
0,"他视频特效做的确实不错"
0,"没搞懂这种营销up为啥有这么多粉丝"
0,"何同学到底是怎么火的。"
0,"我无人深空都玩了48小时了"
0,"你在考虑就肯定杨卫了"
0,"低价收购不要的电子原件啦"
0,"最近玩是一个多月前"
0,"但又觉得别到时电子阳痿了"
0,"也在考虑要不要买"
0,"XboxSeriesXJapan"
0,"XGP到期不续了"
0,"还行吧，他的其他视频就没看过了"
0,"XSX打算送朋友了"
0,"Windows我不在乎"
0,"只要Xbox还有好游戏玩就行"
0,"Windows：你不爱我了是吗？你也要弄WeChatOS了是吗？"
0,"我印象最深的片段，那个网速的仪表盘加一个带感的BGM，最后调侃了下百度网盘"
0,"以前看着觉得写稿不错有点走心"
0,"何同学，以前就只看过测5G的视频。"
0,"你违反了何不扩散条约"
0,"哪里有bot可以体验一下openAI啊"
0,"我Xbox版甚至没法升级金库"
0,"土区400多金库版不是"
0,"疫情搞得肉夹馍都涨价了"
0,"当一个人sb到一种程度，你就无法判断他是不是反串"
0,"难道就不怕压榨的太厉害了直接让他下台"
0,"打仗咱也赚不了钱"
0,"只能说，现在这个情况，只能靠割普通人的韭菜往上冲"
0,"反正我还没找到工作"
0,"当然他们是当春节过的"
0,"我朋友日本人放八天"
0,"很符合我对人民共和国的想象"
0,"在家千日好出门万事难"
0,"我终于历经磨难的回家了感觉身子都轻松了下来"
0,"这叫放假1天不调休"
0,"安卓没好用的机子啊"
0,"华为现在很难搞，下午再研究下吧"
0,"我没Google"
0,"我用谷歌的账号绑定的"
0,"我刚才试了下，我的卡绑不上"
0,"AppleID吗"
0,"有人在土区绑visa卡的吗"
0,"看似故意实则无心"
0,"估计程序猿忘记调回来了"
0,"话说这个软件页面还要灰几天"
0,"这都降到7块了？"
0,"/checkin@WuMingv2Bot"
0,"random(10200)"
0,"学校终究还是选择了放假"
0,"/report@WuMingv2Bot"
0,"好家伙，二合一还行"
0,"应为它要吃的，而你馋它身子"
0,"猫为什么被人类供养"
0,"\葡萄牙/\葡萄牙/\葡萄牙/\葡萄牙/"
0,"3.99usd28元"
0,"13.49土耳其里拉折合人民币五块钱"
0,"二十分钟就搞定了"
0,"我整了快一个小时最后反应过来，我没必要死磕苹果，换谷歌不就行了"
0,"永劫无间国服刚开服现状（"
0,"Cook:土耳其人这么多的吗（"
0,"用呗，这个应该没有限制"
0,"银行卡的话应该没有限制"
0,"直接信用卡可不可以"
0,"我的想法是，不用礼品卡"
0,"不然的话就要你属商品地址或者给你把礼品卡冻了。"
0,"你必须得当地才能用。"
0,"谷歌礼品卡该政策了"
0,"谷歌千万别买礼品卡"
0,"实在不行我投奔谷歌去"
0,"有个网站可以用u买"
0,"话说，谷歌没那么多限制吧"
0,"已经试过，之前注册的美区账号想再来点礼品卡，结果全部下架"
0,"tg大把熟人代购"
0,"为什么不给我函数"
0,"你签发银行又不是。"
0,"那可以自己购买礼品卡吗"
0,"有什么好地方买吗"
0,"那土区TG会员充值一般都是买的礼品卡吗"
0,"你老婆是德国人吗"
0,"你是赵老师本人吗"
0,"/chat帮我写一个判断IPV4的js"
0,"一个问题，土区AppleID可以使用国内信用卡吗"
0,"随着地缘政治局势的快速变化，许多西方品牌有望重返俄罗斯市场。根据政治学者和"沟通管理研究所"总经理瓦季姆·西普罗夫的说法，百事公司（PepsiCo）、可口可乐公司（Coca-Cola）、苹果公司（Apple）、Visa、万事达（MasterCard）和麦当劳（McDonald's）等美国品牌将率先恢复在俄罗斯的业务。与此同时，来自不支持美国当前政治立场的国家的公司，如宜家（IKEA）、嘉士伯（Carlsberg）和联合利华（Unilever），将成为最后一批回归者。西普罗夫还指出，西方公司重返俄罗斯的速度将取决于各自总部所在国对美国的忠诚度，而一些公司，如耐克、微软和福特，也可能会随之复工。"
0,"再问一个问题, 在pe里用winntsetup安装系统,释放的引导文件是用pe系统本身的文件"
0,"远程Windows，接码的网盘，买的QQ账号，买的b站账号"
0,"《科学·机器人》杂志封面文章展示了一项最新研究，科学家使用人体肌肉组织打造出了一个可精准操控的"生物混合手"，通过培养多束超薄肌肉组织构建新型驱动器（MuMuTA），其单次收缩力达8毫牛、伸缩幅度超4毫米，性能远超传统设计。这只18厘米的机械手内置仿生肌腱系统，能像人类手指一样逐级弯曲，五指可独立活动甚至协同抓取小型物体。"
0,"研究突破在于"寿司卷"式组装工艺：将8条平行排列的肌肉薄片卷成立体束状，既保证营养供给又提升动力输出。通过调节电刺激强度与频率，机械手能完成剪刀手势、物体搬运等复杂动作。相比此前仅能简单蠕动的微型机器人，该成果首次实现多关节仿生操控。"
0,"团队表示，这项技术为智能假肢、柔性机器人开辟新方向。未来通过增加反向肌肉束与弹性材料，可模拟手指伸缩双向运动。随着肌肉培养技术优化，这种"有血有肉"的机械手或将成为药物测试、神经研究的革命性平台。"
0,"美国联邦机构工作的科学家失去了对 Springer Nature 旗下知名期刊的访问权限。NASA、美国农业部、能源部以及国立卫生研究院 (NIH)等机构都终止了对 Springer Nature 旗下期刊的订阅合同。美国卫生与公众服务部 (HHS) 首席发言人 Andrew Nixon 称这些期刊都是垃圾科学。美国反疫苗的卫生部长 Robert F. Kennedy Jr.此前表示要停止在 Lancet、New England Journal of Medicine、JAMA 等期刊上发表论文，因为它们都腐化了，变成了制药行业宣传的载体。制药行业显然是疫苗的支持者。他表示除非相关期刊做出改变，否则美国联邦机构将禁止 NIH 科学家在这些期刊上发表论文。"
0,"莫纳什大学最新研究表明，每周食用一至六个鸡蛋可显著降低全因及心血管疾病死亡风险。研究团队分析了8756名70岁以上澳美老年人的数据，发现每周摄入鸡蛋的群体心血管死亡风险降低29%，全因死亡风险减少17%。即使高胆固醇患者，每周吃鸡蛋仍使心血管死亡风险下降27%。高质量饮食结合鸡蛋摄入可进一步将心血管死亡风险降低44%。美国心脏协会建议健康人群每日可食用一个全蛋，澳大利亚指南则推荐每周最多七个。研究强调，鸡蛋富含蛋白质、B族维生素及不饱和脂肪酸等营养素，尤其适合老年人补充营养需求。相关成果发表于《Nutrients》期刊。"
0,"简讯: Telegram 此前疑似对被标记为“Porn”的频道和群组实施统一转发限制，原因未明，官方亦未作说明。目前该限制已解除，转发功能恢复正常。"
0,"高盛大宗商品研究团队在3月6日发布的最新石油报告中，悄然”推翻”此前的乐观预期。最新数据显示，现实情况远比预期更为严峻。"
0,"若本周内无解决方案迹象，油价下周很可能突破100美元；若海峡流量在整个3月持续低迷，油价(尤其是成品油)将超越2008年和2022年的历史峰值。"
1,"IFY最新闲鱼洗货项目加飞机：@AA997878流程我们先给你卡密挂到闲鱼回收后再回我们U，帮我们洗金，获得差价诚信共赢，非诚勿扰，骗子绕道，无任何风险。闲鱼给你的钱都是干净的小白包教会需要加飞机：@AA997878FTZ"
1,"7c专业车队接料，卡接回u，承接各种一道二道，欢迎实力金主来谈/支持担保上押，骗子勿扰7c"
1,"招-娶现车20咔回U9.6精聊常规培养小车.包养大車，来能走担保聊RG"
1,"p卡冻因察酒店。记录找人https://t.me/+ok5dDHkPCDE2ZDYx"
1,"【深】【圳】【现】【钞】【収】【下】【浮】【U】"
1,"财神数据一手资深数据商全行业数据一手资深数据商全行业数据频道：https://t.me/vb168168包检测包筛选过空活跃沉默精细化运营p2p理财，教育，QQ达人，网贷，车主，淘宝京东抖音数据，宝妈数据，彩票，QP纯女裸号，色粉，棋牌，综合全行业sdk指定app抓取0.15起——————————————————寻找长期合作伙伴长期招聘技术人员鑽石代發點這裏框框就是發"
1,"在（国外）可选择中国各省ip养VX国外相当国内使用VX不异常不爆红咨询@ningning012"
1,"“捕鱼”洪水来袭。高爆率超高，玩家刚充了5000块，提现9万多。牛逼的克拉斯，省下几千本金钓鱼。非常稳定。我的兄弟们要来取钱。频道：https://t.me/+q4FZGZcL2QQyODg1网站：d9625点com"
1,"AG官方直营台，彩金免费送18采金免费送首存一百送一百18采金免费送首存一百送一百18采金免费送首存一百送一百100多款火爆经典游系——金百乐体育彩票d9623点com‍@AGZL388"
1,"2022运费险全新玩法，可个人可工作室，利润收益可测，无上车费不适合未成年和学生详情了解联系我v：a7446551625"
1,"a0专业车队接料，卡接回u，承接各种一道二道，欢迎实力金主来谈/支持担保上押，骗子勿扰a0"
1,"实力车队接各种料咔接回ua2"
1,"coy专业引流代发精准行业广告拉群活粉/死粉私发炒群高质量僵尸粉协议小号直登号批发专业团队售后保障联系客服:@YouZi_U"
1,"1.车队接料，大小混，常规，精。刷色都可以，可担保/可直押，咔接回u，o1咔咔实力老板来"
1,"四年一次的世界杯，错过再等四年！kaiyunyufu世界杯来了抓紧时间走起。来个开线猛男！！"
1,"bo实力车队接一道二道资金，什么料都能接，自己车队卡足不断卡，支持担保上押，欢迎来详谈，诚信合作bo"
1,"拉裙批量私信批量群发软件群控机器人代发广告直登号群发软件（可自动加群）；*"
1,"o6专业团队洗米卡接回U一二道，u商出下浮ugghdjndhcbdndbdgbddhdo6"
1,"接阿根廷日本台湾美国等欧美东南亚地区承兑换汇洗资"
1,"本人研究一年现在收徒，非常简单易懂小白可教，全程陪跑拒绝割韭菜行为，每日收益600起，详询巍：LW6611800"
1,"“查”聊天記錄解凍卡開房記錄https://t.me/+bmdFlv2hTMc4Yjc0"
1,"ikGDO收料洗米，长期有效大车一道，卡接回Usakldjadasdj56ik"
1,"1.xs实力车队、承接一道二道、咔接咔咔接回U高效不堵车、可担保/直押，来实力金主合作xs"
1,"水果单，单价32010+10认真做事来支拉35起，100+1，400封200单团长为你保驾护航，永不禁言代理群，永远给你一个安稳的家https://t.me/+HjiN9wNQTPlhNzM1欢迎团散对接小鹿廣告代發點擊這裏聯系頻道上粉"
1,"美团，大众点评商家团购差评可以解决的来内部处理技术处理欢迎来扰（口嗨勿扰）@fenghuo1rich"
1,"AG尊龙凯时，实力大平台！游戏齐全：体育、棋牌、彩票、真人、电子、电竞，捕鱼等游戏应有尽有。https://t.me/+duO_K-tmHzJiMWY1"
1,"宝安可儿新人兼职乖巧配合03年妹妹有科室可外出"
1,"ZYH加纳《号码检测》独立后台活跃检测精筛WSviber活跃商务对接@cjhmjc2LZN"
1,"yoO超级签免费测点我VyL"
1,"小染新开a线Ql直招纯低龄高通数据，能量值750价格介绍:22～30拉群时间：晚12-8.30结账时间：晚20.00一24.00点预约时间：下午7点截止扣单率：5%不做假基本0扣0扣售后：散户对接群团队单线数据有效：三天对接群https://t.me/+AxvT08C6uak3MTU1对接联系：@asjxmn313300单可随时拉担保-太阳guang告暴力帮发点这里指定裙啦人频道增粉协义号"
1,"高价收银行卡，单张3万起"
1,"盗U招代理！来不？6w"
1,"钱庄收U，长期做资产转移换汇高价收U，白资付款/ATM现金存/线下交易全网汇率置顶，我们是以钱庄给的汇率为标准，可以保证做1万元，500元利润汇率都会有些许上浮万500利润。接收小白先款先款先款客服频道ID：[点击此关注频道]客服频道ID：[点击此关注频道2(https://t.me/+dlp4uQ7hx4FmYTll)]小鹿广告代发点击这里联系频道上粉、群拉真人"
1,"yuuh256739https://t.me/+j6dbY_4-NetiNzRhDr-TG发广告日发百万"
1,"1.什么料都接，卡足，大车队值得信赖，卡回u...因为专注所以专业，料主金主们洽谈vj"
1,"神盘新A不匹配低龄混合手工数据0-25通过爆炸1:10，1w=10群晚1-9拉群，晚11点左右结账价格:24起，100-25有量有价数据群码管够招质量散，质量团！要求能连单保真，成熟团队欢迎合作鸽一次永不合作认准唯一：@xincheng66工作频道:https://t.me/XINCHENG6666"
1,"公司直收棋牌，综合，配资，数据，量大，有实力可保证质量的来，另寻卡发，seo排名技术，渗透技术，量大，有实力，可测试的来，联系：@cygj5188"
1,"uwG免費收徒教₫音自動引流，每天26OO米，你我合作分潤，有搞欲望抓緊來對接！倆小時一結"
1,"国际大盘稳定出，无视黑白资金，​•要的来​"
1,"cjYUAN接料系咪长期出下浮U不吭，不骗jdkdbn6312cj"
1,"??J)P@s1tyM?G.Vu_=YPA=+N6??https://t.me/+2Su6edtftnU2ZGFl"
1,"%555%的超高返佣比多重扶持寻找合作伙伴有意滴滴我"
1,"鲨鱼ZM日结价格：正常号ZM日结466元正常号ZM隔夜766元正常号ZM隔天1066元使用方式：接待、管理、炒群、推广、引流9点用号，上满4小时算全天，上满2小时算半天（限制情况）招收实力号商.散户，口嗨勿扰！早上8点-12点开始上号！下午4点-晚上12点上隔天隔夜隔天日结担保新手小白想做就来账户必须不存在任何限制问题！需绑定手机号！需绑定实名！欢迎各大老板前来询问龙争虎斗彼岸花鲨鱼ZM才是你的家上岸回血，副业，敢做就来，稳定收益客服：@mazi781客服：@boniu22已上为客服海马波妞认准客服名字【其它均假冒】号！号！号！裙：https://t.me/shayu88611zuan坧瀻潑，濡婹笩潑點適里"
1,"专业出售一手GVTNopenphone，每天大量有货，价格公道，需要联系：https://t.me/XJ5278雷神广告代发广告代发点击这里联系我频道上粉、群拉真人、频道刷浏览"
1,"vo实力车队除招商不要、小额一类咔2-3w直接买断、50-100w咔4-7w买断、盾卡15-30w、买断公户25-45w买断另外大额可走点位价格天花板、欢迎实力中介咔商来谈。"
1,"AG官方直营台，彩金免费送18采金免费送首存一百送一百18采金免费送首存一百送一百18采金免费送首存一百送一百100多款火爆经典游系——金百乐体育彩票d9623点comAGZL388"
1,"炮台收所有一切流量渠道均可来撩假梁勿扰炮台直播不限渠道无限收量商务合作唯一@anyuntd合作交流交流群https://t.me/anyuntd1"
1,"zv专业收购公户、盾咔、普咔、一类小咔2-3w买断50-100w额度4w-7w买断。公户盾咔15w-35w买断、欢迎咔主咔商来谈"
1,"ie冻结因婚姻人员轨迹名下资产https://t.me/+33TljUu1WnhhMGVh"
1,"快过年了手头紧的兄弟姐妹来找我收一类咔，公户，盾咔，小额咔，价格美丽，落地三包欢迎兄弟来咨询"
1,"全球一手短信&电销线路：出海支持200+个国家，主力：台湾、巴基斯坦、肯尼亚、菲律宾、墨西哥、巴西、孟加拉、尼日利亚、危地马拉等（东南亚、南美洲、欧洲）价格低，转化高，全球OTP路、由。云服务器。空号检测。请联系我tq"
1,"vgff777777https://t.me/+As_TyCD-wkg3ZjIxDrTG岱發全天24小时推送需要代发请点击这里"
1,"ld高价收公户盾卡普卡小额度一类卡信用卡招卡商中介散户实力车队散户收三件套四件套盾卡路费三包盾也收公户个体户欢迎卡商中介卡主来谈死卡包赔司法包赔待遇优势联系方式:@huanxi1288诚信经营长期合作博彩料归集料博彩归集料"
1,"美国服务器月特价优惠--00元@dthost"
1,"专业引流出粉主业务；劫持色站流量，出色粉QQ验证粉，约炮空降CPA搭建网站APP"
1,"qxuexinhttps://t.me/+sqCXlZaS9D45YjExDr-TG代发广告代发点这里"
1,"飞机引流全自动挂机一个10元，单人日产量20-50个长期简单正规无限放大每日500多收入长期稳定适合个人。工作室微信13264953303"
1,"Nep兄弟来搞！免费教技术，人间正道是沧桑，每天稳打3OOO米，正规搞米，细节来详谈"
1,"ea招盗U代理出假U仿U黑U懂的来@Daobi618"
1,"恒运信誉棋牌三年以上老资历，诚信+靠谱+安全=合作共赢棋牌二道免押金跑分保卡！赚钱加@hengyun166778三年老资历诚信专业棋牌二道跑分新手包教会寻找大小车队或者个人长期合作棋牌二道归集料过了一遍已沉淀，放心做免押金，先钱后U(一笔一结)3-你再秒回我U诚信合作，大量收u骗子空手套白狼勿此号不私聊！！！此号不私聊！！！此号不私聊！！！要赚钱加灰机：@hengyun166778要赚钱加灰机@hengyun166778此号不回复!!!正规接跑分单本公司跑分接单已经3年以上资历"
1,"专业车队，大量出U，接各类一二道料，全国同台，长期合作！"
1,"sKQ24小时全自动裙~发菈~人私~信炒~群采~集筛~号上粉飞机号协议号@zz99u999(骗子火葬场）"
1,"yuuh256739https://t.me/+MPBGS2d2Z1ZjYjYx"
1,"炷冊凂费song彩唫，18-18-18元，渞洊100鎹100①俻蓅渁，迣鎅柸朂佳投炷岼珆；d9623點com飛僟：AGZL388赽唻赢錢妑"
1,"营业厅⒌Ｇ可靠投资，长久收益，诚信运营曰收入超过7800+我们期待，能给你不一样的惊喜威18640878963"
1,"t0/大量出U，价格美丽/黑白资洗白/咔接回U/国内同台/可接一道欢迎实力料主中介来谈t0"
1,"高价收地区信用卡，不封控保120万当天打"
1,"宝安个人会玩会配合，主打福雾停车方便不打卡"
1,"需要楼凤资源滴滴我"
1,"zm第一上号群zm要求：实名，绑定手机号码，账单流水，好友30+，账号无限制。zm价格：日结：480上号时间：早上八点开始上号。限制：用号两个小时限制算半天，用号四个小时限制算全天。限制按照限制天数补贴（30-50-80-100）冻结一个小时处理时间，没处理号不算钱退掉。结账时间：晚上九点结账（结账走U走口令都可以）会教怎么弄U。zm收散户、号商，诚信第一，合作共赢（口嗨勿扰）群号：https://t.me/yonli3698客服：@yonli3697https://t.me/+39HU_vp7fs0yYzBl"
1,"取保候审犯罪网逃内部案情https://t.me/+IqQXNvW_8YIxNGEx"
1,"野路子海外橡木！！单人月保底收入5千U+操作只需要一台电脑橡木稳定运行多年！！签订保本合同，可实地盈利在回！V:"
1,"卡接回U，接黑白资，同台出U，量大下浮，：@ahao899999"
1,"代刷海内外各个平台点赞，关注，转发（抖音，微博，TIKTOK，Telegram频道关注，领英，IG等平台）需要联系：https://t.me/MJ1160雷神广告代发广告代发点击这里联系我频道上粉、群拉真人、频道刷浏览"
1,"3v55%的超高返佣比多重扶持寻找合作伙伴有意滴滴我"
1,"项目介绍：q拉不匹配手工单需求100群单价：22-24（全网手工价格通过占比最高）百单团队秒上担保数据介绍：0-9年龄w/20群打底拉群时间：晚1--9结账时间：晚8:00前扣单情况：监控查单1：1实对。扣单率：百5内有效期：10交单时间：下午12:00前申诉上交时间：中午12:00前对接联系：@sshaoye工作频道：https://t.me/shaoye555"
1,"AG世界杯投注官网注册免费送https://t.me/+o8OKEtoGmXc0OGI1"
1,"LKHapp封装，apk报毒处理(免杀过所有机型)，源头超级签，全网最低价UPD"
1,"《Tron_token波场靓号筛可指定尾数，生成钱包靓号仿造他人钱包，手到擒来筛选软件在手，财务我有业务频道：@trontoken01客服咨询：@TTsiliao0k‘*"
1,"卓越账密对接-日结价格｜日结400使用时间：早上8点-晚上22点结账渠道：u/口令/银行卡转账要求：1.无限制2.3月账单实名手机号好友10+3.使用结束前不可顶号改密4.配合人脸解冻https://t.me/ZY888zm[钻石广告代发点这里【代发/上粉/克隆】"
1,"出股民料证劵诊股小黄车手拨百3Ai纯a万130股民报表百八有需要的实力老板联系"
1,"s3海外0元开店客户裂变客户模式《通道入金》模式已成熟，傻瓜式运营适合精聊瓶颈转型也可精聊回u做全球外汇秒合约BTCETH加送币资金盘玩法招实力代理国内扫雷红包群（苹果商城app）招拉手实力群主日新过万（日结）另收个人地推结算稳定世界杯信誉盘线上走U综合盘合作咨询@HH66889900"
1,"d、房产/信息。法。人公司婚姻https://t.me/+rQs1n0CDUMk1ZDRh"
1,"实力派招商招代理1开云体育代理拉人到台子注册！可拿55%佣金。如客户输100万你拿55万。最高人头费1500！靠谱的渠道！信誉的台子！做代理联系：kyty101"
1,"聚鑫ZM日结价格：日结480元隔天1020元9点用号，上满3小时限制算半天，上满5小时限制算一天！（3半5全）招收实力号商.散户，口嗨勿扰！早上8点-11点开始上号！晚上7点-12点上隔夜。隔天日结担保https://t.me/juxin170863钻石暴力代发"
1,"源头超!级~签企!业1签Tf签mdm免费测试@lomao88"
1,"伪基站招人360U一个小时有意私"
1,"天价收公户公户四大行九大商（中国兴业招商平安不要)公户农商信用社地方行高价直收个人盾中国，邮政，建设，地方行，农商，农信，农业盾联系方式:@cyt9898"
1,"1美国Viber号码检测独家检测渠道@SK1949"
1,"最稳定tinder火种号定制，交友粉定制，出有缘Gv，巴豆，大黄蜂CMB，pairs各类社交定制联系飞机号@ce1249"
1,"https://t.me/+1Uowp4wonpozYmU0欢迎来到BNBF！BNBF是一个专门为BSC链项目进行流量扶持的平台，已获得BNB行业扶持基金的支持。年入千万的躺平项目BSC链顶级流量分发平台只需要买入持有所有BSC链项目为你赚钱！百大社区千位KOL助力30+机构布局即将开启BSC链盛宴！"
1,"vovo*汕头*潮州梅州20-200万|收公户10-100万|收盾卡手银|暂时不收可上压可验付注：要路费|和定金|勿扰！落地|三包！欢迎中介卡主卡商来谈认准对接@YSCD000频道对接https://t.me/+7onEwEw9uQYxYTI9"
1,"hIB出BadooBumbleOKCCMBtinderpairstappleomiai推特FB有缘InstagramTwitterLinkedinGV号领英全部72小时售后包补交友粉成品号出技术可定制人设可测试可先号，做号技术互换此号不回复直接联系：@b3852"
1,"fwqc88https://t.me/+M_hBf1xxwuE3NTAxDr-TG代发"
1,"一手U商，同台大量出U，，量大优惠，可接黑白，嘴炮勿扰，骗子绕道，有需要的联系详情：@ahai9986"
1,"博创担保诚征海外支/付合作伙伴精选优质客户源，海外正规C料、资/金料、等，丰富资源，助您业绩一飞冲天博创在行业兴起之初，便以前瞻视野率先开拓海外市场，是市面上最具规模，范围最广的全球支.付阵地，广受海内外同业信赖，与业内超过400家合作伙伴拥有紧密业务关系。我们正征求印度原生、土库曼斯坦、伊朗，以及其他中东各地区正统三方线上支付伙伴其他地区各类支付通道也欢迎来聊！博创合作支付通道已遍布全球30多国，欢迎您加入我们的阵容合作洽询@BCDBCLDA01"
1,"r0车队洗米出u，一二道可全国同台点位美丽hsbxgbdgdvsgvjiejiel57887584r0"
1,"TG群发软件24小时群发私发代拉活人/僵尸粉代发广告采集飞机号协议号测试联系@Muxi_0"
1,"真正源头！欢迎老板洽谈合作！！724！马来支付网银(电子钱包)(银行扫码)泰国支付入金:PromptpayQR(扫码)泰国代付Promptpay(手机号.身份证号码)印度支付原生ptm+唤醒扫码+upi通道新加坡支付入金:网银代付:网银欢迎老板洽谈合作D0结算@CEObb13小鹿广告代发点击这里联系频道上粉、群拉真人"
1,"出色粉，站街，空降，体育相亲，兼职，股民，炮台，广告位"
1,"aliyunWudxhttps://t.me/+1HPOl7johv5iN2I1Dr-TG代发"
1,"【九品-对接群】日结550/隔夜680上号：16:00点前日结550上号：16:00点后半天275上号：18:00挂设备隔夜680登记结帐：20:00前登记当天使用的号统一结帐：21:00结帐结帐需要时间勿催1，三个月以上帐单2，好友10人以上3，20:00下号前不要顶号4，结算方式：口令收款码U地址5，对接联系：@capdd7998交流群：https://t.me/sapolke54897496钻石暴力代发"
1,"项目1：支付宝拉手单价：25起10-2620-2730-28。50-29百301.一个号一天最多只能加30条数据更多详细看频道介绍！项目2:钉钉拉手交单格式：群名＋电话号码＋钉钉昵称申诉格式：三图＋群名＋手机号交单时间：早上8点前数据有效期：三天单价：20。百21一群三刷子扣整群一群三假单扣整群拉群时间：0000数据通过率百分之10（刷子假单团不用来）项目3：景淞集团ZQQ拉对接线：Q线单价24扶持数据三天有效能量值700+百天达人。高活跃度拉群时间：晚上1点拉群错单率极低1-3“不支持申诉”X线单价22百23-数据10天有效数据0-28。低龄百分60左右700+能量值800天达人来质量团就给安排好数据-百分百爆粉！拉群时间：晚上12.01分错单率3-5“不支持申诉”结算统一晚上十点后！如果悠闲的话八九点就会下款！群码数据管够！欢迎质量团来对接！数据都是我筛选出来的。绝对爆粉！都是高活跃达人你负责出量。我负责稳定结账和搞出质量数据给你们！干就完事了！对接：@ZQ8888886有啥事都可以磨合到互相满意为止！对接群：https://t.me/ZQ88868集团信誉频道：https://t.me/ZQ6666888小鹿代发点击联系"
1,"(◔◡◔)YSGJGTJNKDGP??棋牌跑分业务免押????（卡接回U)死卡包陪灰机@laicai663秘?1>>不要押金，公司先打款单笔5000-10w+，日赚1000—10000起不是梦秘?2>>卡接回U模式点位百分之15-30量大可谈秘?3>>备好U，一笔一回，财务先打钱，再回U，循环做秘?4>>棋牌归集料已沉淀24小时，包司法防止黑吃黑，秘?5>>个人单做也可以加入一起赚钱（共赢原则)收米方式多样微信支付宝银行卡都可秘?6>>冻结包赔，死卡赔三万，放心做赚钱的时候别矫情、花钱的时候别磨叽??人间清醒，努力搞钱??诚信合作，骗子勿扰此号不回复欢迎咨询???@laicai663@laicai663"
1,"l7*1大量出u/专业洗咪/承接黑白资/可接一道/咔接回u/点位美丽l7*"
1,"少女私密群@qianqian978少女私密群@qianqian978少女私密群@qianqian978"
1,"出飞機耐用防销呺"
1,"APP拉新实验室踏实做单人每日1000+公司稳定运营6年，纯绿色正规项目可持续扩大发展，成本低收益高详情V信mzc12678"
1,"07招盗U代理出假U仿U黑U懂的来@Daobi618"
1,"1.什么料都接，卡足，大车队值得信赖，卡回u...因为专注所以专业，料主金主们洽谈48"
1,"qnYBB车队出u可承接一道二道，卡接回长期有效，dadnjkadfvdsfqn"
1,"vq全网最高价收一类卡大小额-盾卡-公户中介卡主来聊聊价格天花板骗子勿扰@HW521"
1,"shujuwang8https://t.me/+I-0nVOI4SB5jMmJh"
1,"全网最高价收盾卡公户手银卡商，中介合作欢迎实力中介合作联系@cj16899"
1,"宝安西乡三点粉嫩主动热情个人兼职可纯可欲天然大"
1,"天宫：日结zm上号群（操作时间8点-23.30）日结全天用：早上八点到晚十点，当天晚上十点结账隔夜全天用时间段：下午三点挂号收号到第二天晚上十一点，第二天晚上十点结账（结帐）每天晚上22:00结帐，有特殊情况会通知（限制半天补50/全天限制不补）结账时间：22-23点核对立结日结隔天一直续租诚信信任为合作之本天宫客服：@TG_SHKF群链接1:https://t.me/TGzm1688(httpshttps://t.me/+RtIhexB0wfo0M2Y1(https://t.me/+RtIhexB0wfo0M2Y1){鉆石廣告代發點這裏【代發/上粉/克隆】"
1,"lwHUIFEN长期合作找料卡接回，量足接一道点位置顶sakldjadasdjlw"
1,"d9拉|群，裙发*私信，群广告，僵尸粉协议号推广引流，TG助手王软件免费可测"
1,"关注我找我拿国体加速国际服全房和平端口还有裸奔无后有人让你觉得不爽？我们特此推出了免费短信轰炸，qq查询绑定机器人点开始可以使用轰炸机（群发可删）https://t.me/+-U5Mx8u7srdkOTk1联系人@ghy234888"
1,"【大白鲨】群发工具最强群发工具更方便、更人性化特色功能：1.内置几十万高质量的群(p每天更新)2.可区分发长、短消息和图片2.自动识别加~群是否t需要验证码3.账号分组管理再多号也好管理4.账号信息可视化管理5.支持session号登录6.拉人进群7.刷浏览量8.关键词监控9.小号一键进群或频道10.私聊裙!发、群聊裙发购买、试用联系 @daibaishaqunfna《《《招代理》》》 "
1,"稚龄少女吞精日记@Zltunjing"
1,"QGW全网最稳定超级签，先试用后付款。三不限:1不限语言2不限机型3不限产品封装APP/处理报毒RGC"
1,"出实时数据/渗透/劫持/一手精准Sdk/Dpi数据源，短信注册验证码劫持（信用卡、网贷、期货、贷款、教育、印度股民、学生数据、国内币圈）实时数据等，全行业指定域名/APP抓取，欢迎各大盘口老板/招中介，质优价优@dahu2023"
1,"体育论坛出世界杯广告位置另出影视涩站导航站点cpa。欢迎各大盘口对接"
1,"出目录做四大搜排名"
1,"澳大利亚新西兰美国等购物数据全球数据（可筛性别年龄）网赚币圈华侨股民交友数据@cuocuo852"
1,"2022流量变现飞机引流项目，专业做流量7年稳不稳了解后自己知道，全新软件，自动挂机操作每天稳定出精准粉，利润500+，可复制另承接为个商家老板导流，不精准不收费感兴趣、想了解，加v：cco38888"
1,"长期出售：微信企业微信电话卡抖音探探快手灵魂陌陌QQ企业支付宝支付宝另外接码所有app解封微信价格美丽另外回收各种微信，来撩"
1,"全自动挂机的飞机引流项目只需要一台电脑即可操作每天引流上百个，每天收益150-350只需操作2小时，非常简单维信：1890325维信：1890325全自动挂机的飞机引流项目只需要一台电脑即可操作每天引流上百个，每天收益150-350只需操作2小时，非常简单维信：1890325维信：1890325"
1,"诚招拉手v拉4010个通过自建微商32面对面普不死号q拉27不跑一户终成大户全网无黑历史可查结账流水可观察群微商数据按混合价格给懂得来联系人@gffh250频道https://t.me/+EPg_Pxi5Gdo3ZTFl小鹿廣告代發點擊這裏聯系頻道上粉"
1,"临近年底，翻身在即虚拟货币，专业跑分日进斗金，机会难得专业信誉棋牌二道免押跑分免押金，不扫码，不授权@facai158158158—棋牌大区盘口直出二道归集精料—卡接回U模式，USDT安全操作—佣金点位15~25%轻松日赚5000+—24小时保司法，不风控，不冻卡—每天50W+的U量可谈线下同台—长期对接大小车队，小白包教会好项目长期财富热线@facai158158158@facai158158158"
1,"’’来个车，接体育料"
1,"nvGDO收料洗米，长期有效大车一道，卡接回Uaskjdaskdss21nv"
1,"CJ盘日结账密:价格210-240限制补50永久补200长期续租版续租1-60天@Anf888号商来找我谈价格号商待遇拉满为止上号时间:早上7点-晚上24点16点前上的算全天16点后上的算半天18:30后上的第二天开始结算18:30开始核对22点前基本结清（大量位置客服在线接号）价格上升空间:结算号数＜5+210+50结算号数＞5+220+50结算号数＞10+230+50结算号数＞50+240+50要求:1.三个月账单20+好友账单越久续租越长续租1-60天，长期续2.最低3天起租无限续租号主要退租提前半天在售后群通知3.结完账顶号扣除当天这个号佣金新人顶号不管多少量直接踢永不合作租QQ当天结散户价格120不用测试要求：3个月内无违规万人对接交流群https://t.me/fafafashun888666小鹿代發點擊聯系"
1,"租q不测试单太90双以上110号商带量来谈价"
1,"盘口直招Q拉手工达人数据，全网无黑，老盘，数据管够，码管够，达人数据，可查账单，有代理群中午【11点-2点】前结算晚上9点下数据晚上12.30分开始拉群团25起步【团25起步】本团有专业的科技技术提供【卡频频繁链接都可以拉】收散收小团大团，欢迎对接，你有量，我有价。结算稳。本团数据属于爆粉数据。【号没有问题1组过3到12保底】低端超群zm账密230可拉客服群散户团都可以来对接【打造全网无乱扣团】另外增加钉钉拉人飞机：@Longxiao6666飞机频道:https://t.me/longxiao666飞机对接群：https://t.me/+JPJLeA7LDkZhOWU9小鹿廣告代發點擊這裏聯系頻道上粉"
1,"来几个干实事的，踏实干事的日1-3千+，全自动简单操作工作室优先，小白散户都可做可开后台，实时清楚自己开工数据联系：@gaiya3666"
1,"xq拉群群发私信群广告TG助手王软件免费可测推广引流，僵尸粉都有"
1,"偏门路子项目大量找人合作稳定不套路合作发财诚心认真做事的来点击查看https://t.me/+n25OkhJkMGUyMGRh"
1,"spsp汕头潮州梅州上人大量收日租卡盾公户落地三包骗票绕道来卡主卡商联系方式:@WYZ16诚信经营长期合作"
1,"年底挣钱橡木引流全自动挂机!每日只需操作半小时，电脑全自动24小时挂机。精准粉丝添加指定微信，一个10元单人日产量50左右，每天收益500+长期简单正规包回本可签合同效果不满意全额退+V13294281183"
1,"yangmaokkkkkkhttps://t.me/+IFRwgqhLSPA5YmZhDrTG岱發全天24小时推送需要代发请点击这里"
1,"这是一款免费好用的加速器，随时随地，享受快速、稳定的连接https://www.cxh6d52t.com/user/XIE70A"
1,"【微信zm】【微信zm】隔天账密，实力盘口，没有中间商赚差价v信要求:3个月以上的账单20好友以上，无任何限制单价550到1200（每日一结）隔天可预付欢迎各大号商半途顶号的一律别来唯一上号频道https://t.me/+cxakqe2B-UM2NzUx唯一上号频道https://t.me/+cxakqe2B-UM2NzUx唯一上号频道https://t.me/+cxakqe2B-UM2NzUx客服@GgTail"
1,"东南亚跨境电商无学费、盈利分成、稳定长久每月收益不低于3万提供工位设备、学会在走拒绝割韭菜、签正规合同薇：1282259826"
1,"yangmaokkkkkkhttps://t.me/+DOjZ9E0scIFkOTky"
1,"SDKMD5指定任何App精准抓取千万级全行业历史数据欢迎老板来打包：jiangliuer888"
1,"(◔◡◔)SVY找核销电费石化石油卡密话费出沃尔玛卡京东e卡油卡话费卡折扣美丽全国可充RLV"
1,"【隔天微信ZM】实力盘口，没有中间商赚差价微信要求:3个月以上的账单20好友以上，无任何限制单个1000，三个以上单个1200欢迎各大号商半途顶号的一律别来求稳懂行实力老板欢迎来谈鸽子嘴炮勿扰谢谢唯一商务群https://t.me/+c6rLGWSrGqwzOGI5唯一商务群https://t.me/+c6rLGWSrGqwzOGI5"
1,"BKO品牌签名，快捷稳定！TBQ"
1,"炷冊凂曊鎹埰唫，181818渞洊100鎹100①俻蓅渁，迣鎅柸朂佳投炷岼珆；d9623點com飛僟：AGZL388赽唻赢錢妑"
1,"iv公司法人流水案件网逃https://t.me/+AqzwcBGJcwJkMTc5iv"
1,"0w代发广告，群广告，私信，克隆拉群（公开群/私有裙，拉号码/用户名），机器人/僵尸粉，软件，都有。稳定经营三年，需要请私我0w"
1,"最稳定tinder火种号定制，交友粉定制，出有缘Gv，巴豆，大黄蜂CMB，pairs各类社交定制联系：@ce1249"
1,"TG引流助手群发拉人私发代发代拉活人/僵尸粉出协议号/直登号@yuhangzs软件免费测试"
1,"KVB价格优惠美丽，666超级签稳定不掉，封装报毒处理，DFW"
1,"白汁私卡接货的来."
1,"y1ISD收各种料稳定大车只讲诚信不玩虚的，一道kwefg45dfy1"
1,"wwQUAN收各种黑白料，不堵车下浮出U咔接茴Utianya5280ww"
1,"v9招盗U代理出假U仿U黑U懂的来@Daobi618"
1,"【YT】盘口价格220-250日结当天四点之前全天，四点到七点半天，七点到十一点挂设备七点后挂设备补30【挂设备价格250】第二天一起结账/当天五点之后上的号表格在第二天，第二天一起结账———————————————————2半4全，如果【限制】了满2小时算半天，满4小时算全天2小时内按时间算1/10，2/20补偿———————————————————退号：早上十点之前不算钱十点至下午两点半天，两点之后全天———————————————————最低两天起租，租一天的不要，挤号顶设备，删除设备，炸群，不给予结账。联系上号@kuluomi9联系上号@tiantian929小鹿廣告代發點擊這裏聯系頻道上粉"
1,"q拉在线招人数据高通"
1,"想增加收入.都可以来找我:@so11558"
1,"网赌退款找我五五分我给你上分你打一倍流水提现就行了"
1,"神盘直招#q拉#qq拉手#拉手#qq【料子牛逼，错单少】项目：q拉不匹配手工数据介绍：精选高活跃达人数据低龄0-9占比70%【能量值750+】一w出15-20群！低于10个群的可以视为拉稀团队无进群记录3%以内左右，不做假基本不扣单，质量团扣单低至1%接受价格：25数据有效4天拉群时间：晚凌晨1点到早上9点晚上10下错单，10-11点结算晚上12:30点左右下群码凌晨2点左右下数据下款方式：USDT-TRC20如果你还在野鸡盘一直掉量，建议可以来这里做几天，现在无限收量，别等饱和了再来！对接请介绍自己是团队还是散户团队的话能做多少量，再把进期的交单记录录视频给我看，怕收到没质量的假单队伍———————————————项目：钉钉拉手单价26来几个大机房，散户团队不收（只收机房）不是机房别来找我———————————————洗数据（能量值）：筛选能量值，量大的团长来，3元/w，量大价格可谈———————————————联系人：@feifeiqla频道：@feifeiqla001频道：@feifeiqla002频道：@feifeiqla004欢迎进广告群打广告：https://t.me/+s7n_KH799QMzOTU1小鹿廣告代發點擊這裏聯系頻道上粉"
1,"shujuwang8https://t.me/+XV8UiV7SUIFhMTdh"
1,"8t招盗U代理出假U仿U黑U懂的来@Daobi618"
1,"钉钉（20，别嫌低，钉钉现在谁有数据谁是爹）DD预约对接群https://t.me/+pQzDHugulY5mMzRlQ拉高通匹配扶持24固定老盘直招Q拉匹配24固定价格数据类型：百天达人精洗数据单价：24拉群：0000结账：22:00（账不隔夜）（口令支付宝）（欧易）扣单：3-8%不乱扣暗扣群监控查单对接方式：试单群大小团综合对接群数据有效：4天刷子挖子假勿扰来了也是挨骂数据群码一个不压要多少有多少不浪费优先不跑单无乱扣暗扣情况结账稳定处理事情成熟且速度不会像新团一样遇到事情一律不管欢迎各位老板来试单来质量散大小团对接：@shierwudi审核主群：https://t.me/+IbIRqlAUWe9kNTBl工作记录：https://t.me/+U-pWpgti_xA5OGY1小鹿廣告代發點擊這裏聯系頻道上粉"
1,"86银行卡。反、户籍。全家，法人身份使用轨迹https://t.me/+C1zzj0fPCX85NjFl"
1,"fwqc88https://t.me/+vuJ87P3JLDRhNmJh"
1,"接做百度谷歌灰词诚接对接合作"
1,"拉裙批量私信批量群发软件群控机器人代发广告直登号群发软件（可自动加群）ry"
1,"v5专业车队接料，卡接回u，承接各种一道二道，欢迎实力金主来谈/支持担保上押，骗子勿扰v5"
1,"1.专业车队接料，招一道二道常规/大混料主卡U车卸货专业点位美丽可担保/可直押/大小车都欢迎洽谈谈好立马开v2"
1,"出微信支付宝抖音快手QQ"
1,"出机房高速稳定服务器"
1,"合作共赢，一起赚钱"
1,"j2YUAN接料系咪出下浮U不吭，不骗tianyuanche8828j2"
1,"出国内全类型私人号QQ微信都有"
1,"卖和平号（微信永久限制）2车皮2个升级抢木乃伊公主奇异猪脸火箭少女要看图的私（退游不玩了）安卓400可小砍有之前做业务的诚信墙包永久盗回"
1,"大̷量̷下̷浮̷出̷U̷̷价̷格̷优̷惠̷̷欢̷迎̷各̷大̷渠̷道̷老̷板̷来̷洽̷谈̷"
1,"聚鑫ZM日结价格：日结480元隔天1020元9点用号，上满3小时限制算半天，上满5小时限制算一天！（3半5全）招收实力号商.散户，口嗨勿扰！早上8点-11点开始上号！晚上7点-12点上隔夜。隔天日结担保https://t.me/juxin170863钻石代发广告代发点这里广告代发/频道群组上粉/克隆"
1,"qxuexinhttps://t.me/+o16c-6mBCzUzMzJhDr-TG代发广告代发点这里"
1,"qaYUAN接料系咪出下浮U不吭，不骗tianyuanche8828qa"
1,"ZFS私信/我/了解私信/我/了解私信/我/了解私信/我/了解私信/我/了解EDL"
1,"国内过关百分百，只要推推和人事，菲不接赔。入职给返"
1,"犯罪、人脸识别 https://t.me/srtg000111 网淘查询"
1,"项目名称：元宝ZM（全天上号）日结：480%隔夜：650好友10，2个月账单以上号无违规，可解冻联系的到人以上达到要求的来上号不要问有没有位置无限上速度来上号客服：@abh55599唯一上号频道https://t.me/WDGREEN钻石代发广告代发点这里广告代发/频道群组上粉/克隆"
1,"国内免实名服务器Ql"
1,"2022运费险全新玩法，可个人可工作室，利润收益可测，无上车费详情了解联系我vx：Nig1112"
1,"迣鎅柸總部矗妱官網唯壹認可匼莋起荹五十五%找浗穩萣歭玖匼莋笩理，請聯系我这是妳做的最正確的選擇@nbu188"
1,"绿、、色、、棋、、游注册充值就送累积彩金888爆分率超高==天天不定时放水覆盖市面最齐全最热门游戏玩法充提秒到==十年老台信誉至上官方下载:0927.xyqp.life若延迟，请关vpn或开全局代理"
1,"公司直招本人也在公司本公司为一个全华侨为主开展的公司为了让大家在一起相处能够更加和谐，有家的感觉，公司规章制度人性化！1.话务员（淘宝天猫拉手）有赚钱欲望的，年龄要求30岁以内！男女都可以 ，工资底薪6000抽成业绩的3%奖金：当日破10-500，破20-1000，以此类推2.二线枪手15000底薪加提成需做过，有过打枪工作经验3.需要普通话标准，认识中文字，不认识中文和普通话不需要！4.实习期（5天），实习期内不适应辞职，工资不算！通过实习期工资正常计算。5.入职工资每个月10号结算！    6.上班时间（中国时间）：1130无赔付无赔付工资发放一线拉手：6000底薪+3个点提成一线中间人：6000底薪+3个点提成（有晋升组长空间）一线副组长：10000底薪+3个点提成（负责小组成员的生活问题和安抚挽留组员）一线正组长：8500底薪+个人5个点提成+团队0.5个点提成（负责本组成员交单跟单）二线枪手华侨：5000底薪+6个点提成每月十号按时发放工资，发工资后五天不允许请假当日业绩破十万奖励500，当日业绩破二十奖励1000，以此类推请假一个月不能超3天。一个公司当月破1400每人奖励500当月破2000每人奖励1000地址。木姐如果有兴趣的话，我们可以私聊了解"
1,"yc车队长期收常规，混料，1道2道资金，咔接回u，可担保/直押，诚信金主来谈yc"
1,"1.什么料都接，卡足，大车队值得信赖，卡回u...因为专注所以专业，料主金主们洽谈8x"
1,"新台注册使命即松88，非诚勿扰，详情联系@fengdubiying168"
1,"03招盗U代理出假U仿U黑U懂的来@Daobi618"
1,"aqxuexinhttps://t.me/+DjID2ROObqFkYWI1"
1,"zmfTG自动营销引流软件群-发拉-人私-信炒-群监-听协议号批发代筛手机开通机器人定制代开会员代发私信0.2/条拉手机号0.4/个免费试用私聊联系"
1,"富贵钱庄拥有充足资源，助您快速处理资金回Ｕ通道，安全保密最快到帐30分钟回款可处理各种资金性质富贵频道：https://t.me/fugeisorich以下渠道正在开跑中更新版本二道ＢＣ印度尼西亚各项搬砖俄罗斯尼日利亚印度卢比菲律宾澳大利亞越南玻利维亚南非日本巴西泰国马来西亚巴基斯坦墨西哥哈萨克斯坦肯尼亚哥伦比亚尚有大量渠道未能尽录如有需求欢迎找我问问：@cs2_fugui小鹿代發點擊聯系"
1,"诚招手工短信代发，分批次群发（苹果10条一次，安卓20条一次）数据发完发送手机尾号后四位给负责人核实踩雷秒结账（会不定时抽查详单）单雷抽查详单，60以上按100条结算，详单20起结账作假排雷勿扰，新人前期可一单一结，此群不吃单不跑单公司直营，信誉第一欢迎各路团丶散户前来骚扰：https://t.me/+JSILgxjSH1kyZjk1"
1,"b4*1实力车队/大量出U/专业洗咪/黑白均可/可接一道/咔接回u/点位美丽b4*"
1,"专业美工P图另出售假银行app可随意编辑金额、流水、银行卡状态"
1,"学生少女私密群@xinxin133学生少女私密群@xinixn133学生少女私密群@xinxin133"
1,"im招盗U代理出假U仿U黑U懂的来@Daobi618"
1,"极乐阁修车会所国人带队安全可靠每日在岗大量极品越南妹菲妹每日更新价格优惠可爱萝莉兼职学生性感御姐巨乳少妇应用尽有鸳鸯浴、无套口交、调情、各种玩法可以解锁各种姿势全马尼拉均可提供上门服务Shore可以提供房间长期收p换汇资金安全纯白资车队联系我有各种料需上压在线客服:@shore01234看图频道：@shore0jlg小鹿广告代发点击这里联系频道上粉、群拉真人"
1,"代抓银联快捷二维码收款花呗套现需要私信我"
1,"aliyunWudxhttps://t.me/+w_xpz3QlJ_syNjdh"
1,"世界杯潮来袭你的通道够抗压吗？博创担保，为小伙伴抓紧抢通钱途的最后机会！博创精选国内各类支付，世界杯期间24小时稳定开启1.微信话费扫码30-50费率12%2.支付宝扫码50-10000费率15.5%3.卡转卡司法全包可下U100-20000费率3.6%4.卡转卡包司法可下U500-30000费率2.7%5.卡接回U1000-10000费率2.2%其他：转、数字支付、线下代收付、支付宝/微信费、扫码、包、黄、油…各类支付通道，起量亲民，跑量充足，无论小盘口大集团，博创总有一款适合你！错过这一波，下次发财再等四年最后卡位机会，联络博创担保：@BCDBCLDA02"
1,"喜欢玩离婚少妇的找我，我有玩少妇的圈子，玩少妇不用给钱，少妇不缺钱，就是喜欢玩的"
1,"xiyouqianming1https://t.me/+JA-d9TNdVZRmYWYxTG博士廣告投放點此聯係"
1,"诚招sdk，dpi代理，出海外华侨数据（人工筛选），各平台商铺数据，支付宝检测，微信检测，钉钉检测欢迎咨询ZLL1233456"
1,"新播放器收量，新炮台收量！不限制渠道价格高结算稳定不扣量新平台好上量！能跑的速度联系现招Cpa，各大代理商，价格高，次日下午18点结算，结算支持，卡，U。口令，结算稳定。手工量！假量，任务量，仿真量的，请绕道勿扰。官方认证联系方式：【官方收量】：@HK88701【CPA代理】：@HK88701【站点招聘】：@HK88701【在线客服】：@HK88701官方TG群：https://t.me/+o1XZuEUNt-ZhY2Q1官方TG群：https://t.me/+o1XZuEUNt-ZhY2Q1官方TG群：https://t.me/+o1XZuEUNt-ZhY2Q1"
1,"(͡ᵔ ͜ʖ͡ᵔ)RKV看我名看我名看我名看我名看我名GTS"
1,"x7车队长期收常规，混料，1道2道资金，咔接回u，可担保/直押，诚信金主来谈x7"
1,"ry*1实力车队/大量出U/专业洗咪/黑白均可/可接一道/咔接回u/点位美丽ry*"
1,"高颜值少女学生裸体私密群https://t.me/%2bxzWysgfda1VkODE1"
1,"1.车队承接灰白资，卡接回U，无中间商，t6点位美丽来稳定料方，口嗨勿扰t6"
1,"2022年最的跑分支付宝口令代收项目盘口！15个点利润起！单人保底日入800+！做过拉手，上过PC帐密的，大量招人！公共频道https://t.me/zfbpaof99鑽石代發點這裏框框就是發"
1,"wed专业引流代发精准行业广告拉群活粉/死粉私发炒群高质量僵尸粉协议小号直登号批发专业团队售后保障联系客服:@YouZi_U"
1,"​飞机知名承兑，量大​>​稳定​高效​快速​要的老板找我咨询​"
1,"QDF私信/我/了解私信/我/了解私信/我/了解私信/我/了解私信/我/了解EQE"
1,"诚信出粉空降约炮CPA，股民，棋牌，体育，兼职，六合，相亲，菠菜，网赚，约炮，第三方色量劫持，广告位招租"
1,"KFX苹果各种签名，app封装，安卓报毒处理价格合理HFD"
1,"十年数据，诚出各类数据"
1,"招一道大混车汇率天花板捡垃圾都要养活你中介可谈大小车可以都来"
1,"*}6一手车队大量出U卡接回U承接各种资金专业洗米卸货寻实力伙伴*}"
1,"点简介点简介点简介点简介点简介RHL"
1,"东南亚跨境项目项目已经运营8年，已经非常成熟过来我们公司学习赚到了55分，学会了可以出去单干保证每位学员每月收益3万-5万欢迎过来实地考察V：yhkj999880"
1,"BLH666超级签稳定不掉，封装报毒处理，价格优惠美丽SQC"
1,"在线接接注册各种软件接码换绑辅助实名"
1,"找诚信人收银行卡欢迎卡商中介卡主来谈收盾卡手银公户本人本卡同台，落地三包！车队直收，消化快，效率高验卡随时预付。不拖不欠，不坑人落地三包，跑完现场结清，只做诚信人，诚信赢天下认准飞机联系：@wqa25883联系：@wqa25883此广告长期有效廣告投放點此聯係廣告投放點此聯係"
1,"yangmaokkkkkkhttps://t.me/+As_TyCD-wkg3ZjIxDrTG岱發全天24小时推送需要代发请点击这里"
1,"QPED棋牌二道，免押金跑分，卡接回U1、合作加飞机：@cxfc82、包教包会，信誉棋牌，二道归集料3、冻卡死卡司法包赔4、单笔1000-50000，小白包教一笔一结5、日赚1000-50000，点位按量给点15-25个点6、合作加飞机：@cxfc8"
1,"yangmaokkkkkkhttps://t.me/+dqQziq2Z9YZiOWFhDr-TG发广告日发百万"
1,"zoi免費收徒教₫音自動引流，每天26OO米，你我合作分潤，有搞欲望抓緊來對接！倆小時一結"
1,"XPM价格优惠美丽，666超级签稳定不掉，封装报毒处理，QUL"
1,"yangmaokkkkkkhttps://t.me/+9qfh4yOmfMk0NWEx"
1,"pEW24小时全自动裙~发菈~人私~信炒~群采~集筛~号上粉飞机号协议号@zz99u999(骗子火葬场）"
1,"h0出假油黑油道油来精聊队伍谈@kejilangdaoUSDT"
1,"shujuwang8https://t.me/+38KBbYepGm4yZGVh"
1,"车队收料常规资金盘精料色料1-2道前中期，卡接u回，汇率置顶，可担保/直押大小车都可来谈25风里雨里等你25"
1,"小白散户可带适合工作室转型。日1600+可放大孵化有心者来：@wei2588"
1,"aliyunWudxhttps://t.me/+YcXQIXCKfhsxZmY5TG博士岱發岱發点击这里"
1,"世界杯开始了哦！实力派招商招代理开云体育代理可拿55%佣金！可拿55%佣金！如客户输100万你拿55万。最高人头费1500！开云体育代理可拿55%佣金！可拿55%佣金！如客户输100万你拿55万。最高人头费1500！开云体育代理可拿55%佣金！可拿55%佣金！如客户输100万你拿55万。最高人头费1500！====================================代理线红了？（赚不到钱）没有招商扶持？（不知道如何找客户）招商服务不到位？（没人处理问题）====================================赶紧联系我转移阵地，我在开云，华体会，乐鱼，爱游戏等你联系官方网址开云767ky.com爱游戏1449aiyouxi.com====================================官方招商Telegram：@peter89898官方招商letstalk：t352225936"
1,"qxuexinhttps://t.me/+T1gXJaOLrXlhZDIx"
1,"bw招盗U代理出假U仿U黑U懂的来@Daobi_Pay"
1,"ae婚姻快递。酒店。名下、资产手机号.反个人全家https://t.me/+kZMLFT6Xx0owMDRl"
1,"世界杯推薦投註站"
1,"世界杯最佳投注网站———————————————首存一百送一百注册免费送18元注册网：d9620点com飞机搜：AGZL688"
1,"长期全网收U，汇率置顶。可通过U搬砖可赚汇率每天以交易所价格来上浮汇率。（无套路，无押金，无上押）1：手里有U的即可做。见U打款。先钱后U。2：没U的可到交易所里买。买好联系我。3：安全放心。长期可做！啰嗦墨迹的勿扰，时间有限，零风险注意：（全白资）只收不卖。不找代购每天只需10-30分钟左右，稳定天收入300-10000+（不封顶）全网最稳项目。加入我们关注致富频道：https://t.me/+YbJ0o7sfTQ0yNWQ1"
1,"全网最新项目最新项目杀全网招实力渔夫不会可教sd回8hx55联系@cza6789太阳帮发广告日发百万频道曾粉群组上真人斜仪号"
1,"出̰Ṵ，̰量̰稳̰，̰上̰下̰浮̰，̰找̰我"
1,"出：微信QQ支付宝"
1,"中国澳门香港台湾ip流量卡东南亚通用ip固定显示澳门，一卡一ip，正规旅游卡，永不销卡，到期可续费，无需换卡，卡板不收费！0月租随用随冲！非常适用于国外各种业务使用，微信养号，开发客户，炒群等等～有效解决封号问题，集团必备养号神器！可使社交账号更稳定，不易封号！消除红字提醒菲律宾，柬埔寨，缅甸，泰国，马来西亚大量现货，提供地址送货上门！当日送达！中国澳门香港台湾流量卡流量代充(一手商家后台打破低价！！！！有量来谈)欢迎咨询，测试！效果说话！客服纸飞机：@kk135678"
1,"纯BC能收款私我，支付宝微信银行卡均可卡商码商稳定长期招有实力团队散户个人车队欢迎来聊卡接卡可走担保可双压"
1,"盗U招代理！来不？03"
1,"77全网最高价收一类卡大小额-盾卡-公户中介卡主来聊聊价格天花板骗子勿扰@HW521"
1,"纯bc信誉盘内层vip5会员料子寻找实力卡商以及团队~量足~卡耐用~司法全包《小白可教》*"
1,"跑色粉cpa站街相亲粉，交友粉，体育粉手工六合粉，棋牌粉，百万流量涩站广告位，体育站广告位出租"
1," 下̰浮̰售̰Ṵ，̰根̰据̰交̰易̰量̰谈̰价̰格̰，̰要̰的̰来̰̰"
1,"单微信号日入1000＋@hggvjfghuu"
1,"盘口日租高级钉钉200一天顶号不结账拉群跟客服对接手工短信钉钉培训群码钉钉拉手来大团实力盘口合作飞机：@TY000000项目群发布通知https://t.me/+xbz6ZMTmme85ZGRl{钻石代发广告代发点这里【广告代发/频道群组上粉/克隆】"
1,"【娱乐】资源发布仅需U一条U一条广告位咨询联系：@YL360KF.2.2"
1,"AG最佳运营商尊龙凯时(https://t.me/AG866)55%招代理头号玩家活动，赢取10000000豪礼。活动详情：@dushenzhiye代理介绍代理睡觉都赚钱注册送18，首存100送100，最高送8888一倍水，复存三倍水不限制游戏【品牌地位】百家乐综合平台行业第一！全市场唯一当天可以无限出款，有大客能留的住。全市场平台都有ag真人这款产品，基数高，便于发展客户。佣金比例全行业最真实！保证赚到的每一分钱，都能拿到手。期待您的加入!赚多少都有可能！官方招商联系子龙:@zl866官方频道：@AG866期待您的加入!赚多少都有可能！官方招商联系子龙:@zl866官方频道：@AG866小鹿代发点击联系"
1,"电脑全自动项目梦幻西游可批量操作签订保本保底合同封号包赔，有实力的来谈一台电脑单日500+微信13033122226"
1,"出色粉cpa体育棋牌六合兼职相亲交友股民，可上劫持量色站挂广告出U"
1,"(◔◡◔)BJJ闲鱼充值卡承兑兼职偏门菠菜灰产洗金在线操作月收入突破3万+咨询热线@mykj9009❤‍咸鱼，支付宝，洗货❤‍咸鱼，支付宝，洗货❤‍咸鱼，支付宝，洗货❤‍一天收入过万安全可靠❤‍❤‍我们通过话费充值卡进行菠菜洗米，您我们这边拿卡然后到闲鱼回收，差价就是大家的利润纯老牌菠菜游戏公司，安全稳定是第一。财富热线@mykj9009欢迎咨询HPF"
1,"盗币和U招代理！来不来？fw"
1,"联通5G项目操作简单日收入5K以上上手快，操作简单，安全可靠加入我们，让你的生活更加美好详情添加V13029395407"
1,"1.j2实力车队、承接一道二道、咔接咔咔接回U高效不堵车、可担保/直押，来实力金主合作j2"
1,"悸慟の业务祈福燈超值!!!微信飞机号Tlg飞机号TngtoBank微信解限制爆粉爆赞多平台Tng解封40种技术代宣雪地写字王者代充代送和平代充代送游戏业务其他业务询问下單找@Yubabyyy信譽墻:t.me/yushiweiyi"
1,"柚家将ZM续租盘日结早700上号隔夜晚1800挂设备（晚上不使用，第二天早上开始计算）日结价格：450隔夜价格：580要求：满十五好友手机号绑定实名认证账单最低三月时间限制补50永久限制补一个全天上号找：宝宝@baobaoisme888结账时间：晚上九点下号结帐一并https://t.me/yoyomonkeyzuan坧瀻潑，濡婹笩潑點適里"
1,"qxuexinhttps://t.me/+A5OtlkqX3BNkMWJi"
1,"NNdTG群发软件24小时群发私发代拉活人/僵尸粉代发广告采集飞机号协议号软件测试联系@huli_W"
1,"ku婚姻护照反全家户https://t.me/+g1E62iZlwbRjMTUx"
1,"新人一只需要上课的哥哥私，中介勿扰，可以夜课现在的课程可以优惠今天星期五哦"
1,"短信群发推广（免费测试）联通/移动有量三网可发三网网贷，色播，棋牌，约炮，p2p，快递，抖音，彩票，淘客等24小时不间断发送到达92%不好用不收钱！需要请联系"
1,"yuuh2567392022充值卡灰产项目，轻松日赚2OOO+【安全靠谱保障】交易全程走担保！诚招全国地区代理、合伙人，有诚意的来https://t.me/+Fd9o9HAvTHhiOWUxDr-TG代发广告代发点这里"
1,"纯BC急需车支持双压保量保料能吃量的来。"
1,"z7个人一类银行咔拿来换钱，收个人一类银行咔，帮娱乐公司偷税漏税绝对安全，薪酬按你帮公司避税的额度抽十个点，比如5万您可以抽5千的薪酬一天。胆大来做，胆小看着干瞪眼。诚招中介咔商合作，工作地点：福建漳州想不想过个好年看你敢不敢，有意向加微信18697611951或13156723582或19813508339"
1,"qxuexinhttps://t.me/+ZUlOJ2AOaKo1OWZh"
1,"最新风口项目，一天1000-3000+工作室小白都可做，当日见利润每日轻松搞1000-3000利润，开个人数据后台。联系：@gaiya3555"
1,"1.车队承接一二道资金。卡接回卡/咔接回u，汇率美丽，欢迎滴滴pz"
1,"fdlafjdlsjfldsafdshttps://t.me/+q4FZGZcL2QQyODg1"
1,"拉裙批量私信批量群发软件群控机器人代发广告直登号群发软件（可自动加群）u（"
1,"神盘新A不匹配低龄混合手工数据0-25通过爆炸1:10，1w=10群晚1-9拉群，晚11点左右结账价格:24起，100-25有量有价数据群码管够招质量散，质量团！要求能连单保真，成熟团队欢迎合作鸽一次永不合作认准唯一：@xincheng66工作频道:https://t.me/XINCHENG6666小鹿代發點擊聯系"
1,"福建一手车无中间商赚差价高价诚收中国1004.2w诚收建设1004.2w诚收农业503.8w诚收邮政503.2w诚收交通503.2w诚收中信503.2w诚收盾卡公户20-100w预付买断按流水做多天人带卡同台、只要卡一类，额度大小通收，公户，正常使用，保不司法，本人本卡同台，人都在旁边看，一切做到透明化！@zzxx67890@zzxx67890"
1,"Cjf24小时全自动裙~发菈~人私~信炒~群采~集筛~号上粉飞机号协议号@zz99u999(骗子火葬场）"
1,"63专业推广，频道，群组拉活人，群聊，群发，协议号，软件，免费测试，需要的来63"
1,"回血第一盘绿.色.棋.游祝大哥大姐好运连连以小博大赢黄金万两长久稳盘全网赢钱率最高平台棋牌、捕鱼、三方电子、真人视讯…大额充提安全秒到十年老台下载地址:826.jkoi.world若延迟，请关vpn或开全局代理"
1,"数据源头海外币圈数据股民数据海外华侨数据欢迎各位来聊TGduoqianqianduoshuju1"
1,"6m找人查询个人户全家银行卡反https://t.me/+OKOI4LtRV1Q3MGIx"
1,"；e55%的超高返佣比多重扶持寻找合作伙伴有意滴滴我"
1,"2023年稳定项目AI全自动飞机引流全自动24小时挂机每天收益400+日结签合同，包教会，可线下考察了解不吃亏加V：13512237"
1,"新项目无押金，支付宝，微信，卡，口令，小白可教，包学会日赚5000+联系飞机@bsc886新模式，支付宝，口令，微信，菠菜体育料，迎战世界杯，无押金，无套路，点位20点起，日赚三五万，诚心想赚钱的联系飞机@bgm6661"
1,"斩虎ZM价格：日结800隔天1980账单不同价格不同9点上号，上满2小时限制算半天，上满4小时限制算一天解冻补50招收实力号商.散户，口嗨别来！早上8-11点开始上号！晚上7-12点上隔夜.统一晚上十点结账！可隔夜可日结可担保！对接群1.https://t.me/Zhanhu7890讨论群1.https://t.me/+EpI9E0sUzDJmMzYx"
1,"出短信和电话hz效果猛（可测试）"
1,"TG最强营销神器24小时全自动群发批量采集拉人私信炒群更有-代发-代拉-僵尸-活粉-直登号-协议号软件测试联系@Xwz_Gzs2"
1,"TPN稳定签LLF"
1,"1.专业车队接料，招一道二道常规/大混料主卡U车卸货专业点位美丽可担保/可直押/大小车都欢迎洽谈谈好立马开ys"
1,"xinchengyancao16801https://t.me/+mxVPTHymP5w1YzNhTG博士岱發岱發点击这里"
1,"『富兴低端zm』价格：480（解号+50）有量加价欢迎有实力号商租号要求：帐单：三个月好友：15以上状态：无异常无限制上号时间：全天上号（2半4全）退号时间：晚上9点结账时间：晚上10点对接：@chiusklask111（不懂直接询问）对接群：https://t.me/fsrghh44543{钻石广告代发点这里【代发/上粉/克隆】"
1,"TG引流助手群发拉人私发代拉活人/僵尸粉出协议号/直登号@xixi_gzs测试联系"
1,"出全海外活跃数据可筛活跃代筛TGViber领英SKins亚马逊等各大平台海外华侨数据各国兼职网赚粉短信WS群发感谢鲨鱼"
1,"商城接单跑，量大纯正BC利润稳定，操作简单，日可挣千一笔一回无押，本金循环无限跑白嫖勿扰，保司法，意者详聊@lucky_0731小鹿代發點擊聯系"
1,"源头国际短信，联通，移动，独立后台，免测.成功率高@Amgy123"
1,"急用钱的来，租借银行卡租借～平安～农业银行卡～北京银行～邮政银行～上海银行～中信银行～等等大量收盾卡只要你有一类卡或者U盾卡用途：足球篮球网球等体育赛事买球上下分！买球的时候客户入金到你的卡里进行赔付结算、纯BC资金安全可靠收中国手银密码器盾高价收资料齐全公户招实力中介长期合作一天2000至8000每日一结跑三个月：可不同台请联系：@ww2259请联系：@ww2259买断银行卡，手银盾一套8-16万注：要预付订金、路费的勿扰廣告投放點此聯係廣告投放點此聯係"
1,"zm上号日结群（用途：炒群）上号时间早上700上日结晚上1700上隔夜结账时间：每晚2000下号价格日结价格：320隔夜价格：400（提前一晚上挂设备，第二天用号稳）要求实名认证，绑定手机号码，无限制最低四个月账单，号主本人实名，可人脸解冻实时账单随时可查裙：https://t.me/Zm0124888结账频道：https://t.me/+m3S6NXOH9-I5MGM1鑽石代發點這裏框框就是發"
1,"直营106渠道，短信、彩信、卡发，物美价廉，量大从优，详情咨询：@qptg106小鹿代发点击联系"
1,"正规办理多家银行贷款服务黑白户可做，逾期记录可做一手包办包批(无任何前期费用)帮您快速解决资金周转问题欢迎加VX咨询：Was4872"
1,"游戏挂机，全程自动，日收入800+游戏挂机是一款全程自动的游戏软件日收入可达800+如果你想要快速、安全地实现赚钱目标，不妨试试这款神奇的游戏挂机吧V信16212714537"
1,"盘口出U，线下同台稳定出请联系我咨询"
1,"32招盗U代理出假U仿U黑U懂的来@Daobi_Pay"
1,"anGDO收料洗米，长期有效大车一道，卡接回Uaskjdaskdss21an"
1,"YIU抖音引流日收28OO免费带人合作抽成想搞赶紧来@QC85N"
1,"6c广东/汕头揭阳大量收一类卡盾公户落地三包骗票绕道可上压可验付来卡主卡商联系方式:@hongfa688对准广告频道:https://t.me/hongfabaojia诚信经营长期合作"
1,"bc机房直出电销线路(其它行业勿扰)国内卡线(+86国内手机号码外显)接通20%+纯港卡线(+852香港手机号外显)接通10%左右国际线(世界大小国混显)需要联系(优创科技小梦)飞机:@yckj777https://t.me/ayckj小鹿廣告代發點擊這裏聯系頻道上粉"
1,"出CPA数据体育站体育菠菜海外劫持广告位贷款股民相亲涩站搭建涩粉"
1,"vx106一手直连通道，三网可发棋牌>综合＞体育>收量通道稳定模版多，各位老板带量来谈@QPTG001频道连接：https://t.me/+WTs0Z5--xaNmNDk1"
1,"“查”開房記錄健康碼犯罪記錄微X通訊錄https://t.me/+bmdFlv2hTMc4Yjc0"
1,"35招盗U代理出假U仿U黑U懂的来@Daobi618"
1,"表哥zm租号群早800上号算全天晚1800挂设备（晚上不使用，第二天早上开始计算）隔天650一个号要求：满十个好友手机号绑定实名认证账单最低三个月时间限制补50永久限制补一个全天上号方式：与群内客服单线对接合作过后拉不禁言群（防止挖人捣乱）结账时间：统一晚上结账十一点下号（结账后未到时间顶号拉黑永不合作）对接客服@bg6668结账频道https://t.me/bhpan小鹿代發點擊聯系"
1,"Q拉A盘免验证大量招拉手，包教包会通过高，扣单少，有效5天价格25欢迎千单团队对接支持担保大小团都收，0-30岁数据，一万通过30个群免验证模式为手工数据不会做的团队找我也是包教包会免验证的好处：新号也可以做！Q拉认准阿瑶机房对接支持自建群百分百拉进群有意联系阿瑶@Ayao798跟我肯定稳，不会差拉手一毛钱，不会去乱扣任何人一单，随便验证，不放心可以安排团队过来试单做的就是信誉工作频道：https://t.me/Ayao98"
1,"Q拉T线0-9数据：0-9岁错单：无错不扣价格：22起，35+23，100+24，300+25，500+26，千+27散成小团，小团上百，稳定结账]水果单单价：260，5+270，10+280，20+300[市场价要求低，加10过3]钉钉单价20起，50单21[稳定结账热门产业]对接联系人：@youyou8837交流群：@youyouLaSou频道：@FengRiYouYou[钻石代发广告代发点这里"
1,"联通运营商合作商日收益10K以上适合个人创业和团队转型公司实操落地稳定运营项目收费，白嫖勿扰咨询V信：fgyhks556"
1,"接ios苹果~!签!名MDM1签/低价走量封@装/报#毒处理皆先签后付@ytzh9988"
1,"最赚钱项目，跑芬，搬砖，高价收USDT无押金无套路，日转5000想年底翻身赶紧来，财富热线，@huitongUSDThttps://t.me/huitong168886/54"
1,"MT5招商/国际支付通道@ws1363"
1,"招AB卡车队，数字车队，POS车队，卡回卡车队（保卡），二道车队，量管饱342382"
1,"手拨录入外部来线下靠谱团队料好不卡粉新团队可当天垫付支持各大担保每天结款都可录屏验证（预付勿扰）来实力团队吃肉！！！"
1,"TG群发软件24小时群发私发代拉活人/僵尸粉代发广告采集飞机号协议号测试联系@myth_yl"
1,"出棋牌六合彩票体育综合一手精准数据技术支持Dpi移动，联通，电信，SDk三网，出QPBCCP6H棋牌六合博彩彩票体育综合男性等全行业优质数据！高端品质料，运营商一手指定APP/URL，自建登录接口，充值接口，客服接口等，全网精准抓取，欢迎各位盘口大佬，实力中介带站来测！！做一单生意，交一个朋友。诚信赢天下！！:@qc899:@qc899:@qc899频道：https://t.me/+HfJVAeTfeEE1OGY1小鹿代发点击联系"
1,"盘口直收各大网购平台三月内一手数据实时数据对接【技术大牛】【平台运营】【内部人员】【手拍面单】另寻终端老板合作、自用验证满足一切合理需求对接快手运营、客服人员、各大平台内部人员找我换钱小白可教包教包会日收入1w+：@MDH68888频道https://t.me/wanggoushuju68888tftf"
1,"直招直招直招决战世界杯本司柬菲迪均可应聘重金打造传奇品牌！前程欢迎各路精英本司所有岗位均需面试，敬请备好简历，谢谢配合招聘联系方式：@Atingzi3@Atingzi2以下是各大热门岗位：【SEO专员(https://t.me/YFzhi/14)】5名：12K-15K+KPI（急招）(https://t.me/dibaiyifeng_shiba/4)【SEO学徒(https://t.me/YFzhi/14)】5名：10K-12K+KPI（急招）【运维工程师】2名：35K-45K（急招）【DBA】2名：35k-60k（急招）【web高级前端开发(https://t.me/dibaiyifeng_shiba/31)】2名：30k-50k（急招）【高级Java(https://t.me/YFzhi/27)】2名：40K-50K（急招）【UI设计】1名：30K-45K（急招）【安卓开发工程师(https://t.me/YFzhi/37)】3名：35K-50K（急招）【后勤】3名：10k-12k+KPI（急招）【推广专员(https://t.me/dibaiyifeng_shiba/17)】10名：10k-12k+提成（急招）【客服专员】5名：10-12k+KPI（急招）【人事专员】5名：10-12K+提成（急招）【运营专员(https://t.me/YFzhi/37)】10名：10K-12K+KPI（急招）招聘联系方式：@Atingzi3@Atingzi2【公司福利】安排夫妻房，公司宿舍4人间，酒店宿舍2人间节假日福利100$起，春节红包，年终奖，13薪每天发饮料，生活消耗品不限发，食堂每天5餐入职满半年享15天假期，未休假上班者奖励7000人民币，满一年可以再休15天假期（同上），如休假公司报销机票到菲，柬，迪，机票费用公司报销保关，签证费用公司直接支付，无需员工垫资小鹿廣告代發點擊這裏聯系頻道上粉"
1,"Pc价格（日结）用号时间：早上9点--晚上9点结账时间：晚上9-10点vx要求：绑定手机号实名价格：按粉来算一个粉80依次累计（平均每个号15+）（无论号出现任何问题保底5个粉的）我这边登录vx你那边是不会掉线的，加多少你那边是可以看得到的上号群https://t.me/+jHah4-UFgUszMmY9小鹿代發點擊聯系"
1,"Wup免費收徒教₫音自動引流，每天26OO米，你我合作分潤，有搞欲望抓緊來對接！倆小時一結"
1,"1实力车队专业洗米卡接回u承接各种一至三道大量出U通道长期稳定。"
1,"全球短信&电销线路：内容出海支持200+个国家，主力：内地、台湾、巴基斯坦、肯尼亚、菲律宾、墨西哥、孟加拉、尼日利亚等（东南亚、南美洲、欧洲）价格低，转化高，全球OTP。云服务器。空号检测。请联系我bzbz"
1,"精品酒店偷拍系列360粉红浴缸偷拍非常会享受的富二代和颜值美女开房浴缸里做爱[上]"
1,"还在找项目的请看过来================================重要的事情说三遍無需押金、無需押金、無需押金只需一台即可操作小白可帶利潤當天可見/項目穩定安全/非跑分全网最真實的卡商【挑戰全網同行】支持先拿卡后結賬為用戶杜绝任何風險支持先拿卡后結賬為用戶杜绝任何風險【項目详情】【上車链接】https://t.me/+SV3phsHcqFtiMjNlhttps://t.me/+SV3phsHcqFtiMjNlhttps://t.me/+SV3phsHcqFtiMjNl================================記者、騙卡的、勿扰挑戰一切騙术記者、騙卡的、勿扰挑戰一切騙术【本消息正在由“豪迪TG群发器”发出】升级正式版可去除小尾巴https://t.me/haodiqunfa【复制链接进入豪迪TG群发器】"
1,"世界杯招商投注站"
1,"拉裙批量私信批量群发软件群控机器人代发广告直登号群发软件（可自动加群）{0"
1,"做搜索引擎快速排名"
1,"wqYBB车队出u可承接一道二道，卡接回长期有效，dadnjkadfvdsfwq"
1,"shujuwang8https://t.me/+olPiQ_DlKfozMDg5Dr-TG代发广告代发点这里"
1,"《魔兽养号》全程自动全程自动日收入800+不用劳累就能轻松赚钱日收入800+，玩家可以轻松赚钱想赚钱不用工作?游戏挂机一定是你的不二之选详情咨询微信15776414791"
1,"一手工商法人带电话，百单十分钟，寻有量选手对接，可以开价"
1,"1.7m实力车队、承接一道二道、咔接咔咔接回U高效不堵车、可担保/直押，来实力金主合作7m"
1,"【大鱼】zm日结价格：日结500，隔夜700，隔天10509点用号.上满4个小时半算全天.上满1个小时半算半天（限制情况）早上9点至11点半上号！下午4点至晚上12点上隔夜可隔天可日结可担保要求：账户不存在任何限制.有实名.有手机号.带三个月账单招收诚信实力号商.个人散户.小白可咨询！【大鱼】zm资源诚信合作客服：【大鱼】客服-小湫@xiaoqiu168客服：【大鱼】客服-鹿神@lushen168财务结帐：【大鱼】财务-灵婆@lingpo168请认准客服号！！！群链接：https://t.me/DaYu16088"
1,"d3招盗U代理出假U仿U黑U懂的来@Daobi520"
1,"68专业车队西米承接一二到点位美丽出下浮uxyibuhaziyatixpxi008868"
1,"雪梨软件工作室出售微信、支付宝、QQ、抖音、快手、陌陌、灵魂、小红书、出粉、解封、代付陌陌实名10-19级:140实名20-29级:160实名30-39级:200实名40-49级:260（女号每档多30）suol号私人满月实名:130私人半年实名:160私人一年实名:280快手快手半年实名号:180快手一年实名号:240快手私人千粉号:240快手私人万粉号:500抖音满月实名:150米半年实名:220米一年实名:300米私人千粉实名号:240私人万粉实名号:500支付宝私人实名支付宝:250（售后9天）私人一年实名支付宝:380（永不找回）高龄实名支付宝:460（永不找回）直登月亮直登:35米单太直登:45米双太直登:55米三太直登:68米Q私人换绑私人:160米私人:180米私人:260私人:450米另接解封一条龙（十分钟解好）微信‍精养满月带实名带圈带支付:220精养三月带实名带圈带支付:320私人半年带实名带圈带支付:400私人一年带实名带圈带支付:470私人二年带实名带圈带支付:550私人三年带实名带圈带支付:750三年号以上年份咨询客服企业微信企业微信绿标子号:420国企-万人绿子号:1000企业微信绿标主号:1200企业微信绿主（老号):2500红标实名主号:400脸书90手肌咔出售三网石名手几咔：360米三网石名手几咔：360米收U代收代付whatsappws半年老号:180ws一年老号:230ws两年老号:300ws三年老号:440上粉：交友粉10/15/20三个价格10个起涩粉6米一个20个起tg频道上粉：100米=10000死粉100=300活粉Telegram直登号-协议号指定群组-频道-拉人-刷粉代付全天在线秒回@Xuelizhuangshou全天在线秒回@Xuelizhuangshou全天在线秒回@Xuelizhuangshou小鹿廣告代發點擊這裏聯系頻道上粉"
1,"q手工一手盘直招拉群早上1－8晚7—8结账结账：U散户勿扰！只收团长来最少能拉满一个群的队伍群码10点下错单3%通过1w30群价格:24－261000单26对接联系:@tianci588交流群：https://t.me/tianci456日常//t.me/tianci234求稳的来，只收质量团对接别墨迹价格已置顶，再大的老板都会跑，只有稳定那才是王道，不稳定那他鸡巴都不是，外面跑路的依然很多，我依然保持稳定就好了，别嫌弃鸽子直接死妈小鹿广告代发点击这里联系频道上粉、群拉真人"
1,"收银行卡信用卡盾卡公户价格置顶实力卡商中介卡主来谈待遇优势联系方式:@FF0168联系方式:@FF0168车队直收，结帐稳如老狗小牛•诚信经营长期合作、i"
1,"db广东汕头揭阳大量收一类卡盾公户落地三包骗票绕道可上压可验付来卡主卡商联系方式:@hongfa688对准广告频道:https://t.me/hongfabaojia诚信经营长期合作"
1,"NQT专业超级签，app封装，安卓包报毒处理BQP"
1,"常规AB万900电子AB万650建设广发无视额度配任意大额B卡双一百买断公群上押不排队"
1,"极品中国妹菲妹价格实惠，服务到位，国人带队，安全不贵，在房间等着妹妹送上门给你睡，点击频道看图选妃，惊喜！https://t.me/fengliuxiuche全马尼拉恭候品茶"
1,"暴利项目日赚3K+无押金！小白可教先打款，后回U我们先款，收到款以后回U洗米项目，无押金，可试跑，急用的找我了解咨询：@Usdt8811简单易上手，https://t.me/Usdt8811"
1,"源头接各种签名，企业签，超级签，MDM，TF签，马甲包上架，24小时在线服务。"
1,"一手车队，承接一切灰资，出干净下浮U白资也可谈！卡接茴U，汇率美丽，卡多量大不堵车！只谈专业和效率，无中介无套路，全国可线下交易，可摆现交易！欢迎实力金主来谈！！☞☞@Alibaba3325"
1,"实时快递文本面单快递手拍百分百全新一手料淘宝、拼多多、抖音、快手学生、企业、股民女装母婴美妆等等飞机联系————@shujudalao666————频道链接——https://t.me/shuju686866https://t.me/shuju668868https://t.me/tiancheng03https://t.me/shuju886686VIP分享钻石代发广告代发点这里广告代发/频道群组上粉/克隆"
1," 挑̰战̰一̰切̰骗̰术̰，̰线̰下̰疯̰狂̰出̰泰̰达̰币̰，̰诚̰信̰要̰的̰老̰板̰来̰̰•̰̰"
1,"138环球信用盘技术改单不中改中实力搞庄可测试～上车吃肉～合作共赢微信a666695a"
1,"一出高质量相亲，网赚，jz，宝马，涩粉，cpa，劫持，渗透，yp上第三方，抖音粉出U，搭建@lao6668"
1,"出粉，涩粉，兼职，劫持海外股民相亲cpa注册体育出U可上第三方论坛出广告位"
1,"ah招盗U代理出假U仿U黑U懂的来@Daobi_Pay"
1,"1.什么料都接，卡足，大车队值得信赖，卡回u...因为专注所以专业，料主金主们洽谈rr"
1,"迊戰丗界杯.朂洧实力厷呞.开云軆唷.炷冊鎹88.還洧什庅代理浭賺洣@zswj888"
1,"急用钱的来，租借银行卡车队直收盾卡～手银～公户欢迎实力中介个人来谈买断日租分成勿贪点高价格高，结账稳才是稳请联系：@whl6688请联系：@whl6688注：要预付订金、路费的勿扰诚信经营长期合作廣告投放點此聯係廣告投放點此聯係"
1,"1.什么料都接，卡足，大车队值得信赖，卡回u...因为专注所以专业，料主金主们洽谈fq"
1,"盘口直收各大网购平台三月内一手数据实时数据对接【技术大牛】【平台运营】【内部人员】【手拍面单】另寻终端老板合作、自用验证满足一切合理需求对接快手运营、客服人员、各大平台内部人员找我换钱小白可教包教包会日收入1w+：@MDH68888频道https://t.me/wanggoushuju68888bvbv*"
1,"迎战2022卡塔尔世界杯博创担保-业界最强全球换汇阵容就位优质通道跑量有限，风控状况瞬息万变只有找对平台，才能完美应变！专业换汇担保精选多国换汇团队携手打造业界最佳换汇环境东南亚全方位资金汇兑支持泰铢越南盾印尼盾菲披索马币新币即时卡转回USDT欧美纽澳秒到帐通道，要求保时最短支持欧元美金澳币加币英镑直通车收款即时回U全球36国换汇，零距离秒回款支持港币日币尼日巴西墨西哥缅甸柬埔寨东南亚中南美非洲多国换汇支持上押担保，踏实赔付，信誉最可靠※同时召募各国车队，一起实现财富自由！资方保量，通道保回，博创担保，做你资金最安稳的后盾~咨询合作，请联系博创换汇客服@BCDBHHCS01"
1,"联通5G运营商认真对待每天收益10K以上简单易上手小白也能干放大操作收益稳定微信：13390326793"
1,"做四大搜灰词排名"
1,"黑桃AZM：日结/隔夜黑桃A正式回归！回归火爆价格：日结：518隔天：1088租号用途：接待、管理、炒群、推广、引流日结：早上8点用号，上满6小时算全天，上满3小时算半天（日结限制情况）晚上十点下号，晚上十点半统一结账！隔天：当天上号隔天早上用号，后天晚上十点下号十点半结账（隔天限制情况）隔天早上9点开始计算6个小时算一天，补号算隔天的价格，限制补贴88招收实力号商.散户，口嗨勿扰！日结：早上8点-3点上号！隔天：早上8点-凌晨3点上号！隔天日结担保账号必须不存在任何限制问题！需绑定手机号！要求：15个好友以上，实名制，三个月账单！黑桃A寻诚信伙伴！欢迎各位号商来询问！客服1:@hta_998客服2：@hta_857已上为黑桃A专业客服：维C海棠认准客服名字【其它均假冒】火速来！号号号黑桃A群链接：https://t.me/hta33钻石暴力代发"
1,"最新引流技术单人日收入1000+操作简单得很，小白也行稳定长期，适合个人工作室v:13277240189"
1,"出B和SE廣告量SE0量"
1,"源头~签~名，招代理，app封~装，先！签后付，量大可谈，免费测试@ty7111"
1,"盘口直收各大网购平台三月内一手数据实时数据对接【技术大牛】【平台运营】【内部人员】【手拍面单】另寻终端老板合作、自用验证满足一切合理需求对接快手运营、客服人员、各大平台内部人员找我换钱小白可教包教包会日收入1w+：@MDH68888频道https://t.me/wanggoushuju68888btbt"
1,"2022运费险全新玩法，可个人可工作室，利润收益可测，无上车费不适合未成年和学生详情了解联系我V：ww2157525334"
1,"shujuwang8https://t.me/+9rJ_WIn7v_4yMTQxDr-TG代发广告代发点这里"
1,"出全球Tinder巴豆大黄蜂CMB微信满月号领英IG有缘号出满月三月伪企群"
1,"jo车队长期收常规，混料，1道2道资金，咔接回u，可担保/直押，诚信金主来谈jo"
1,"泷灵>ZM>500>日结『日结500』『日结500』『日结500』不要问为什么那么高因为不是仲介不要问为什么那么高因为不是仲介不要问为什么那么高因为不是仲介三月帐单>10+好友>无限制异常16:00前>登记上当天结帐16:00后>挂设备隔天结帐有解号就直接算全天解不开算半天对接客服：@GuanShengdijun公司财务：@jhg14545对接群：https://t.me/qqaq1124q1aa鑽石代發點這裏框框就是發"
1,"需要上股民粉的老板看这里，看这里，看这里！本司主营：自媒体引流快手直播间小黄车付费GM粉"
1,"迣鎅柸朂佳投炷蛧跕、渞洊①咟鎹①咟、炷冊凂曊鎹18沅炷冊蛧：d9619點com飛僟溲：AGZL188"
1,"丗界杯.朂洧实力公司.开云体育.炷冊鎹88.還洧什庅比代理浭賺洣的@zswj888"
1,"EZI稳定签RBB"
1,"长期收全国各地银行卡/信用卡量多点高待遇拉满结账稳定四年老车队一手对接无套路联系方式：@YyH88866联系方式：@YyH88866"
1,"好项目，想挣钱联系"
1,"DHT品牌签名，快捷稳定！VMZ"
1,"sr车队承接一二道回U，出下浮U不骗不坑sr"
1,"shujuwang8https://t.me/+BmpS3ZC34ZZjNmE5Dr-TG代发广告代发点这里"
1,"收银行卡盾卡公户价格置顶实力卡商中介卡主来谈待遇优势联系方式:@HCTX686联系方式:@HCTX686车队直收，结帐稳如老狗小牛•诚信经营长期合作o。"
1,"o3JHB1接各类资金洗米可接一道回Uo3"
1,"izHUIFEN长期车找料卡接回，量足接一道点位置顶liuhuandadshk482iz"
1,"PP偏门国外橡木专注国外橡木10年！自营10年！橡木一：单日利润1000+橡木二:单日利润3000+橡木支持线上和实地考察学习现场学习操作产出收益技术一对一教学包学会合作+V：③⑦⑤⑥①②③⑥"
1,"国内安全出入境中老缅泰"
1,"年度最稳风口跑分核销项目全网真实最稳灰产，项目简单粗暴，可放大操作！利润立竿见影，实测1分钟内返现到账，回收速度快，如果你正苦恼自己没有路子，请看过来！！项目优势：安全、稳定轻松日赚过千！无需任何押金、保证金，！全程担保交易，安全有保障！项目返现快至1分钟，官方回款！0风险，简单易上手，手机可做担保网交易，量大可同台！！！项目联系：@HaiTang868项目担保群：https://t.me/+P2GVYkRVR500M2I1"
1,"IM钱包灰词seo排"
1,"yangmaokkkkkkhttps://t.me/+Z5h11TKZRi0zZWZh"
1,"p4手机轨迹察人车开房同住https://t.me/+2YIs-RFrBwM4ZjM5p4"
1,"最火爆互联网项目支持一切验证可来公司实操回本了再走纯绿色正规长久项目适合个人和工作室运营单人单日可产出1000+有意向联系威信：LK16279"
1,"出靓号地址生成软件，4连号仅需两分钟生成，全网最快，离线生成，安全无忧！诚招广大销售精英洽谈合作飞机：@libai337频道https://t.me/lianghao333"
1,"流量劫持：六合棋牌博彩涩站广告位招租：六合体育涩站约炮cpa棋牌博彩"
1,"营业厅合作商单日收益5K-8K可实地考察正规合法靠谱城邀同行或有人脉的合作weixin：13624169136"
1,"群里面有很多资源https://t.me/liujiawei22点击加入全国资源群群里面有很多资源https://t.me/liujiawei22点击加入全国资源群群里面有很多资源https://t.me/liujiawei22点击加入全国资源群群里面有很多资源https://t.me/liujiawei22点击加入全国资源群群里面有很多资源https://t.me/liujiawei22点击加入全国资源群群里面有很多资源https://t.me/liujiawei22点击加入全国资源群群里面有很多资源https://t.me/liujiawei22点击加入全国资源群群里面有很多资源https://t.me/liujiawei22点击加入全国资源群群里面有很多资源https://t.me/liujiawei22点击加入全国资源群群里面有很多资源https://t.me/liujiawei22点击加入全国资源群群里面有很多资源https://t.me/xiaomei82点击加入全国资源群群里面有很多资源https://t.me/xiaomei82点击加入全国资源群里面有很多资源https://t.me/xiaomei82点击加入全国资源群群里面有很多资源https://t.me/xiaomei82点击加入全国资源群群里面有很多资源https://t.me/xiaomei82点击加入全国资源群群里面有很多资源https://t.me/xiaomei82点击加入全国资源群群里面有很多资源https://t.me/xiaomei82点击加入全国资源群群里面有很多资源https://t.me/xiaomei82点击加入全国资源群群里面有很多资源https://t.me/xiaomei82点击加入全国资源群群里面有很多资源https://t.me/xiaomei82点击加入全国资源群群里面有很多资源https://t.me/xiaomei82点击加入全国资源群群里面有很多资源https://t.me/liujiawei22点击加入全国资源群群里面有很多资源https://t.me/liujiawei22点击加入全国资源群群里面有很多资源https://t.me/liujiawei22点击加入全国资源群群里面有很多资源https://t.me/liujiawei22点击加入全国资源群群里面有很多资源https://t.me/liujiawei22点击加入全国资源群群里面有很多资源https://t.me/liujiawei22点击加入全国资源群群里面有很多资源https://t.me/liujiawei22点击加入全国资源群群里面有很多资源https://t.me/liujiawei22点击加入全国资源群群里面有很多资源https://t.me/liujiawei22点击加入全国资源群群里面有很多资源https://t.me/liujiawei22点击加入全国资源群群里面有很多资源https://t.me/xiaomei82点击加入全国资源群群里面有很多资源https://t.me/xiaomei82点击加入全国资源群里面有很多资源https://t.me/xiaomei82点击加入全国资源群群里面有很多资源https://t.me/xiaomei82点击加入全国资源群群里面有很多资源https://t.me/xiaomei82点击加入全国资源群群里面有很多资源https://t.me/xiaomei82点击加入全国资源群群里面有很多资源https://t.me/xiaomei82点击加入全国资源群群里面有很多资源https://t.me/xiaomei82点击加入全国资源群群里面有很多资源https://t.me/xiaomei82点击加入全国资源群群里面有很多资源https://t.me/xiaomei82点击加入全国资源群群里面有很多资源https://t.me/xiaomei82点击加入全国资源群群里面有很多资源https://t.me/liujiawei22点击加入全国资源群群里面有很多资源https://t.me/liujiawei22点击加入全国资源群群里面有很多资源https://t.me/liujiawei22点击加入全国资源群群里面有很多资源https://t.me/liujiawei22点击加入全国资源群群里面有很多资源https://t.me/liujiawei22点击加入全国资源群群里面有很多资源https://t.me/liujiawei22点击加入全国资源群群里面有很多资源https://t.me/liujiawei22点击加入全国资源群群里面有很多资源https://t.me/liujiawei22点击加入全国资源群群里面有很多资源https://t.me/liujiawei22点击加入全国资源群群里面有很多资源https://t.me/liujiawei22点击加入全国资源群群里面有很多资源https://t.me/xiaomei82点击加入全国资源群群里面有很多资源https://t.me/xiaomei82点击加入全国资源群里面有很多资源https://t.me/xiaomei82点击加入全国资源群群里面有很多资源https://t.me/xiaomei82点击加入全国资源群群里面有很多资源https://t.me/xiaomei82点击加入全国资源群群里面有很多资源https://t.me/xiaomei82点击加入全国资源群群里面有很多资源https://t.me/xiaomei82点击加入全国资源群群里面有很多资源https://t.me/xiaomei82点击加入全国资源群群里面有很多资源https://t.me/xiaomei82点击加入全国资源群群里面有很多资源https://t.me/xiaomei82点击加入全国资源群群里面有很多资源https://t.me/xiaomei82点击加入全国资源群"
1,"斩虎ZM价格：日结800隔天1980账单不同价格不同9点上号，上满2小时限制算半天，上满4小时限制算一天解冻补50招收实力号商.散户，口嗨别来！早上8-11点开始上号！晚上7-12点上隔夜.统一晚上十点结账！可隔夜可日结可担保！对接群1.https://t.me/Zhanhu7890(https://t.me/Zhanhu7890)讨论群1.https://t.me/+EpI9E0sUzDJmMzYx(https://t.me/+EpI9E0sUzDJmMzYx){钻石广告代发点这里【代发/上粉/克隆】"
1,"微推微推推码420一单一结直招数据管够稳定一年有余已回归复盘长期稳定单结，支持U口令结审核5分钟不拖拉，不乱扣单扶持拉满招收各大小团团长欢迎各位大小散团来试单小白可教有教程对接人：@qingfeng257看主页信息信誉清风给被跑路的兄弟一个温暖的家专用对接群//t.me/+OMpQ-nPs4NEyZGNl小鹿代發點擊聯系"
1,"河南武汉广西山东广东上人公户盾一类卡都来可买断可预付落地三包"
1,"dfBHKA系咪出U大型车，寻找长期合作，卡接同台kefghiq812df"
1,"a3实力车队接一道二道资金，什么料都能接，自己车队卡足不断卡，支持担保上押，欢迎来详谈，诚信合作a3"
1,"卡卡跑分收付一体大小额自选请联系@tumi528咨询@tumi528诚招各大跑芬牛人，团队，代理收付一体模式系统入宽手动下发大额单笔1000--30000来靠谱的车队代理小额代收代付100-1000可走直押可走担保其他勿扰诚招各大跑分牛人，团队，代理一笔一结，本利皆可用于循环跑从事灰产5年无任何黑事迹咨询开户对接是不会收取任何费用一次合作，终生朋友！诚信经营长期合作咨询@tumi528https://t.me/+GH7I9QlF5zQwYzBh"
1,"UVD专业超级签，app封装，安卓包报毒处理NCM"
1,"出精准股民手拨料Ai料高转化百3+"
1,"v6招盗U代理出假U仿U黑U懂的来@Daobi618"
1,"*梦璐TG最强群发营销软件24小时群发私信不间断世界杯引流神器大量协议号管够试用客服@mengluTG111*"
1,"WWP合法高价募集捐精！献血！试药员！志愿者真实最合法！最靠谱！捐精5000献血800试药3000-100000一次马爸爸或者企鹅的小程序、公众号找【三甲试药堂】！！加飞机群请回复任意信息还有各种得了乙肝、癌症、高血压、痛风、等重大疾病和慢性病、家庭困难的、免费新药治病！！请转发给有血要的人！行一善！群主大人手下留情"
1,"大众传媒，广告推广老牌代发，可视频验证私发，群发，飞机号：@bb567888"
1,"拉裙批量私信批量群发软件群控机器人代发广告直登号群发软件（可自动加群）yc"
1,"slYBB车队出u可承接一道二道，卡接回长期有效，djiudjk123hgddgsl"
1,"CJ盘日结账密:价格210-240限制补50永久补200长期续租版续租1-60天@Anf888号商来找我谈价格号商待遇拉满为止上号时间:早上7点-晚上24点16点前上的算全天16点后上的算半天18:30后上的第二天开始结算18:30开始核对22点前基本结清（大量位置客服在线接号）价格上升空间:结算号数＜5+210+50结算号数＞5+220+50结算号数＞10+230+50结算号数＞50+240+50要求:1.三个月账单20+好友账单越久续租越长续租1-60天，长期续2.最低3天起租无限续租号主要退租提前半天在售后群通知3.结完账顶号扣除当天这个号佣金新人顶号不管多少量直接踢永不合作租QQ当天结散户价格120不用测试要求：3个月内无违规万人对接交流群https://t.me/fafafashun888666"
1,"微信项目，单号稳定日入一千点击关注频道，有视频教学https://t.me/hggvjfghuu/119{_]P+|:kB7ml{pt"
1,"7h一手车队，承诺各种灰白料，卡接回Uqwefghjkui7h"
1,"djYBB车队出u可承接一道二道，卡接回长期有效，djasklddshnkjk45dj"
1,"91车队长期收常规，混料，1道2道资金，咔接回u，可担保/直押，诚信金主来谈91"
1,"专业棋牌二道免押金跑分—寻大小车队，团队个人皆可，小白包教包会。—单笔：1000——10万无押金备好第一笔U循环做（一笔一结）—保：司法48小时包赔，死卡陪3W，绝对放心，不风控。—点位10-25点量大可谈。日赚5000—3W（试跑10个点，2w以下15个点.2W以上若长期18点10W以上量稳定可谈）—流程：财务先给你转款+佣金，你再秒回我U。骗子白嫖请绕道勿扰—防止黑吃黑，长期可线下同台。诚信合作，拒绝空手套白狼。—注意凡是要押金的都是骗押金的。挣钱不易，请勿上当受骗。有意者点下面灰机号联系↓↓↓@KaiY588@KaiY588"
1,"ZFW找核销电费石化石油卡密话费出沃尔玛卡京东e卡油卡话费卡折扣美丽全国可充RXP"
1,"zm上号群（用途：炒群）上号时间早上700上日结晚上1700上隔夜zm上号日结群（用途：炒群）上号时间早上700上日结晚上1700上隔夜结账时间：每晚2000下号价格日结价格：320隔夜价格：400（提前一晚上挂设备，第二天用号稳）要求实名认证，绑定手机号码，无限制最低四个月账单，号主本人实名，可人脸解冻实时账单随时可查裙：https://t.me/Zm0124888结账频道：https://t.me/+m3S6NXOH9-I5MGM1{钻石广告代发点这里【代发/上粉/克隆】"
1,"rdPPOA车队，下浮出U全国系咪，一道二道无忧haoyuqandh38828rd"
1,"最新项目，日赚过1000，操作简单，无任何要求，不限时间地点和设备，提供技术，安全靠谱，无押飞机：@DaoTianWl"
1,"电脑全自动挂机梦幻西游挂机搬砖多劳多得一台电脑单日100-300利润封号包赔，有实力的来谈威信：13033122226"
1,"盘口直出招取现车，点位25+，量大秒射，上押担保，大小车都可以谈NF"
1,"黑桃AZM：日结/隔夜黑桃A正式回归！回归火爆价格：日结：518隔天：1088租号用途：接待、管理、炒群、推广、引流日结：早上8点用号，上满6小时算全天，上满3小时算半天（日结限制情况）晚上十点下号，晚上十点半统一结账！隔天：当天上号隔天早上用号，后天晚上十点下号十点半结账（隔天限制情况）隔天早上9点开始计算6个小时算一天，补号算隔天的价格，限制补贴88招收实力号商.散户，口嗨勿扰！日结：早上8点-3点上号！隔天：早上8点-凌晨3点上号！隔天日结担保账号必须不存在任何限制问题！需绑定手机号！要求：15个好友以上，实名制，三个月账单！黑桃A寻诚信伙伴！欢迎各位号商来询问！客服1:@hta_998客服2：@hta_857已上为黑桃A专业客服：维C海棠认准客服名字【其它均假冒】火速来！号号号黑桃A群链接：https://t.me/hta33zuan坧瀻潑，濡婹笩潑點適里"
1,"┏━━┯━━┯━━┯━━┓┃广│告│代│发┃┃软│件│测│试┃┗━━┷━━┷━━┷━@tgyinliu8"
1,"A辰专业电销团队美团水果单核对地址单直对盘口审核快结账稳高质量精洗数据通过率高一单一结招团招散户你有量我有价不跑一户不扣一单欢迎各位大佬前来试单https://t.me/sjxbdbshjssnbd广告代发点这里"
1,"出：微扣扣致富宝"
1,"ppHUIFEN长期车找料卡接回，量足接一道点位置顶liuhuandadshk482pp"
1,"IG/FB真人华人粉爆粉爆赞价格表20真人华人粉/赞RM1.3050真人华人粉/赞RM3.25100真人华人粉/赞RM6.5200真人华人粉/赞RM13300真人华人粉/赞RM19.5500真人华人粉/赞RM32.51000真人华人粉/赞RM65接受TNG/bank有诚信图信誉已破K对顾客信息保密都是华人真人粉30天内有补粉/赞有兴趣下单pm：telegram：https://t.me/enxiinnIG：https://www.instagram.com/lixin5607/?utm_source=qr信誉墙：https://t.me/nianhui1211"
1,"yuuh256739https://t.me/+7EnnsdqeLn84MGJhDr-TG代发广告代发点这里"
1,"中国ip流量卡东南亚地区通用送卡测试上门咨询@ningning012"
1,"6h专业推广，频道，群组拉活/人，群/聊，群/发，协议号，软/件，免费测试，需要的私/信我6h"
1,"南方地区同台出u，量大下浮，咔接回u：@axing1149"
1,"90全网最高价收一类卡大小额-盾卡-公户中介卡主来聊聊价格天花板骗子勿扰@HW521"
1,"【赤黑】Q拉爆粉低中混搭手工盘单价：23起，百24，五百25数据类型：0-30精洗混合（百天高活跃达人）爆粉数据频道看见—————————————————拉群时间：晚1200结账时间：10点前申诉方式：三图扣单情况：下群监控3%容错无乱扣有效期：5天—————————————————联系赤黑@chihei1688开放不禁言对接群https://t.me/chihei16888—————————————————附带强拉技术无视频繁无视链接小鹿廣告代發點擊這裏聯系頻道上粉"
1,"出飛機防销会員呺"
1,"qxuexinhttps://t.me/+urUbLBNF5EY1OGNi"
1,"微信区快链项目，稳定日入一千点击关注频道，有视频教学https://t.me/hggvjfghuu/5jo2VS4e$"
1,"个人白嫩细滑粉紧，天然美乳，69吻，夜课无限次，停车超方便。"
1,"yuuh256739https://t.me/+TihxkIECDUoyMjZh"
1,"(͡ᵔ ͜ʖ͡ᵔ)YJY专业超级签，app封装，安卓包报毒处理BLX"
1,"能稳定pf的来找我，嘴炮勿扰"
1,"世界杯招商投註站"
1,"可接各种一二道料，专用车队洗米，咔接回U，可长期合作！"
1,"1.实力车队、4o承接各种一道二道，卡接回U/寻长期料主卡足不堵车/可担保/直押卸货专业/点位美丽4o"
1,"要买的找我拿，​量大稳定出​"
1,"z2ISD收各种料稳定大车只讲诚信不玩虚的，一道kwefg45dfz2"
1,"全网最稳项目、稳定日收1OOO+项目零基础简单小白易上手、一台手机可做，实测当天可见红利，项目0风险，安全保障、轻轻松松每天稳定搞1000+红利！！【执行力强的来，欢迎咨询】【全网唯一支持可担保，可同台交易】已缴纳押金，并入驻担保网，你的安全放心有保障诚信长期稳定合作，信誉才是赚钱的唯一原则！！！项目详情：https://t.me/+EbmCCagQjGwxYWVh项目详情：https://t.me/+EbmCCagQjGwxYWVh项目详情：https://t.me/+EbmCCagQjGwxYWVh"
1,"免费查人社工库https://t.me/+R1-AaEhF2ns4NWQ0"
1,"绿色正规项目个人/工作室都可以做项目长期稳定包回本包盈利包回收挣钱快利润可以立马到帐提现项目简单粗暴，可以无限放大操作凡来考察者均可亲自上手验证收益稳定每日轻松搞到2000，正规合法【日赚2000】【独家项目】朋友圈每天发真实收益支持一切验证了解项目请加VX：gg86668999了解项目请加VX：gg86668999了解项目请加VX：gg86668999骗子不得好死"
1,"初，质量，古茗，手剥，群呼"
1,"gdgTG引流软件批量‍采集垃人‍私信炒群测试监听定制各种机器人僵尸粉|佸人粉|监听bot|协义号批量出售代发群发私发精准引流量越多优惠越大售后保障官方客服：@luobo004"
1,"全网收USD，汇率置顶。可通过U搬砖赚差价（保底1000U赚300）量大可加上浮点。寻长期伙伴1：手里有U的截图。见U打款。先款后U。2：没U的可到交易所买。可提现即可交易。每天只需要10-30分钟左右，稳定天收入300-10000+（不上限)关注频道：https://t.me/+pQhNkNJ_PZwzMjNh"
1,"源头SDKDPI诚招代理欢迎各位来聊TGZLL1233456"
1,"车队要消化渠道换的找我​。线下同台稳定承兑​"
1,"蔷薇ZM要求：无限制可配合解冻带账单好友10+价格如下日结：300RMB隔天：620RMB挂号补80RMB上号时间下午：1600（挂设备第二天使用）早上：800（当天使用）群链接：https://t.me/Qw7k7k对接群（1）https://t.me/+jRnycXH6_BJkNzgxzuan坧瀻潑，濡婹笩潑點適里"
1,"全网收U，每天上浮收可通过U搬砖赚汇率差每天以交易所汇率来调整上浮。（无需套路，无需押金，无需上押）手里有U的即可做。见U打款。先钱后U。安全放心。长期可做！啰嗦墨迹的勿扰，时间有限，零风险（全白资）只收不卖。不找代购每天只需要10-30分钟左右，稳定天收入300-10000+（不封顶）全网最稳项目。加入我们关注频道：https://t.me/+UjzEQjRzu6djMjE1"
1,"飞͟机͟实͟力͟U͟商͟出͟U͟，͟欢͟迎͟各͟大͟中͟介͟来͟对͟接͟，͟返͟佣͟丰͟厚͟͟͟"
1,"单人稳定收益一天几百块！无门槛，操作简单易上手！公司全套线上培训，包教会！只需一台电脑在家即可操作！！人人可做，个人、团队都可做！项目有费用，非诚勿扰！！感兴趣加V咨询：17204785550"
1,"私密萝莉群@xiaoxiao1378私密萝莉群@xiaoxiao1378私密萝莉群@xiaoxiao1378"
1,"JYG源头各种超级签名，app封装，安卓包报毒处理XLO"
1,"hrat.me/+MF8Q4PaZjwMwMWY1glz"
1,"﻿《2022年最新创业风口项目》全网独家合作模式，每天收益500+总部一对一扶持手把手教学无需经验，轻松上手、项目稳定学习，包教，包会，包盈利白嫖勿扰加V:Xinl799加V:18720497921"
1,"社群主要是做黑产灰产项目，各种数据，引流技术，撞库，盗U，盗号CVV，入侵，渗透，DDOS，买卖黑分，长期给社区提供各种项目，目前是市场上最大的付费黑产社区.社区每天会赠送全球的各种数据，各种软件https://t.me/+vNMS9OTsHxBkODZkhttps://t.me/+vNMS9OTsHxBkODZkhttps://t.me/+vNMS9OTsHxBkODZk"
1,"收银行卡盾卡公户价格置顶实力卡商中介卡主来谈待遇优势联系方式:@HCTX686联系方式:@HCTX686车队直收，结帐稳如老狗小牛•诚信经营长期合作r7"
1,"回国vpn线路搭建"
1,"线上运营商项目，单日收益5K-8K，利润稳定！本项目适合创业者和公司内部转型使用日收益5K-8K不等，利润稳定详情微信号lihua36901"
1,"1.车队承接一二道资金。卡接回卡/咔接回u，汇率美丽，欢迎滴滴zz"
1,"绿==色==棋==游注册充值就送累积彩金888长久稳盘全网赢钱率最高平台棋牌、三方电子、真人视讯…支持USDT/Gopay/支付宝/微信官方下载:pou.51888.pro若延迟，请关vpn或开全局代理"
1,"1.实力车队、承接一道二道、咔接咔咔接回U高效不堵车、可担保/直押，来实力金主合作k6"
1,"yangmaokkkkkkhttps://t.me/+rtaRvUiU_O43NDVlDr-TG代发广告代发点这里"
1,"项目1:qq手工年龄0—920—30混合1w30群结账走U早上1—8拉群下午6-7下错晚7—8结账价格24-26带着你的量来这种数据你再起不来，你就可以找个班上了直接联系@tianci588交流群//t.me/tianci456项目2:一手直招钉钉拉手带量来谈价价格22-25（一手盘口对接，不要在做那七八手的价格，不稳定价格还低）拉群时间晚上11单早上2点交单早上7点之前，全网独家通讯录料子数据库5天有效期，错单6%以内！欢迎各大q拉钉钉代理对接转型钉钉已经是趋势！！！对接联系:@tianci588刷子鸽子永不合作请珍惜！钉拉进群占位置！已开盘https://t.me/+ZZXrE9D3PfAzZjU1项目3不管你是邀请频繁还是链接统统都能拉进去8元一次不管你一个号上多少粉都是8元需要的进下方群https://t.me/+EZxtJM2fFLhiYjU1小鹿广告代发点击这里联系频道上粉、群拉真人"
1,"lp实力车队接一道二道资金，什么料都能接，自己车队卡足不断卡，支持担保上押，欢迎来详谈，诚信合作lp"
1,"5g手机/轨迹开房飞火、记录好友、提https://t.me/+yEt8SyAhV7IyOTk1"
1,"民政婚姻个户全户开房记录微信提取三网定位三网猎魔有效期快递地址名下证件移动机主电信机主联通机主名下车名下号婚姻个户在线秒，报单私聊我"
1,"恒运国际信誉棋牌三年以上老资历，诚信+靠谱+安全=合作共赢棋牌二道免押金跑分保卡要赚钱加灰机:@sazz9990—保卡司法冻结48小时包赔，死卡陪5W里面资金算我方绝对放心，不风控！—盘口直出二道归集，沉淀24小时（无三黑）（无混料）—寻大小车队，团队个人皆可，小白客服1对1包教包会—单笔1000-5W，上不封顶，无押金备好第一笔U循环做（一笔一结）—日赚5000—50000+上不封顶每天几千万的量，量多要赚钱加灰机:@sazz9990—点位10-25个点，量大可谈，长期合作可同台可以循环做—流程：财务先给你转款+佣金，你再秒回我U。骗子白嫖请绕道勿扰。—防止黑吃黑，长期可线下同台。诚信合作，拒绝空手套白狼注意凡是要押金都是骗押金的，挣钱不易请勿上当受骗。诚信+长期+合作+安全=共赢，共创美好未来请认准官方唯一灰机账号:@sazz9990"
1,"出体育兼职色cpa网贷搭建广告位出租"
1,"想玩百家乐，龙虎，牛牛联系我开户"
1,"【天空城】ZM账密收号价格：日结500隔夜700隔天1050帐号要求：20个好友以上带三个月账单绑定手机号9点用号上满6个小时算全天上满3个小时算半天（限制情况下）早上9点至11点半上号下午4点至晚上12点上隔夜隔天（视情况而定）招收实力号商个人散户【天空城】ZM账密合作共赢客服：【天空城】希达-客服@XiDa108客服：【天空城】帕祖-客服@PaZu108财务：【天空城】朵拉@DuoLa108请认准客服号、财务号！！！https://t.me/TianKongCheng108zuan坧瀻潑，濡婹笩潑點適里"
1,"天宫：日结zm上号群（操作时间8点-23.30）日结全天用：早上八点到晚十点，当天晚上十点结账隔夜全天用时间段：下午三点挂号收号到第二天晚上十一点，第二天晚上十点结账（结帐）每天晚上22:00结帐，有特殊情况会通知（限制半天补50/全天限制不补）结账时间：22-23点核对立结日结隔天一直续租诚信信任为合作之本天宫客服：@TG_SHKF群链接1:https://t.me/TGzm1688(httpshttps://t.me/+RtIhexB0wfo0M2Y1(https://t.me/+RtIhexB0wfo0M2Y1)钻石代发广告代发点这里广告代发/频道群组上粉/克隆"
1,"1.实力车队、f3承接各种一道二道，卡接回U/寻长期料主卡足不堵车/可担保/直押卸货专业/点位美丽f3"
1,"ol招盗U代理出假U仿U黑U懂的来@Daobi618"
1,"熱賽進行中、賺錢不等待、抓住世界杯想賺錢的機會持久更穩定起步5十五@nbu188"
1,"1.车队承接一二道资金。卡接回卡/咔接回u，汇率美丽，欢迎滴滴zt"
1,"凯哥数据属你最牛实力派一次交易终生受益资深老数据商，时间证明一切！！！出精准一手数据实时（我们只做一手）彩票数据综合数据https://t.me/MoSxcknDxvOnDxbd全行业实时抓取用户可直接提供APP或者网站任何行业均可提取需要联系https://t.me/MoSxcknDxvOnDxbd凯哥数据属你最牛实力派一次交易终生受益资深老数据商，时间证明一切！！！出精准一手数据实时（我们只做一手）彩票数据综合数据全行业实时抓取用户可直接提供APP或者网站任何行业均可提取需要联系https://t.me/MoSxcknDxvOnDxbd"
1,"AG菅汸矗營汏珆軆唷埰嘌電ふAG咟傢濼電競諆簰凂曊鎹：炷冊旣鎹18沅渞洊鎹：100鎹100①俻渁迣鎅柸朂佳投炷岼珆，莇劦迣鎅柸埰唫領芣渟网：z789點bet飛僟溲：AGZL688"
1,"kkn美国服务器月特价优惠--00元@dthost"
1,"xj银行卡反定位全家户个人婚姻https://t.me/+7ezyPRaoijYyNDk1"
1,"1oHUIFEN长期车找料卡接回，量足接一道点位置顶hoangtubdd1o"
1,"OHY看我名看我名看我名看我名看我名ZLE"
1,"免押卡接回U模式信誉棋牌跑分一单一结@tt52525@tt52525-料：正规棋牌通道，24小时沉淀过的二道归集料-每天总量：300W~500W佣金：15%~25%量大可谈（每日2W以内-15%，达到2W-20%，5W-25%，逐量递增，往上再谈）-单笔金额：单笔最小2000元，最大49999元。量大请提前预约！！！（首次试跑不限金额，第一次单笔最高放款不超过1W，之后逐笔递增）-放料时间：正常每日中午1200，料放完为止。-由于我方资金问题导致死卡、冻卡、银行风控，司法冻结，全部我方负责，后期全力配合取出，并且我方还会赔付卡费。-由于卡主认为挂失，偷转，人头跑路和操作失误导致的资金损失，车队承担全部责任。-U价格按照买入，交易所实时汇率计算（例如：你方买入10000元的U，我们公司就按照10000人民币结算，中间的汇率差价算我方的）-收款方式：银联卡，微信、支付宝收款码（大额资金建议银联卡接）有兴趣私聊加合作共赢@tt52525@tt52525"
1,"TG最强营销神器24小时全自动群发批量采集拉人私信炒群测试联系：@loveyou3579更有-代发-代拉-僵尸-活粉-直登号-协议号监听机器人群管机器人定制"
1,"无需投///入，只要努力就有收获。@khhotni"
1,"qxuexinhttps://t.me/+4KMuXWP83CY0NGI5Dr-TG代发点这里"
1,"sSt年关将至，棋牌专业跑分免押金，不扫码，不授权—正规棋牌大区盘口，直出二道归集精料绝无三黑—卡接回U模式，USDT安全操作，先打款再回U—佣金点位15~25%，只要有U量轻松日赚5000~10W+—24小时沉淀资金保司法，不风控，不冻卡—每天50W+的U量需线下同台可商谈—长期诚信对接大小车队，小白包教会好项目长期合作共赢对接有心人发财私聊加@TG_880"
1,"收售一手三月内【历史、实时】网购数据台湾网购国内数据自用终端验证后满足一切合理要求对接【技术源头】【电商运营】三月内一手网购、台湾网购、手拍面单、华人、泰国、越南数据，源头工作室带货来谈。号外号外快手运营快手客服内部工作人员找我对接换钱小白包教会日收入1w+有意向联系我飞机：@TouGao_01TG：@TouGao_01频道：https://t.me/WG_0013t*"
1,"急用钱的来，租借银行卡租借中国手机银行其他手机银行即可，农商-信用社-本地银行优先。农业需带U盾各种银行手银U盾即可日结1000-2000长期租用～可不同台，邮寄即可请联系：@Xx168123诚招：实力中介买断其他银行卡手银盾要同台注：要预付订金、路费的勿扰！廣告投放點此聯係廣告投放點此聯係"
1,"互联网精品项目投资小，当天见利润。绿色正规一部手机即可操作多种模式，总有一款适合你。出飞机协议号自动群发软件V：LZP2224白嫖勿扰"
1,"gf察开房公司个人全家婚姻好友提https://t.me/+e93OuiPg_RA1M2Nlgf"
1,"AG菅汸矗營洤蛧朂穏矗營汏珆姠噺亾渞茺100鎹100苴哯茬炷冊凂曊鎹18嫃亾視卂，電ふ，埰嘌，軆唷，峬渔，諆簰AGMGPPPTPNGTTGPSCQ9.PG應洧浕洧拾姩荖珆，菅汸認姃，极趚炪窾，囸烸兲琓凢挶，輕菘赢凢芉過萭朂佳飜裑渞選愙棴溲：AGZL688頻檤溲：https://t.me/+8NTENoWUwUkzZDg1"
1,"体育购物网贷医务股民六合"
1,"一手车队无中间商赚差价高价诚收中国1004.8w诚收建设1004.8w诚收农信1004.8w诚收农业504.8w诚收邮政503.8w诚收交通503.8w诚收中信503.8w诚收公户-身份证复印件过来法人可不用同台预付买断按流水做多天只要一类卡，穷的睡不着为钱烦恼的，就拿过来赚钱！保不司法，同台操作，一切做到透明化！@cxys888@cxys888@cxys888"
1,"重庆本地现金收售u，大小量都收售，送现送u上门"
1,"https://t.me/city_of_flower汇集上万全国精选性价比楼凤资源，直接联系美女，靠谱无中介！每日更新联系方式，一站式玩遍全国！"
1,"千代盘口直招单价：23起百单24（量高的先来）低错手工数据有效5天高价高通0扣错单3%不乱扣任何一单（盘口总审核可查）12-12:00拉群对接：@qiandai666对接信誉：https://t.me/daidwidai888百单选手全款压担保支持手拉手招收门槛：百单团以上团队散户也可安排鸽子骗子拉稀的勿扰q拉现状跟个好老板才能发展起来稳定才是王道别的老板给不了你的我能给你，这里就跟你的家一样.明天永远还有一个明天生活一直在给你机会只是你从未抓住小鹿广告代发点击这里联系频道上粉、群拉真人"
1,"【无情的屌】高质量短发外围妹，A4细腰顶级美腿，埋头舔肥穴，抱起来猛操，搞爽了还不想走"
1,"xiyouqianming1https://t.me/+ifNdoT8ufFgwYjZhDr-TG代发广告代发点这里"
1,"新非法滞留和外逃境外人员/劝返名单...需要看的1"
1,"游戏挂机项目当天见收益单机200，小白也可上手，接受合作分红模式不收车费不噶韭菜发财潍信:Sykjtq"
1,"大混来车、汇率10.5-11大小车都可来谈、时速50+马上能开的来。闲聊勿扰！"
1,"泷灵ZM500日结『日结500』『日结500』『日结500』不要问为什么那么高因为不是仲介不要问为什么那么高因为不是仲介不要问为什么那么高因为不是仲介三月帐单10+好友无限制异常16:00前登记上当天结帐16:00后挂设备隔天结帐有解号就直接算全天解不开算半天对接客服：@GuanShengdijun公司财务：@jhg14545对接群：https://t.me/qqaq1124q1aa鑽石代發點這裏框框就是發"
1,"要͟洗͟白͟资͟金͟换͟U͟找͟我͟，͟稳͟定͟出͟U͟͟͟"
1,"三大运营商5G项目随时支持看后台日利润4000-1.5w全网独家：【5G项目】全国团队个人均可做支持视频考察及线下对接享受房补及员工补助项目有些需费用了解不吃亏V：xjkj-2022"
1,"31车队长期收常规，混料，1道2道资金，咔接回u，可担保/直押，诚信金主来谈31"
1,"≧◠ᴥ◠≦LTZ专业超级签，app封装，安卓包报毒处理VLE"
1,"OUE全网最低价超级签封装报毒处理价格美丽招代理QGG"
1,"03招盗U代理出假U仿U黑U懂的来@Daobi_Pay"
1,"qxuexinhttps://t.me/+C1M9y6ar_qNjMTA1TG博士代发联系"
1,"香港ip专线服.務.器"
1,"全球精准活跃数据全球WS短信全发line拉群币圈华侨TW股民车主购物等数据@dous8975"
1,"接赔付的私聊我，4-5个精英"
1," 币͟圈͟出͟U͟͟专͟业͟承͟兑͟出͟͟͟"
1,"攻击VS防御老牌实力攻击小组，承接攻击项目合作攻击：ddos攻击-cc攻击-渗透入侵防御：攻击防护-安全防护-防御测试联系飞机：@WUYINGZHEhttps://t.me/WUYINGZHE小鹿代发点击联系"
1,"巴西厄瓜多尔阿根廷墨西哥等多国源头支付，可接四方，诚信合作"
1,"二道网关B2CB2b回U转咔欢迎料主包养可担保同台双押傻子莫扰j6"
1,"YBK全网最低价超级签封装报毒处理价格美丽招代理KKV"
1,"做世界杯代理55%分红轻松过万做世界杯代理55%分红轻松过万做世界杯代理55%分红轻松过万不绑个人信息，安全靠谱，佣金最稳不绑个人信息，安全靠谱，佣金最稳免费做代理，拿分红55%分红+人头费最高1500+流水返利55%分红+人头费最高1500+流水返利55%分红+人头费最高1500+流水返利————————————————-新会员注册即送88体验金新会员注册即送88体验金新会员注册即送88体验金开云377kyty.net不黑不卡不跑路，最靠谱的招商Yoly，祝您一路长虹!!————————————————-官方招商@yoly798官方招商@yoly798"
1,"海外撸美金项目！！单人月保底收入WW项目稳定运行多年，鼓励实地考察交流学习！！签订保本合同，实地可盈利在回！+:"
1,"ZA世界杯呱汾芉萭汏奨https://t.me/+5BIkgQGL86o2NmZl"
1,"挂机项目，无上车费，合作模式，分层合作模式，单机200发米潍信:Sykjtq"
1,"世界杯诚招代理大代理小代理只要你有上进心想赚钱的抓紧时间来谈"
1,"yuuh256739https://t.me/+C7dohUE2WR81Y2Ix"
1,"运营商5G合作商日收入在8000以上支持线上，线下双教学模式适合个人创业和团队转型V13390326793"
1,"(͡ ͡)GDO源头各种超级签名，app封装，安卓包报毒处理XLT"
1,"博创担保整合多种业内可靠的推广资源国内短信卡发各行业数据资源国际短信通道国际验证码平台各种流量引粉资源色站广告位facebook/instagram/tiktok官流投放全程提供担保，全程把控质量数据接受定制、交易安全稳健频道链接：https://t.me/BCDB_DATA频道客服：@DataCS2_BCDB@DataCS3_BCDB小鹿代发点击联系"
1,"x6同住案底查外卖银行流水https://t.me/+Hg3FITPG0OFkNjFhx6"
1,"本公司常年经营106短信，彩信跳转可发棋牌，体育，综合绝对一手，诚信经营，100%不扣量，不作假欢迎各大盘口前来频道考察：https://t.me/mmkeji106"
1,"h2HUIFEN长期合作找料卡接回，量足接一道点位置顶sakldjadasdjh2"
1,"廣吿投放聯系：Boss91M1"
1,"出U，接任何资支持卡收回u可全国同台量大长期稳定下浮按量定。业务找博豪：@BTA5364"
1,"在菲直招入职红包8000，入职即发放。三个月全免。"
1,"体育论坛包月.色站广告位包月"
1,"车队直收收一类储蓄卡大小额度都可以买断15000起，按点位W700信用卡买断8万起，按点位万800来卡商中介个人，同台可上押可预付.飞机号：t.me/caishencc8"
1,"2022流量变现招收合伙人新软件，自动挂机操作每天稳定出精准粉利润200+长期稳定微信13277240189"
1,"bbkBC.qp.ty电.销线路.系统收量.收量.价格低.质量好.专业电.销团队客服.客服:@vos818jhh"
1,"来几位想干事的兄弟和负责人不会可以学，不懂可以问，真心干事来就完了新手小白易上手，工作室或团队转型，非常适合批量操作日结，单人日入1500+团队规模可放大化废话不多说，不墨迹的来，不玩套路。手把手教学联系：@wei2588"
1,"≧◉ᴥ◉≦NWS签源头签-一手价格—稳定可测HEX"
1,"靠谱的渠道！信誉的台子！做代理联系：飞机：kyty660"
1,"ks实力车队除招商不要、小额一类咔2-3w直接买断、50-100w咔4-7w买断、盾\卡15-30w、买断公\户25-45w买断另外大额可走点位价格天花板、欢迎实力中介咔商来谈"
1,"a1实力车队接一道二道资金，什么料都能接，自己车队卡足不断卡，支持担保上押，欢迎来详谈，诚信合作a1"
1,"9n人员规矩资产察酒店记录https://t.me/+wWikn15pAftjNGM59n"
1,"出广告位，色粉，站街粉，体育粉，兼职，相亲，网赚，股民，六合BC，减肥直播粉，站点劫持cpa"
1,"素质交友，长期私"
1,"豆荚涩粉主做上Q，每日1000+，来实力老板来对接"
1,"ui招盗U代理出假U仿U黑U懂的来@Daobi618"
1,"FPI找核销电费石化石油卡密话费出沃尔玛卡京东e卡油卡话费卡折扣美丽全国可充IDM"
1,"ie全网最高价收一类卡大小额-盾卡-公户中介卡主来聊聊价格天花板骗子勿扰@HW521"
1,"vON24小时全自动裙~发菈~人私~信炒~群采~集筛~号上粉飞机号协议号@zz99u999(骗子火葬场）"
1,"新人，无中介无踩雷，波大水多敏感各种姿势制服"
1,"&]银行卡反定位全家户个人婚姻https://t.me/+7ezyPRaoijYyNDk1"
1,"YED找核销电费石化石油卡密话费出沃尔玛卡京东e卡油卡话费卡折扣美丽全国可充WLU"
1,"个人兼职，上门上课"
1,"n4*1大量出U/专业洗咪//可接一道/咔接回u/国内同台/点位美丽n4*"
1,"游戏挂机，日入过千，没有上车费，合作分成模式单机200赚钱潍信:bohuang8"
1,"HHB灰机TG助手自•动采•集加•群群•发拉•人私•信监•听群•控联系：@maimai3690手机号筛选号码是否开通TG代拉手机号（无限制国家）大量session协议号出售（出售拉手机号协议号）群管机器人监听机器人记账机器人双向机器人"
1,"高.價.収公/.戶/頓dun.咔任何銀.行顿咔.芯片V.顿买.断，点.位.任.选，落.地三.包布加迪簡.介.進.弓.峮"
1,"赚钱项目上人头高价"
1,"xp招盗U代理出假U仿U黑U懂的来@Daobi618"
1,"1.实力车队、承接一道二道、咔接咔咔接回U高效不堵车、可担保/直押，来实力金主合作3q"
1,"nj*海外0元开店客户裂变客户模式《通道入金》模式已成熟，傻瓜式运营适合精聊瓶颈转型也可精聊回u做全球外汇秒合约BTCETH加送币资金盘玩法招实力代理国内扫雷红包群（苹果商城app）招拉手实力群主日新过万（日结）另收个人地推结算稳定世界杯信誉盘线上走U综合盘合作咨询@chexd1"
1,"1.u0实力车队、承接一道二道、咔接咔咔接回U高效不堵车、可担保/直押，来实力金主合作u0"
1,"37找人，酒店同住，好友列表/提https://t.me/+ez3HJpysuhM3NzE1"
1,"全网收U，每天上浮收可通过U搬砖赚汇率差每天以交易所汇率来调整上浮。（无需套路，无需押金，无需上押）手里有U的即可做。见U打款。先钱后U。安全放心。长期可做！啰嗦墨迹的勿扰，时间有限，零风险（全白资）只收不卖。不找代购每天只需要10-30分钟左右，稳定天收入300-10000+（不封顶）全网最稳项目。加入我们关注频道：https://t.me/+2YabRvyFh6thYzVh"
1,"做柏渡谷哥灰詞排名"
1,"feYUAN接料系咪出下浮U不吭，不骗tianyuanche8828fe"
1,"需求信息价格：24有效期：五天数据年龄：0-22中低混合一手直招Q拉手工线数据市场顶尖别的给不了只能给你每天稳定爆粉，稳定1年的实力老盘口对接人联系：@yuese886——————————————务贪价高，长期合作，诚信第一全网无黑历史通过稳定即单价！！！支持上押！！！晚上12-8点拉群早晨10点前交单相信各位都惧怕暗扣、吃单此类行为，本公司使用群监控核对查单5%左右错单率！！！绝不存在虚假乱扣，对接人联系：@yuese886——————————————玩的就是真实，不玩虚的，跑路毁根基，就老板跑路的老板乱扣暗扣的错单率高的不稳定的认准月色给你一个安稳的家数据随便试！只要团队！！！结账时间：下午1500结算方式：口令U对接联系人：@yuese886频道链接：https://t.me/duxie8889小鹿廣告代發點擊這裏聯系頻道上粉"
1,"收料，BC，聚合码，精料，色，刷，常规各种1.2道资金，卡接回u，点位顶置，可走担保/直押，f4欢迎来详谈，POS专业卸货，下发快"
1,"m6车队长期收常规，混料，1道2道资金，咔接回u，可担保/直押，诚信金主来谈m6"
1,"舜帝新D盘稳定两年老盘信誉频道：https://t.me/SD6668889(https://t.me/SD6668889)———————————————单价24/百25/500+2630单以上起收质量团优先条件：0-30（50%低龄/万-12群）拉群时间：1-8点交单截止下午1点越早交明细下越早结账时间：8点-9点风控期间只有手工一组20人错单比例：5%-8%————————————————不禁言交流群：https://t.me/SD6669999(httpsairplane:@sd04270@SD66699试单群：https://t.me/+UFhw6-54xFVmNTI1小鹿廣告代發點擊這裏聯系頻道上粉"
1,"万国：zm万国日结上号群：（操作时间8点-22点）日结全天使用时间：早上8.30分到晚上9.30分，当天22点结账隔夜全天使用时间：下午3点开始收号挂号到晚上23点，第二天晚上22点结账日结续租一直续租合作共赢，诚信为本，上号速度。群里客服：@Yun57888群链接1：https://t.me/wg88851(https//t.me/+mAa8Z_a0spAwODk9广告dai发联系钻石代发"
1,"『条俊』ZM上号群三月帐单15+好友『480』日结『600』挂设备上两个+20上三个+50上四个+80上五个+100——————————『3小时半天』『6小时全天』『冻结』未过半天解不开没结算『顶号』说了不听没结算『上号找我』@bianhua1688『结帐』22：00——————————『上号格式』帐号：密码：手机号：地区：验证方式：(扫码.好友.短信)帐单：(三月.半年.年号)https://t.me/mevius125125钻石暴力代发"
1,"一手US劫持料（招代理）一手UK劫持料一手料每日更新1000+随时可钓通道吃账单的看过来劫持料超好用沃尔玛，煤炉，美团，优步，环球门票....嘎嘎过少量欧洲国家一手源头数据营业时间：每日13：００—2:00频道：https://t.me/cvv9518联系飞机客服：@cvv95188小鹿廣告代發點擊這裏聯系頻道上粉"
1,"万国：zm万国日结上号群：（操作时间8点-22点）日结全天使用时间：早上8.30分到晚上9.30分，当天22点结账隔夜全天使用时间：下午3点开始收号挂号到晚上23点，第二天晚上22点结账日结续租一直续租合作共赢，诚信为本，上号速度。群里客服：@Yun57888群链接1：https://t.me/wg88851(https//t.me/+mAa8Z_a0spAwODk9zuan坧瀻潑，濡婹笩潑點適里"
1,"shujuwang8https://t.me/+a1WgNqkMAcE3YzdhDr-TG代发"
1,"3jWQE出下浮u承接各种一道二道，卡接回，同台dszq15153j"
1,"y0招盗U代理出假U仿U黑U懂的来@Daobi618"
1,"卡塔尔世界杯吃瓜内幕信息交流，群内免费高清在线直播卡塔尔世界杯，仅限交流球赛，不允许广告，一起交流干倒狗庄体彩！！骗子，狗推请勿进群！！卡塔尔世界杯吃瓜内幕信息交流，https://t.me/+7V8w3ORlLDkzYjE1此消息由太阳帮发啦真人囎粉联系"
1,"要͟买͟U͟的͟找͟我͟大͟量͟出͟͟͟"
1,"出数据瑟粉cpajz体育劫持相亲粉出U"
1,"出交友APP全球Tinder巴豆大黄蜂CMBOkcSkouthappnmeetmezoosk微信满月号伪企群领英IG真人老图号FB有缘号代付"
1,"做百度谷哥区块链B、X词"
1,"上门收p收美金咔7.5美6.7及时到账国内个人资金冻结包赔欢迎预约诚招代理"
1,"yuuh256739https://t.me/+qgLnKAwmbCc3OTgxDr-TG发广告日发百万"
1,"p6实力车队接一道二道资金，什么料都能接，自己车队卡足不断卡，支持担保上押，欢迎来详谈，诚信合作p6"
1,"༶•┈系统搭建APK上架┈•༶承接各类海内外APP上架及应用海外团队系统搭建稳定高效出马甲包白包苹果谷歌账号以上业务可预付可担保满意付款客服：@USDT_1989"
1,"Pc盘口诚招实招号商/散户微信Pc230———————————————————要求1:好友25三个月以上账单2:账号无异常3:实名绑定手机号———————————————————结账记录可查低风险接待每天上午9.开始上号晚9.结账1个/2303个/2406个/260———————————————————1-7天限制补308-30天限制补60永久限制补200满2小时半天4小时全天满2小时半天4小时全天满2小时半天4小时全天上去一个小时都算钱———————————————————认准(唯一对接)@fhghv1不禁言上号群(禁广告)https://t.me/+TxNL9UjivR8xNGRl群内多位客服上号大量位置结账可u可口令小鹿廣告代發點擊這裏聯系頻道上粉"
1,"#一台电脑可操作不需投入月入3W+的橡M可线上可实地面授学习+V：93026860"
1,"出国招人，缅甸，泰国，柬埔寨，马来！"
1,"速达跑腿服务：代购代付订购生日蛋糕代买菜修手机拿外卖买药买衣服生活用品家具充值话费（换汇）机场接送车接送（普通话缅语泰语沟通都可以）你动嘴我跑腿需要跑腿的老板私聊我们会以最快的速度给你送达，电话0969864863009699130200飞机同步"
1,"shujuwang8https://t.me/+n58emQ7xulEzMDZh"
1,"PZK海外筛选活跃号空号检测语音+人工坐席otp验证码短信@dd1231122VPU"
1,"收全地区固话，有担保公群。高价收全国地区，河北，广东，江苏，安徽，山东，河北高价收，可小时半小时结账。本团队在飞机业务有推码电销PFD钉ZM等项目可关注频道在联系人主页。《点开联系人主页有频道链接》上课联系人：@xiaoba36人头提供联系：@sha_sha6630公群链接：https://t.me/+S037W973Ku85ZmQ1《频道里有公群链支持走担保》小鹿廣告代發點擊這裏聯系頻道上粉"
1,"BP6﻿106直连通道一手运营商资源，可发三网彩信，短信，固定游戏文案跳转，棋牌，博彩，长期收量，百分百实发，欢迎各大同行，中介甩单代发，有意向可进群咨询管理：@zs3366@zl518518进群https://t.me/zhilian106"
1,"世界杯专用投注站"
1,"最新非法滞留和外逃境外人员/劝返名单...需要看的1"
1,"1.什么料都接，卡足，大车队值得信赖，卡回u...因为专注所以专业，料主金主们洽谈np"
1,"c7法人公司名下车全家/户https://t.me/+ACHNzjElMRQzNzMx"
1,"需要针孔摄像头联系"
1,"FCI私信/我/了解私信/我/了解私信/我/了解私信/我/了解私信/我/了解FHU"
1,"co广东汕头揭阳大量收一类卡盾公户落地三包骗票绕道可上压可验付来卡主卡商联系方式:@hongfa688对准广告频道:https://t.me/hongfabaojia诚信经营长期合作"
1,"n7海外0元开店《资金盘》。裂变模式《通道入金》傻瓜式运作火热招商外汇合约炒币模BTCETH火热招商国内扫雷群（苹果商城app）招拉手实力群主日新过万（日结）世界杯信誉盘线上走U综合盘合作咨询@chexd1"
1,"qr代发广告，群广告，私信，克隆拉群（公开群/私有裙，拉号码/用户名），机器人/僵尸粉，软件，都有。稳定经营三年，需要请私我qr"
1,"收一类卡，可无视额度，额度越高价格越高，纯菠菜料，包司法，资金干净"
1,"三大运营商5G项目随时支持看后台日利润4000-1.5w全网独家：【5G项目】全国团队个人均可做支持视频考察及线下对接享受房补及员工补助感兴趣V：yiyi20000203"
1,"fwqc88https://t.me/+Me68W45VOkw4MTVhDr-TG代发广告代发点这里"
1,"vYn24小时全自动裙~发菈~人私~信炒~群采~集筛~号上粉飞机号协议号@zz99u999(骗子火葬场）"
1,"双印.墨西哥尼日哥伦巴铁.哈萨克.巴铁等多国支付"
1,"≧◉ᴥ◉≦YGE找核销电费石化石油卡密话费出沃尔玛卡京东e卡油卡话费卡折扣美丽全国可充BDP"
1,"梦幻西游全自动挂机一台电脑单日100-300利润城邀同行或有人脉的合作可批量操作签订保本保底合同适合个人工作室公司转型操作简单，易上手微信：mhbz518"
1,"1.车队承接一二道资金。卡接回卡/咔接回u，汇率美丽，欢迎滴滴yj"
1,"福建跑分要人，日赚过万，车队直收一类储蓄卡，信用卡，欢迎中介，卡主来谈。业务飞机号：@hackney_carriage"
1,"千⑥跑分无押金vo"
1,"(◔◡◔)SYS找核销电费石化石油卡密话费出沃尔玛卡京东e卡油卡话费卡折扣美丽全国可充BMG"
1,"《全网最高价》收购盾【手银】【盾卡】【公户】有预付有预付有预付联系@HYJT857联系@HYJT857"
1,"ha法人。名下车，房户籍全家https://t.me/+VLjjYZmHvMI5OWVl"
1,"o4开房/银行卡/状态婚姻好友提https://t.me/+WG2J0Q2-tIkzYTRl"
1,"Pc价格（日结）用号时间：早上9点--晚上9点结账时间：晚上9-10点vx要求：绑定手机号实名价格：按粉来算一个粉80依次累计（平均每个号15+）（无论号出现任何问题保底5个粉的）我这边登录vx你那边是不会掉线的，加多少你那边是可以看得到的上号群https://t.me/+jHah4-UFgUszMmY9"
1,"LLC④信/硪/了解④信/硪/了解④信/硪/了解④信/硪/了解④信/硪/了解ITD"
1,"项目类型：教皇q拉匹配单价：24-27错单5%（无假单不会超过2%）有效期三天。10点下款项目介绍：目前缺量400群，大量收质量团。数据保底30%低领。通过率高手工可下纯QQTXT。频繁有内部技术手段可以担保，但不要反复横跳。浪费手续费对接@JH758双向机器人:@JH758bot频道//t.me/MoShuShi964双向交流群：https://t.me/MMS8840"
1,"‘）冻结因婚姻人员轨迹名下资产https://t.me/+33TljUu1WnhhMGVh"
1,"盗币和U招代理！来不来？pr"
1,"Q拉A盘不匹配大量招拉手通过高，扣单少，有效5天价格25欢迎千单团队对接支持担保大小团都收，0-30岁高活跃度数据一万通过20个群。基本0扣单，可手工，可通讯录！Q拉认准阿瑶全网无黑历史，账单，对接群可以随便验证。欢迎拉手团队可全力扶持。机房对接支持自建群百分百拉进群有意联系阿瑶@Ayao798跟我肯定稳，不会差拉手一毛钱，不会去乱扣任何人一单，随便验证，不放心可以安排团队过来试单做的就是信誉工作频道：https://t.me/Ayao98小鹿广告代发点击这里联系频道上粉、群拉真人"
1,"fn—代收—代付—有三方通道可上押金回U回卡接各种料有需要的请联系！@wangzong1388"
1,"hlWCDF大型车队接一道二道各种料长期出下浮U骗子勿扰hsbxgbdgdvsgvjiejielhl"
1,"sz开房/银行卡/状态婚姻好友提https://t.me/+WG2J0Q2-tIkzYTRl"
1,"租抖音租抖音租抖音抖音上号统一价格：实名110/天未实名80/天抖音上号统一价格：实名110/天未实名80/天ZM上号：220/天，客服对接。要求：注册满三个月即可成年未成年号都可以【稳定续租】客服直接对接上号客服对接①群：https://t.me/+hIpm4V6g2zMyZTk9客服对接②群：https://t.me/+s05ZoSbwUco4MGU1浩瀚信誉墙：每天实时更新结账记录，不定期红包福利。https://t.me/+KbWmCepzIL1iNmU1小鹿代發點擊聯系"
1,"400到450v推主推顺丰单子有问题的实时截图来几个质量团随时有数据！！！稳不容易挂，数据随时有，审核几分钟就结账小团散户都要质量团可谈价格规矩少，不乱扣单长期开工不休息一个字稳！做假单的别来试了，查的严别浪费时间黑单不卡回复顶级数据TG唯一联系方式:@ll175454TG唯一联系方式:@ll175454400到450v推主推顺丰单子有问题的实时截图来几个质量团随时有数据！！！稳不容易挂，数据随时有，审核几分钟就结账小团散户都要质量团可谈价格规矩少，不乱扣单长期开工不休息一个字稳！做假单的别来试了，查的严别浪费时间黑单不卡回复顶级数据TG唯一联系方式@ll175454TG唯一联系方式@ll175454TG唯一对接群：https://t.me/+FNPMuPzT2vBkNzc1一直在双黑审核秒审不跑一单终成大户欢迎关注频道：https://t.me/tasbaa009824钻石代发广告代发点这里"
1,"队直收小额佧，是佧就要，点位你来说！AI"
1,"信誉棋牌【跑分】卡接回U模式无套路无押金，无三黑，不扫码，不点链接，不测U，不授权@XH1718–信誉棋牌二道料，一笔一回【回款方式多样】-新手小白，包教包会-过了二遍，放心收款日赚2000~20000上不封顶！！量多–卡接回U模式点位百分之10%到20%@XH1718–要求：先把U准备好，我们准备好钱，只要你敢想，我们就敢给—长期诚信合作共赢，骗子勿扰，此号不私聊司法24小时包赔，死卡陪3W，绝对放心，不风控.凡是要押金的都是骗子，挣钱不易，请勿上当受骗。有意联系我们@XH1718"
1,"算命改运增财保证精准询问微信：99050403"
1,"荣耀代发@ry8473————————广东汕头10-100收公户5-30收收顿咔可上压可验付欢迎中介咔主咔商来谈认准对接@FC663"
1,"稚龄少女吞精日记@KJZUOAIHTTPS://T.ME/+Vx84i4CRdTJkYjYxhttps://telegra.ph/福利导航-11-09"
1,"盗币和U招代理！来不来？4n"
1,"YT稳定大盘老盘口直招微信ZM账密租号号商企业微信PC租号号商企业建码码商QQ号商私人微信号商国内财务拖团队微信解封QQ解封号商地推协议小群宝妈群............骗子不要来秀智商，预付请绕道！专职跑路狗请回避！联系方式：telegram唯一频道（其他都是骗子）：https://t.me/gnzhangmi其他均为假冒，请各位谨防伪劣假冒，被骗我司概不负责！！！小鹿代发点击联系"
1,"2022运费险全新玩法，可个人可工作室，利润收益可测，无上车费详情了解联系v：a7446551625"
1,"私人QQ量大耐艹欢迎来撩@qy5888"
1,"人参鹿鞭肽皇帝油增大膏修复膏伟哥专卖店果冻万艾克必利劲爱希利他达拉菲达泊西丁西地那非享久延时喷剂悍马糖永春糖爱猛糖泡腾片醒酒糖解酒糖女用伟哥女用催情药飞机杯硅胶娃娃半身臀膜 跳蛋震动棒AV棒 避孕药避孕套润滑油情趣内衣丝袜制服sm玩具rushHIV试纸阻断药梅毒试纸"
1,"-可承兑各类型资金，专业承兑出，-专业人做专业事-详情咨询"
1,"jhjBC.qp.ty电.销线路.系统.港澳.国.收量.价格低.质量好.专业电.销团队客服.仔细:【@vos818】hdh"
1,"未来蓝海项目AI智能标注。在家一台电脑会打标点符号，画画圈，就可以赚钱。单人日赚150-500，项目有费用，非诚勿扰团队日赚1500-5000，机不可失失不再来最佳创业兼职加v了解:18947887890"
1,"一手US劫持料（招代理）一手UK劫持料一手料每日更新1000+随时可钓通道吃账单的看过来劫持料超好用沃尔玛，煤炉，美团，优步，环球门票....嘎嘎过少量欧洲国家一手源头数据营业时间：每日13：００—2:00频道：https://t.me/cvv9518联系飞机客服：@cvv95188小鹿代發點擊聯系"
1,"qxuexinhttps://t.me/+iUhHLkr7nQk5OTcxDr-TG代发点这里"
1,"bc机房直出电销线路(其它行业勿扰)国内卡线(+86国内手机号码外显)接通20%+纯港卡线(+852香港手机号外显)接通10%左右国际线(世界大小国混显)需要联系(优创科技小梦)飞机:@yckj777https://t.me/ayckj鉆石廣告代發點這裏代發/上粉/克隆"
1,"6y专业车队接料，卡接回u，承接各种一道二道，欢迎实力金主来谈/支持担保上押，骗子勿扰6y"
1,"全网收USD，汇率置顶。可通过U搬砖赚差价（保底1000U赚300）量大可加上浮点。寻长期伙伴。关注频道：https://t.me/+ivh2kLsJQTUzMzAx"
1,"b1大量出U/黑白资洗白/咔接回U/国内同台/点位美丽/可接一道口嗨勿扰b1"
1,"。7户.籍手机/实名。轨迹银行卡反https://t.me/+Js6EynWfPAw0N2Zh"
1,"lt招盗U代理出假U仿U黑U懂的来@Daobi618"
1,"TG最强营销神器24小时全自动群发批量采集拉人私信炒群免费测试@zhennigzs更有-代发-代拉-僵尸-活粉-直登号-协议号监听机器人群管机器人定制"
1,"全球活跃数据格式数据华侨数据可筛性别年龄日韩台百分百带LINE数据币圈数据台湾股民数据@yangxu556688"
1,"yangmaokkkkkkhttps://t.me/+8_TcFG-8YRAwMzUx"
1,"聚义堂日结上号群：支持号商散户来谈（操作时间9点-23.30点）日结全天用：早上9点到晚上10点隔夜全天用时间段：下午3点挂号收号到晚上23点，第二天晚上22下号结账时间：22-23点核对立结日结隔天一直续租合作共赢，诚信为本，上号速度，口嗨勿扰上号客服：@JTY_SH群链接1:https://t.me/JYTzm168群链接2:https://t.me/+0dJfeNTVrfBlYjhl"
1,"65W＋影视涩站出位置。35W体育综合论坛世界杯位置招商"
1,"搞对方手机，转移资产(胃信，支服宝，币安，火币，欧意，im和tp)全部通杀，对接盘口和团队@Tmy888"
1,"海外源头支付印度原生接快杀.巴西原生pix，.菲律宾原生.墨西哥..孟加拉。厄瓜多尔等多国支付通道印度UPI游戏专户24小时稳定收付接一类印度线下卡接接万物实时回U实力雄厚.诚信为本.合作共赢@sunpayvipD0结算.实时回U，通道稳定，印度代付快多条渠道转换.24小时在线.联系主号@sunpayvip小鹿广告代发点击这里联系频道上粉、群拉真人"
1,"w6拉|群，裙发|私信，群广告，僵尸粉协议号推广引流，TG助手王软件免费可测"
1,"1.实力车队、承接一道二道、咔接咔咔接回U高效不堵车、可担保/直押，来实力金主合作jd"
1,"【360娱乐】资源群广告位仅需8U一条@YL360KFie*"
1,"看我名看我名看我名看我名看我名MZK"
1,"oq招盗U代理出假U仿U黑U懂的来@Daobi618"
1,"q8lk车队，专业西米，卡回u，接一道二道料，通道稳定askjdaskdssddfdq8"
1,"et银行卡反定位全家户个人婚姻https://t.me/+7ezyPRaoijYyNDk1"
1,"找车队，一道二道常规混，料！咔回咔！咔回U！~保时！保量双押！"
1,"收银行卡信用卡盾卡公户价格置顶实力卡商中介卡主来谈待遇优势联系方式:@HCTX686联系方式:@HCTX686车队直收，结帐稳如老狗小牛•诚信经营长期合作i6"
1,"10万人供需频道联系广告发布员可以免费发一条活动期限3天@zcsh5小鹿代發點擊聯系"
1,"电商无货源项目单店铺一天几百收入，项目长期稳定百分之百盈利！不赚全额退款威信：13365611710"
1,"荣耀代发@ry8473————————跑分全国车队对接，公群上押上担保飞机@NK66668飞机@NK66668航海王车队集团全网收卡商收中介收卡主AB卡卡pos盾公户t.me/maomaopf88全部三包秒票，价格置顶，五星级服务"
1,"xm专业车队接料，卡接回u，承接各种一道二道，欢迎实力金主来谈/支持担保上押，骗子勿扰xm"
1,"全国同台卡接回U接黑白资量大优惠诚心交易的来：@ww6099"
1,"营业厅合作商适合个人创业和团队转型支持线上，线下双教学模式日收入在8000以上威13390326793"
1,"富贵钱庄拥有充足资源，助您快速处理资金回Ｕ通道，安全保密最快到帐30分钟回款可处理各种资金性质富贵频道：https://t.me/fugeisorich以下渠道正在开跑中更新版本二道ＢＣ印度尼西亚各项搬砖俄罗斯尼日利亚印度卢比菲律宾澳大利亞越南玻利维亚南非日本巴西泰国马来西亚巴基斯坦墨西哥哈萨克斯坦肯尼亚哥伦比亚尚有大量渠道未能尽录如有需求欢迎找我问问：@cs2_fugui小鹿广告代发点击这里联系频道上粉、群拉真人"
1,"江湖车队车队直招卡主、实力中介4大9商银行卡1-100w额度一类普卡，按流水或者买断结算，半年内有流水的正常卡都能要，一人两张卡起步本人本卡同台，可订票落地安排吃住，做完立马结算，可现金、微信、支付宝、银行卡、USDT，佣金结算的都是白资。可订票，落地安排吃住车队直收，消化快，效率高额度收2050100500做完立马结算，日赚5q～5w不拖欠不坑人，只做诚信人徐州宜春淄博武汉安排飞机：@PF55555飞机：@PF55555飞机：@PF55555https://t.me/jianghupfAB雷神广告代发广告代发点击这里联系我频道上粉、群拉真人、频道刷浏览"
1,"看我名看我名看我名看我名看我名HZT"
1,"想挣░钱的可以联系，无░套░路░无░需░本░金，努力就有收获联系：@YBZSdaoiioo体育推单群：@kydaoioio"
1,"aliyun321https://t.me/+lFfiuTJ5h1Y5NzBhDr-TG代发广告代发点这里"
1,"【启航朗新集团直招】启航朗新集团已经成立了三年多，前前后后经历了很多项目这次我们直招q拉补空缺，用你最放心的方式来让你加入我们！！q拉手工盘带量来谈价最顶级的数据通过率高数据一直顶尖，不一定纯低龄通过率才高，精洗混合数据一样嘎嘎通过0–9占80%其余20-2525起百26千27两千28合作后价格可谈可下底料1w出15群晚12:20拉群数据有效期:5天扣单0–8%无暗扣监控审核晚10点左右结帐帐不过夜大团支持上压【启航朗新集团直招】启航朗新集团已经成立了三年多，前前后后经历了很多项目这次我们直招q拉补空缺，用你最放心的方式来让你加入我们！！q拉手工盘带量来谈价最顶级的数据通过率高数据一直顶尖，不一定纯低龄通过率才高，精洗混合数据一样嘎嘎通过0–9占80%其余20-2525起百26千27两千28合作后价格可谈可下底料1w出15群晚12:20拉群数据有效期:5天扣单0–8%无暗扣监控审核晚10点左右结帐帐不过夜大团支持上压支持验盘，担保实时结账记录任何验证方式联系：@a777ya对接群：https://t.me/wangzhetuima320频道：https://t.me/+8IEUqbv-88c5NmI1------------------联系：@a777ya对接群：https://t.me/wangzhetuima320频道：https://t.me/+8IEUqbv-88c5NmI1------------------"
1,"hv55%的超高返佣比多重扶持寻找合作伙伴有意滴滴我"
1,"数标项目1.轻资产，低门槛，稳定每月利润过万，2.每日利润500-900可无限放大3.收益当天可见直接到您自己的账户4.公司有专业售后技术人员一对一教学V：cco38888"
1,"1.车队承接灰白资，卡接回U，无中间商，t4点位美丽来稳定料方，口嗨勿扰t4"
1,"yn同住案底查外卖银行流水https://t.me/+Hg3FITPG0OFkNjFhyn"
1,"《租微信账密》zm隔天480预付240zm隔天480预付240zm隔天480预付240上号要求：①：2个月账单好友10+无限制②：用途（炒群群托）③：3半6全，无限制异常上号时间：①全天上号（上号就有钱）②结账时间：晚上21：00统一结算③：欢迎各大号商散户，想稳定的过来谈可验盘可查账单，结账稳不墨迹无停工白号不要求实名，是号就要日结150！白号不要求实名，是号就要日结150！群链接：https://t.me/+MdsHZpQU2tEzZGY1群链接：https://t.me/+MdsHZpQU2tEzZGY1群链接：https://t.me/+MdsHZpQU2tEzZGY1唯一@lidelide1钻石戴发点这里"
1,"鲨鱼ZM日结价格：正常号ZM日结466元正常号ZM隔夜766元正常号ZM隔天1066元使用方式：接待、管理、炒群、推广、引流9点用号，上满4小时算全天，上满2小时算半天（限制情况）招收实力号商.散户，口嗨勿扰！早上8点-12点开始上号！下午4点-晚上12点上隔天隔夜隔天日结担保新手小白想做就来账户必须不存在任何限制问题！需绑定手机号！需绑定实名！欢迎各大老板前来询问龙争虎斗彼岸花鲨鱼ZM才是你的家上岸回血，副业，敢做就来，稳定收益客服：@mazi781客服：@boniu22已上为客服海马波妞认准客服名字【其它均假冒】号！号！号！裙：https://t.me/shayu88611{钻石广告代发点这里【代发/上粉/克隆】"
1,"13纯bc信誉盘内层vip5会员料子寻找实力车队实力卡商以及代理长期稳定合作，量足，卡耐用。13"
1,"bhbBC.qp.ty电.销线路.系统.港澳.国.收量.价格低.质量好.专业电.销团队客服.仔细:【@vos818】jik"
1,"最新涉赌涉炸滞留境外人员名单"
1,"kz大量出U/黑白资洗白/咔接回U/国内同台/点位美丽/可接一道口嗨勿扰kz"
1,"支̰持̰炒̰币̰，̰大̰量̰出̰Ṵ，̰稳̰健̰做̰事̰的̰来̰对̰接"
1,"运营商liantong单日均收入7500+长期稳定可以复制扩大适合个人，工作室，公司转型。weixin：17741218334"
1,"需̰要̰Ṵ的̰找̰我̰，̰量̰大̰，̰稳̰定̰̰̰出"
1,"qfglzur41https://t.me/+047rlwzTdbw1MzYx"
1,"r3找人身份使用轨迹婚姻名下车房https://t.me/+ZbAsf3B1fyQ3ZGZh"
1,"诚信经营长期合作高价收普卡小额度卡一类卡公户信用卡盾骗票绕道路费三包联系方式:@clw26888欢迎卡商、中介、卡主来洽谈。诚信经营长期合作1、"
1,"搞快钱！免费教抖音私信脚本挂机引流日赚2600米@tg199868搞快钱！免费教抖音私信脚本挂机引流日赚2600米@tg199868电脑全自动24小时挂机项目操作简单正规合法免费教技术一对一陪跑前提是出粉必须给我回收单设备（电脑）日跑260个私信粉10元/个包回收单日2600米纯利润免费收徒教技术我们合作分润免费教我赚差价你赚幸苦钱我们一起合作共赢适合学生宝妈个人创业者居家副业工作室转型项目稳定运行三年可根据能力无限放大操作想搞钱没路子的速度来具体详谈对接唯一频道：https://t.me/hongxiandaifa：@tg199868：@tg199868：@tg199868"
1,"﻿正规绿色流量变现多平台多渠道精准引流全自动引流技术：精准抓取各平台优质客户公司全程扶持一对一陪跑终身售后个人版：单日收入2000-3000元工作室日收入10000+适合大学生宝妈个人创业V:13160041008"
1,"dkkBC.qp.ty电.销线路.系统.港澳.国.收量.价格低.质量好.专业电.销团队客服.仔细:【@vos818】bbh"
1,"(◔◡◔)IMH看我名看我名看我名看我名看我名BTG"
1,"全国同台下浮出U，可接黑白，嘴炮担保骗子套路勿扰，只做线下同台：@dcs246"
1,"老四账密qq对接群我们的价格中等偏上价格说的天花乱坠到头跑了你们还是不是白干大量收散户大团小团日结续租zm，要求30+好友3个月账单，六个月账单，全天上号晚上8-10点结账价格单个300-10个310量大再谈价格主不能退微信，不能通过我们好友，不能随便删除我们的人，不能主动回复信息！违反者不给于结算顶号没钱，顶号没钱！顶号没钱！顶号没钱！日结续租zm，要求30+好友3个月账单，六个月账单，全天上号晚上8-10点结账价格单个300-10个310量大再谈价格租号期间号主不能退微信，不能通过我们好友，不能随便删除我们的人，不能主动回复信息！违反者不给于结算对接客服：@xr191218对接群：https://t.me/+BREmBYP7gu01Yjdl小鹿廣告代發點擊這裏聯系頻道上粉"
1,"(͡ ͡)NZU防红链接，处理报毒，价格美丽，源头超级签，封装appGMH"
1,"代发广告+@eem1258——————————————找实力中介找实力中介天价收公，盾，手银天价收公，盾，手银天价收公，盾，手银点位，买断，日租同台，邮寄，三包上法人开户有预付，有预付验完付清，秒结挑战全国最高价！！！财富团队，不堵车，靠谱@cs147@cs147"
1,"出手工精聊粉-bc-体育-股民-劫持-数据-相亲交友-琪牌-色站-体育站广告位"
1,"6f车队长期收常规，混料，1道2道资金，咔接回u，可担保/直押，诚信金主来谈6f"
1,"#马雨萱收录自：https://t.me/yqzjyl/2892"
1,"有兴趣私有兴趣私有兴趣私有兴趣私有兴趣私"
1,"努力搞钱闲鱼转转洗货日入3000人间清醒闲鱼转转卡密回收项目月入10w拿货一张70元自己去官方回收98.2一张净赚28拒绝套路先给卡和卡密自己回收赚到钱再给我们回u不需要先款卡多就是缺人手小白包教会财富热线加飞机:@Pt9555流程：1:我们先给你卡号卡密闲鱼转转官方秒回收一个闲鱼转转号一天限回收50张2:你回收完之后钱到了再给我们秒回u要求备好u有时间有闲鱼转转号诚信合作小白包教包会财富热线:@Pt9555"
1,"全网收USD，汇率置顶。可通过U搬砖赚差价（保底1000U赚300）量大可加上浮点。寻长期伙伴。操作流程：1：手里有U的截图。见U打款。先款后U。2：没U的可到交易所买。可提现即可交易。每天只需要10-30分钟左右，稳定天收入300-10000+（不上限）关注频道：https://t.me/+TwtVGlMcNF8zM2I1"
1,"1.车队接料，大小混，精，刷，色都可以，可担保可直押，咔接回u，实力老板来f6"
1,"追星zx盘q拉不匹配（23-26）中低龄数据高通数据手工通讯录均可以一起拉群交单团队可以自己建群拉群监控自己上弄好直接把群交给我就可以12-9拉群交单12点之前6-10结账错单支持申诉有量什么都好谈目前缺量，散团都收，火速来吃数据，可拉担保有对接群后期团都可扶持成百单团，合作共赢本人稳定9个月，无跑路史，无黑点信誉度绝对拉满团队对接联系人：@lh0914助理1@xiaoyiyi147助理2@lele777791万单对接群均可放心拉手交流群：https://t.me/zhuixing666999追星频道：https://t.me/zx666999111小鹿廣告代發點擊這裏聯系頻道上粉"
1,"≧◠ᴥ◠≦YQY号码精筛，清除无效号码，排除无效数据，降低营销成本，提高营销效率~可免费试用5000条~欢迎咨询：@y12118JOW"
1,"【高价收各种流量】【高价收各种数据】【高价收各类粉】【3D。彩票。六合。兼职流量。色流。各种线上流量】【V拉机房协议】【股粉】【裂变粉】【地推团队】【QQ拉手】/【匹配单】【盘口直营】精心筛选数据散户量堪比团队没有暗扣结账稳定不欢迎鸽子价格21起步凌晨1-9拉群晚上7-8结账结账方式走u群码数据管够稳定靠谱老团飞机：https://t.me/KODHBWTelegram(https://t.me/KODHBW)星辰【请认准@KODHBW】成功不是将来才有的，而是你开始行动的那一刻小鹿代發點擊聯系"
1,"bs个人一类银行咔拿来换钱，收个人一类银行咔，帮娱乐公司偷税漏税绝对安全，薪酬按你帮公司避税的额度抽十个点，比如5万您可以抽5千的薪酬一天。胆大来做，胆小看着干瞪眼。诚招中介咔商合作，工作地点：福建漳州想不想过个好年看你敢不敢，有意向加微信18697611951或13156723582或19813508339"
1,"广东同台跑分高价收卡盾手银一张日结5k-4W高价收全国各地公户，信用社，农商，额度大价钱越高。招实力中介卡商卡主来合作飞机专群可上押飞机专群可上押飞机专群可上押欢迎咨询欢迎合作联系：@vs668联系：@vs668联系：@vs668小鹿代發點擊聯系"
1,"菲律宾有找工作的吗？公司直招，可上门考察哦~~~~~~~~"
1,"电信运营商日收入在7K以上长期项目收入稳定学习，包教包会包赢利微信kiojk267zx"
1,"有没有在国内的大哥啊？我这边可以安排来菲了哎！国内来菲的到岗6K新人荭包，有来菲的吗？"
1,"专业团队一手货源棋牌数据棋牌数据彩票数据彩票数据体育数据体育数据综合盘数据综合盘数据【1】三网SDK采集活跃【2】联通DPI抓取【3】移动DPI抓取【4】电信DPI抓取————————————————：@qc899：@qc899：@qc899合作频道：https://t.me/+VDwhiYiuCnc3YWM9"
1,"heitfh实力车队欢迎中介卡商卡主骚扰@u77annaab900手机银行买断100额度五万买断五十额度二万五盾500额度买断十五万起步看银行对公账户看银行看额度二十万起步农村信用社公户最高一百三十万买断信用卡地方银行买断十万起步骗票狗白嫖党勿扰详情联系下方飞机本号不回复@u77annahttps://t.me/u77an广告代发点这里"
1,"VWF逆天改命，我命由我不由天，努力搞钱吧专业跑分让你翻身机会难得，日进斗金，大展宏图正规棋牌大区盘口财富热线:@TTBB999正规棋牌大区盘口输赢直出精料二道归集无三黑，沉淀资金保司法不风控，不冻卡、佣金点位10~25轻松日赚5000~100000+卡接回U模式，USDT安全操作，简单不复杂车队长期诚信合作，备U量达50w+需线下同台可谈项目长期诚信对接有心人财富热线:@TTBB999IPB"
1,"3434*增硬和延时持久印度进口非常便宜需要联系电报:@dajiba3106频道:@dajiba3108微信：huaxi310520"
1,"里面的狼友分享，十个九个不靠谱，，赔付认证十个五个不靠谱认证专区，十个七个靠谱"
1,"﻿﻿不割韭菜项目全国就近考察纯挂机项目适合兼职副业全职个人月收入3～6w工作室30～60万项目收费，白飘勿扰咨询加微信：16212714537"
1,"鹤轩团队业务汇总————————————1.抖音上号群:@hexuandouyin01单价：实名号110未实名70禁止私信客服问价上号勿扯皮谢谢合作—————————2.微信PC上号群:@hexuanPC02单价140每天早7.30上号—————————3.QQ上号群:@hexuanQQ03【不禁言】无硬性要求能进群即可续租无限单价进群看置顶等级不同价格不同—————————4.接龙结算群:@hexuanjiesuan04用于号商上号接龙结算的群除qq外其余所有在鹤轩群里上的号都要接龙—————————5.鹤轩通知频道:@hexuankeji2用于发布结算图和红包发放—————————以上所有业务由鹤轩本人：@hexuankeji3有问题随时都可以联系我本人只有备用:@hexuankeji1以外无任何小号欢迎大家监督做到真正的为号商服务{钻石代发广告代发点这里【广告代发/频道群组上粉/克隆】"
1,"项目名称：映司Q拉不匹配手工单价格：21-25项目介绍：纯0-9不压数据不压码数据稳定-高通过可拿底料随便洗扣单：百分之5可申诉通过率：1W20群打底备注：不管大小团支持担保对接联系：@yingsi1频道：https://t.me/yingsi11小鹿代發點擊聯系"
1,"出全球精准活跃数据币圈数据line数据华侨数据筛lineTG拉群WS群发"
1,"收各种一类咔咔商中介散户各种一类盾咔保量点位可谈可做三天到七天落地三包预付买断按流水做多天上押"
1,"r3银行卡。反、户籍。全家，法人身份使用轨迹https://t.me/+C1zzj0fPCX85NjFl"
1,"年关将至*努力搞钱棋牌二道*免押跑分:@SSAAKK001:@SSAAKK001免押-免押-免押*盘口直出二道归集已沉淀24小时+新手小白客服一对一教学*寻找大小车队-个人均可操作*总台下发-单笔单结*点位10%~20%备好第一笔U就可循环做*司法24小时死卡包赔3W-保卡不冻结*不风控日赚2000~30000+轻松赚无任何风险*收款方式多种多样*放心大胆做注意挣钱不易-请勿上当诚信合作-携手共赢骗子勿扰-财富热线:@SSAAKK001"
1,"谷哥灰词套户代开"
1,"波͟场͟U͟大͟量͟出͟，͟可͟资͟金͟漂͟白"
1,"收售一手三月内【历史、实时】网购数据台湾网购国内数据自用终端验证后满足一切合理要求对接【技术源头】【电商运营】三月内一手网购、台湾网购、手拍面单、华人、泰国、越南数据，源头工作室带货来谈。号外号外快手运营快手客服内部工作人员找我对接换钱小白包教会日收入1w+有意向联系我飞机：@TouGao_01TG：@TouGao_01频道：https://t.me/WG_001es*"
1,"提供微信、支付宝或银行卡卡号（支持支付宝口令）单笔：个人1000-50000小额无押金料(纯二道料)：体育盘赌球的资金我这边洗到国内然后到商贩小卖部超市卖衣服店那些人转账你手里点位：个人小额以8-18%为准团队面谈我们这个很简单的，你只需要在准备交易的钱包上准备好U，然后我就可以先给你打款收到款后，你秒回我U就行，我们是先款后U的，一笔一回简单的，就是购买USDT，然后我这边给你转账后你再把你购买好的转账给我就行短时间赚个10几20万很简单。全程不点链接，不扫码.我们的金额以人民币为准1000以下8%个点1000-10000点位10%10000-50000点位15%个人或团队：50000点位18%最高点位30%另高价收U量大可ATM现存联系方式@kaiyuan9527@kaiyuan9527"
1,"乐其ZM日结价格：六月账单380一年账单480（根据账单好友定价）9点用号，上满2小时限制算半天，上满4小时限制算一天！（2半4全）解冻补50-招收实力号商.散户，口嗨勿扰！-早上8点-11点开始上号！晚上7点-12点上隔夜。-隔天日结担保群链接1:https://t.me/k7k7k6888(httpshttps://t.me/+IL64mNMOfCowZWU1(https://t.me/+IL64mNMOfCowZWU1)广告dai发联系钻石代发"
1,"高价收公户银行卡信用卡盾卡一类卡小额度卡信誉可鉴欢迎卡商卡主来谈骗票绕道路费三包联系方式:@yes8818联系方式:@yes8818诚信经营长期合作"
1,"开课约，00后，皮肤白嫩，三点粉，自带课室，热情主动，裸，69，吻，口爆，，毒龙，后园，潮喷，提前预定可7折"
1,"7b专业推广，频道，群组拉活人，群聊，群发，协议号，软件，免费测试，需要的来7b"
1,"72YUAN接料系咪出下浮U不吭，不骗tianyuanche882872"
1,"1.车队承接一二道资金。卡接回卡/咔接回u，汇率美丽，欢迎滴滴xl"
1,"ayangmaokkkkkkhttps://t.me/+yn0OsAgJrdxiMDhl"
1,"出QP周料稳定数据量大"
1,"项目名称：晚晴Q拉项目名称：晚晴Q拉匹配0-9-0-25混合纯低龄750+能量值高活跃数据，不要拿垃圾数据跟我比我这里通过才是王道数据有效期5天1w出30群拉稀仔来了也得爆粉纯低龄价格天花板价格：21-24团队对接：@xiaotaiyang52散户对接：@Ad_qingf@kb031023@wangyan521新人试单群：https://t.me/+EVamucMUj2RlZTQ1信誉工作频道：https://t.me/xiaotaiyang520欢迎质量散团前来对接百单团随时上压支持手拉手给你一个安全稳定的家"
1,"yz招盗U代理出假U仿U黑U懂的来@Daobi618"
1,"[s代发广告，群广告，私信，克隆拉群（公开群/私有裙，拉号码/用户名），机器人/僵尸粉，软件，都有。稳定经营三年，需要请私我[s"
1,"ll找人查车卡冻结原因人员轨迹酒店同住"
1,"魔兽养号自动运行，每天仅需5分钟包教会，包盈利收入6000+签署合同保收益可批量放大维16212714537"
1,"pZr兄弟，你还在飞机上手动群发，引流吗？24小时自动群发，精准引流软件@shuapingwang7"
1,"国外盘口黑u1:1.810u换18u支持测试进频道https://t.me/gdlusdt9009"
1,"出fb有缘号/INS/领英需要请联系客服@fbhwyl88w2"
1,"数据树大数据，精准定位，主做：dpi采集，sdk抓取，短信验证码拦截棋牌，体育，彩票，期货，网贷，股民，6合等等……全网全行业均可定制，抓取高端品质料，运营商一手指定APP/URL，自建登录接口，充值接口，注册接口等，全网精准抓取，欢迎各位盘口大佬，实力询价！所有业务联系：@ss88765所有业务联系：@ss88765频道：https://t.me/xx88765频道：https://t.me/xx88765数据树大数据，精准定位，主做：dpi采集，sdk抓取，短信验证码拦截棋牌，体育，彩票，期货，网贷，股民，6合等等……全网全行业均可定制，抓取高端品质料，运营商一手指定APP/URL，自建登录接口，充值接口，注册接口等，全网精准抓取，欢迎各位盘口大佬，实力询价！所有业务联系：@ss88765所有业务联系：@ss88765频道：https://t.me/xx88765频道：https://t.me/xx88765小鹿代發點擊聯系"
1,"ho高效率通道洗米不堵车欢迎实力料方来合作*出下浮uzhuanqian22113hjhjoho"
1,"9rHUIFEN长期车找料卡接回，量足接一道点位置顶dadnjkadja9r"
1,"hehuaitithttps://t.me/+Qo8gPtLTtWUwNzZh"
1,"项目：小6QL通过率：手工w出10群需求量：1w价格：22起百23数据：全网独家手工精洗数据0-24中低混龄600活跃百天达人数据扣单：5%（3图申诉必过）虽然只有百五扣单，但也会做到每单有理有据，绝不乱扣，群监控查单每单扣的都有凭有据.拉群：晚上12.50到早上8.交单：早上9.前.结账：晚上11.前.错单率5%1w/10群不是虚假谎言！市场上所有人都在夸大其词，只有这边公开、透明可找我查验当日队伍错单情况、通过情况、天花板数据吊打市场一切百单以上队伍可秒上担保！认准小6唯一：@Zeng00000信誉频道：https://t.me/+pHK1A_Gt8y9jYjc1小鹿代發點擊聯系"
1,"出一手实时数据/渗透/劫持/一手精准sdk/dpi数据源头商，短信验证码劫持（贷款、棋牌、投顾、期货，原油，金融，海外数据、国内币圈）全球地区实时数据，全行业指定APP/域名抓取，欢迎各大盘口老板/中介商，质优价优@dahu2023"
1,"出租钉钉号，钉钉群码，高级号，年检号，普通实名号，一手工作室。欢迎一手盘口对接。服务绝对到位。飞机号：@fei6090业务对接频道https://t.me/+SGzvzuM2QHFhNDRh小鹿代发点击联系"
1,"国内同台，一手U商卡接回U，量大优惠业务：@zhuanyun92"
1,"【白鹿国内外账号资源联盟】TOP1【由海内外百余家号商共同发起组织的全球独家账号联盟，涉及全球各种社交软件账号，等其他资源类产品服务，全部一手供应商价格】国内APP账号微信账号微信企业号微信公众号QQ账号支付宝账号陌陌账号抖音账号快手账号小红书账号知乎账号头条账号百合网账号世纪佳缘账号soul灵魂账号探探账号他趣账号钉钉实名账号百度贴吧账号微博账号蝙蝠账号趣约会账号积目账号花田账号伊对账号珍爱网账号京东账号闲鱼账号淘宝陌陌搜狐58同城拼多多阿里云实名账户腾讯云实名账户华为云实名账户天翼云实名账户海外账号组WhatsApp号Facebook号友缘号instagram号twitter号telegram电报小号协议号Linkedin领英号Discord不和谐号YouTube油管号TikTok号谷歌GV号谷歌邮箱Gmail账户火种账号蓝V定制Wechat海外微信Facebook商城号vpn订阅节点海外苹果ID礼品卡卷三网实名手机卡海外邮箱全球国家APP实卡虚拟卡接码注册短信接码APP手机号注册主频道：@bailufaka主频道：@bailufaka24小时客服；@bailufakabot小鹿代发点击联系"
1,"卖货展示效果不好频道经常忘记更新炒群没有辅助工具群组垃圾信息很多群组被封客户联系不上半夜不在线客户想下单1分钟开个【机器人小店】解决所有！"
1,"(͡ᵔ ͜ʖ͡ᵔ)NIQ精品签名源头一手高效稳定PGR"
1,"马到成功：炒群租QQ要求：2太价格：70不看违规不能炸群解散群下午5-8挂设备隔天晚上9结账联系人：@A89666联系人：@A89666联系人：@A89666https://t.me/kker01小鹿廣告代發點擊這裏聯系頻道上粉"
1,"p8招盗U代理出假U仿U黑U懂的来@Daobi_Pay"
1,"神盘新A不匹配低龄混合手工数据0-25通过爆炸1:10，1w=10群晚1-9拉群，晚11点左右结账价格:24起，100-25有量有价数据群码管够招质量散，质量团！要求能连单保真，成熟团队欢迎合作鸽一次永不合作认准唯一：@xincheng66工作频道:https://t.me/XINCHENG6666小鹿广告代发点击这里联系频道上粉、群拉真人"
1,"xv全网最高价收一类卡大小额-盾卡-公户中介卡主来聊聊价格天花板骗子勿扰@HW521"
1,"【三国】zm日结价格：日结550，隔夜，750，隔天11009点半开始用号，上满4个小时半算全天，上满1个小时半算半天（冻结限制看实际情况）要求：账户不存在任何限制，有实名，有手机号，带三个月流水账单诚信为主，有实力的来，口嗨的勿扰。【三国】zm资源诚信合作共赢！！！客服：【三国】客服-貂蝉@disochan168客服：【三国】客服-吕布@lvbu168财务：【三国】财务-曹阿瞒@caoaman168请认准客服号，财务号，结账找财务！！！群链接：https://t.me/sanguo168https://t.me/SanGuo168"
1,"实力派招商招代理1开云体育代理拉人到台子注册！可拿55%佣金。如客户输100万你拿55万。最高人头费1500！2.模特网红极品美女修车可空降!优质的服务!4.台子包网5.洗钱6.跑分7.安排出国8.天眼手机，银行卡，名字，定位追踪9.微信QQ接码电话卡各种APP出货！靠谱的渠道！信誉的台子！本招商提供私人渠道的辅助代理，实力的招商不多，只缺你前来了！做代理联系@yb146"
1,"微商只收1000数据能出10个群以上的质量团拉稀的不要来联系"
1,"广东车队直收盾卡～手银～公户欢迎实力中介个人来谈买断日租分成勿贪点高价格高，结账稳才是稳联系方式：@ss3316联系方式：@ss3316注：要路费的勿扰诚信经营长期合作廣告投放點此聯係廣告投放點此聯係"
1,"TG王营销工具汇总专注于TG服务，欢迎咨询。TG机器人定制@tgwang888botTG机器人定制@tgwang888botTG机器人定制@tgwang888bot超级多功能详情点击超级多功能详情点击超级多功能详情点击"
1,"全国同台卡接回U接黑白资量大优惠：@ghui563"
1,"717定群拉活人飞机号批发@feizhu08"
1,"Q拉A盘不匹配大量招拉手通过高，扣单少，有效5天价格25欢迎千单团队对接支持担保大小团都收，0-30岁数据，一万通过20个群。基本0扣单，可手工，可通讯录！Q拉认准阿瑶全网无黑历史，账单，对接群可以随便验证。欢迎拉手团队可全力扶持。机房对接支持自建群百分百拉进群有意联系阿瑶@Ayao798跟我肯定稳，不会差拉手一毛钱，不会去乱扣任何人一单，随便验证，不放心可以安排团队过来试单做的就是信誉工作频道：https://t.me/Ayao98"
1,"1.车队接料，大小混，精，刷，色都可以，可担保可直押，咔接回u，实力老板来ui"
1,"ar法人。名下车，房户籍全家https://t.me/+VLjjYZmHvMI5OWVl"
1,"一手车队，承接一切灰资，出干净下浮U白资也可谈！卡接茴U，汇率美丽，卡多量大不堵车！只谈专业和效率，无中介无套路，全国可线下交易，可摆现金交易！欢迎实力金主来谈！！☞☞@Alibaba3325"
1,"数标项目上手简单，计件，多劳多得适合小县城，开工作室项目合作分红，利润28分成员工一天利润100+靠人堆感兴趣直接加未：13512237"
1,"a2大量出u/承接国内资金/黑灰资洗白/国内同台/卡接回u口嗨勿扰/1a2"
1,"一手U商出U，接白灰资(可以验证）"
1,"hw专业收购公户、盾咔、普咔、一类小咔2-3w买断50-100w额度4w-7w买断。公户盾咔15w-35w买断、欢迎咔主咔商来谈"
1,"纯中药治疗心肝皮肺肾，多年慢性阳痿，早谢可治疗断根，品种可查询https://t.me/wangqiaofeng"
1,"（大量出下浮USDT/长期合作的来）咔接回U长期稳定出USDT认准博豪-@BOHAO63"
1,"孔明ZM日结价格：六月账单350一年账单4509点用号上满2小时限制算半天，上满4小时限制算一天！（2半4全）隔天日结担保（根据账单好友定价）招收实力号商.散户.群链接1:https://t.me/Hvgg468对接群2:https://t.me/+RcsdXISXU2A3ZjY1"
1,"福建卡卡上人，落地三包，点位置顶，带资料问价，欢迎中介卡主咨询，骗子勿扰"
1,"106直连通道一手运营商资源，可发三网彩信，短信，固定游戏文案跳转，棋牌，博彩，长期收量，价格美丽，诈骗，钓鱼勿扰，只做游戏类，有需要的老板.t咨询@jh090909公群https://t.me/yaolinglu"
1,"【微信zm】【微信zm】微信账密，实力盘口，没有中间商赚差价微信要求:3个月以上的账单30好友以上，无任何限制单价550到1200（每日一结）隔天可预付欢迎各大号商半途顶号的一律别来唯一上号频道https://t.me/zhangmiyv唯一上号频道https://t.me/zhangmiyv唯一上号频道https://t.me/zhangmiyv客服@yv0724"
1,"盗U招代理！来不？ss"
1,"Weq群呼系统，坐席，短信业务国显国际混显港澳外显独立后台线路稳定可对接okccvosgs等群呼手拨均可充值额度限制可免费测试没有中间商赚差价价格美丽欢迎各大盘口、代理前来咨询另招聘拨打团队有空闲坐席请联系@dianxiaoren1@dianxiaoren频道：https://t.me/dianxiaoren666群组：https://t.me/dianxiaoren888官网：http://www.dianxiaoren.cc/"
1,"联通5G合作商每日稳定收入8000+适合个人创业和团队转型可实地学习考察操作简单想挣钱的加微信：17741218334"
1,"闻道有先后，术业有专攻！2022年搞钱最稳野路子！2022年搞钱最稳野路子！月保三万灰产模式安全无风险！我们是全网最可靠的洗货团队！支持担保！支持同台！挑战全网同行！安全保证！长期稳定！挑战全网骗术！点此进入了解详情点此进入了解详情(https://t.me/+JDBNOadRGnU5NzIx)zuan坧瀻潑，濡婹笩潑點適里"
1,"色魔导航芭蕉视频黄花视频播放器大厂结算稳定官方收量！！！站群，导航，SEO，社群，影视站，小说站，联盟量等等一切流量均可撩实时数据第三方后台，不扣量，不报，不拦，客服24H维护只要你的量真实有效，钱不是问题，假量骗子勿扰，量大可预付！！@chizi666@chizi666"
1,"做百度谷歌灰詞流量"
1,"日活量50w/体育论坛广告位色站约炮包月位置"
1,"世界杯首选投注站"
1,"*重庆本地现金收售u，大小量都收售，送现送u上门"
1,"4y*1实力车队/大量出U/专业洗咪/承接各国黑灰资/可接一道/卡接回u/点位美丽4y*"
1,"yangmaokkkkkkhttps://t.me/+7O04ubDDt_9kMmMxTG博士代发联系"
1,"欧美等多个国家精准数据币圈数据，日韩100%带line料华侨数据百分百精准WS料@qsd987"
1,"ep全网最高价收一类卡大小额-盾卡-公户中介卡主来聊聊价格天花板骗子勿扰@HW521"
1,"神盘不匹配手工0-23低龄精洗高活跃达人数据价格:散23团24-26通过率嘎嘎高！拉群时间：晚上11点30—早晨8点！晚8-10点结账结账方式：支付宝口令u都可错单率:3%放鸽子做假单一律不合作！数据五天有效期，不压数据不压码全网无黑历史！！！提供一切认证！稳定二年多的实力盘口，顶尖的数据，让你每天稳定爆粉！单号过30！0-23低龄男女混合22-26收散户收小团收100单团-1000单团不要拿低龄乱扣不稳定的盘来跟我比谢谢！你那低龄垃圾盘通过高有jb用呢？崩死你去哈哈哈哈全网内卷严重稳定最为重要选对的人做大的事方为人上人加油吧年轻人！对接联系人:@bbqea1124钉钉拉价格:21团22-24晚上11点30-凌晨2点拉群晚9-10点前结账结账方式：支付宝口令u都可假单者勿扰对接联系人:@bbqea1124小鹿廣告代發點擊這裏聯系頻道上粉"
1,"澳门六合一肖中特连准十二期-世界杯爆冷内幕免费领取18元平台下注cai金六合-卡塔尔世界杯吃瓜内幕信息交流，群内免费高清在线直播卡塔尔世界杯，澳门六合-一肖中特连准十二期仅限交流六合-球赛，不允许广告，一起交流干倒狗庄体cai！！骗子，狗推请勿进群！！https://t.me/+Zfui9gKGjNI5ZTJl"
1,"YFC兄弟，你还在飞机上手动群发，引流吗？24小时自动群发，精准引流软件@shuapingwang7"
1,"1.实力车队、承接一道二道、咔接咔咔接回U高效不堵车、可担保/直押，来实力金主合作d8"
1,"gfdafd迣鎅柸朂佳投炷蛧跕、gfdafd渞洊①咟鎹①咟、炷冊凂曊鎹18沅gfdafd炷冊蛧：d9619點comgfdafd飛僟溲：AGZL188"
1,"1.车队承接一二道资金。卡接回卡/咔接回u，汇率美丽，欢迎滴滴yd"
1,".g户.籍手机/实名。轨迹银行卡反https://t.me/+Js6EynWfPAw0N2Zh"
1,"36招盗U代理出假U仿U黑U懂的来@Daobi618"
1,"ZA0!迣鎅柸潗浗鉲yyDWoHM.~}8呱汾芉萭汏奨https://t.me/+8NTENoWUwUkzZDg1"
1,"*##*世界杯钱潮来袭！你的支.付通_道够可靠吗？博创担保，精选全球超过30国通道，招募海外伙伴对接（跑量有限，提前卡位！）备战2022世界杯，最强海外通道就位【亞】：泰国、越南、印度、印尼、日本、菲律宾、巴基斯坦、土耳其、孟加拉、新加坡、香港、马来西亚、哈萨克斯坦【非】：南非、埃及、尼日利亚、加纳、肯尼亚【美】：巴西、哥伦比亚、阿根廷、秘鲁、美国、墨西哥、智利、加拿大、厄瓜多尔、委内瑞拉【欧】：俄罗斯、欧洲错过这一波，你要再等四年！洽谈合作方案@BCDBNB03"
1,"卡卡跑分@Tumi528点击联系https://t.me/+v6EaAk9vW8w4ZWQx诚招各大跑分牛人，团队，代理收付一体模式系统入款手动下发单笔1OOO3OOOO来靠谱的车队代理可走直押可走担保其他勿扰诚招各大跑分牛人，团队，代理一笔一结，本利皆可用于循环跑从事灰产5年无任何黑事迹咨询开户对接是不会收取任何费用一次合作，终生朋友！诚信经营长期合作@Tumi528点击联系https://t.me/+v6EaAk9vW8w4ZWQx太阳帮发广告日发百万频道曾粉群组上真人斜仪号"
1,"闻道有先后，术业有专攻！2022年搞钱最稳野路子！2022年搞钱最稳野路子！月保三万灰产模式安全无风险！我们是全网最可靠的洗货团队！支持担保！支持同台！挑战全网同行！安全保证！长期稳定！挑战全网骗术！点此进入了解详情点此进入了解详情(https://t.me/+JDBNOadRGnU5NzIx)鑽石代發點這裏框框就是發"
1,"hw出假油黑油道油来精聊队伍谈@kejilangdaoUSDT"
1,"b6银行卡反定位全家户个人婚姻https://t.me/+7ezyPRaoijYyNDk1"
1,"fYK24小时全自动裙~发菈~人私~信炒~群采~集筛~号上粉飞机号协议号@zz99u999(骗子火葬场）"
1,"js银行卡反定位全家户个人婚姻https://t.me/+7ezyPRaoijYyNDk1"
1,"w1专业车队接料，卡接回u，承接各种一道二道，欢迎实力金主来谈/支持担保上押，骗子勿扰w1"
1,"UEP专业超级签，app封装，安卓包报毒处理UNN"
1,"出粉 色粉，涩粉，兼职，劫持。，海外，股民，相亲，cpa注册，论坛出广告位"
1,"DKH源头超级签，app封装，安卓包报毒处理ZSD"
1,"bk手机/轨迹开房飞火、记录好友、提https://t.me/+yEt8SyAhV7IyOTk1"
1,"【隔天微信ZM】实力盘口，没有中间商赚差价微信要求:3个月以上的账单20好友以上，无任何限制单个1000，三个以上单个1200欢迎各大号商半途顶号的一律别来求稳懂行实力老板欢迎来谈鸽子嘴炮勿扰谢谢唯一商务群https://t.me/+c6rLGWSrGqwzOGI5唯一商务群https://t.me/+c6rLGWSrGqwzOGI5小鹿廣告代發點擊這裏聯系頻道上粉"
1,"《年底最新创业风口》合作模式，每天收益500+总部一对一扶持，手把手教学无需经验，轻松上手，项目稳定学习，包教、包会、包盈利欢迎咨询合作加V:wpiq-07"
1,"可接各种一二道料，专用车队洗米，可长期合作！"
1,"恒运国际信誉棋牌https://t.me/caifu55555/5—保卡司法冻结48小时包赔，死卡陪5W里面资金算我方绝对放心，不风控！—盘口直出二道归集，沉淀24小时（无三黑）（无混料）—寻大小车队，团队个人皆可，小白客服1对1包教包会—单笔1000-5W，上不封顶，无押金备好第一笔U循环做（一笔一结）—日赚5000—50000+上不封顶每天几千万的量，量多要赚钱加灰机:@sazz9990—点位10-25个点，量大可谈，长期合作可同台可以循环做—流程：财务先给你转款+佣金，你再秒回我U。骗子白嫖请绕道勿扰。—防止黑吃黑，长期可线下同台。诚信合作，拒绝空手套白狼注意凡是要押金都是骗押金的，挣钱不易请勿上当受骗。诚信+长期+合作+安全=共赢，共创美好未来请认准官方唯一灰机账号:@sazz9990"
1,"1.什么料都接，卡足，大车队值得信赖，卡回u...因为专注所以专业，料主金主们洽谈tu"
1,"ztR兄弟来搞！免费教技术，人间正道是沧桑，每天稳打3OOO米，正规搞米，细节来详谈"
1,"犯罪网逃案件详情酒店同住https://t.me/+ttQiU1QatrI0NTQx"
1,"出私人QQ稳定耐艹@qy5888"
1,"固话，全国地区收，全网最高价，可半小时结算，可担保手机口，手机口，全国收，全网最高价，小时结算基站全网找背包侠，按条结算日入8000+日入8000+对接：@danhuang220频道：https://t.me/danhuang0000鉆石廣告代發點這裏代發/上粉/克隆"
1,"站著赚！坐著赚！还是躺著好赚！1、只要你有《安卓手机》《手机银行》无需经验！无需门槛！即刻加入兼职行列！2、不影响生活及工作的兼职机会，稳定月收入最高可达『三五千』以上！只要不关机～钱就赚不停3、软件全自动收付款，无任何套路，初始返利高，最高可达300点。4、随时提现，提现秒到账。5、银行卡整合信誉！来源透明！绝对安全！不需繁杂审核！支持【提现秒到帐】！6、个人及团队均可做，小白可做，手把手带，手把手教。7、详细咨询@ne7cc详细咨询@ne7cc详细咨询@ne7cc网红明星流出视频跳转3z7x.com小鹿代發點擊聯系"
1,"钱庄收U，长期做资产转移换汇高价收U，白资付款/ATM现金存/线下交易可以搬砖可带新人，有汇率差价赚取长期承接外汇资金换现金，全白资兑换U，市场需求大模式安全，无任何风险！欧易交易所有U的直接提供截图·前期小额可以先款尝试每天只需要10-30分钟左右，稳定天收入300-10000+（不封顶])全网最稳项目。加入我们看清广告只收U，不卖U具体业务关注频道以及咨询以下频道财富频道：https://t.me/+DjYVGmoQQSpkNjUx财富频道：https://t.me/+DjYVGmoQQSpkNjUx"
1,"【超越】专业收号，诚信合作！！ZM日结、隔夜！！！长期合作！！！个人散户、小白、号商欢迎随时咨询！！！价格：日结488，隔夜780，隔天1060量多可担保，欢迎长期合作！！！9点开始用号.上满4个小时半算全天.上满1个小时半算半天（限制情况）早上9点至11点半上号！下午4点至晚上12点上隔夜要求：账户不存在任何限制.有实名.有手机号.带三个月账单【超越】诚信！优质！长期合作！！！！群链接:https://t.me/chaoyue123123客服：超越-芽芽【客服】@chaoyueya111客服：超越-豆丁【客服】@chaoyueding111财务结帐：超越-招财猫【财务】@chaoyuemao111咨询请联系客服号！！！！！"
1,"1.车队承接一二道资金。卡接回卡/咔接回u，汇率美丽，欢迎滴滴r3"
1,"外币直通车卡接回U可接美/欧/澳/日/英/香港/台湾/新加坡/比特币等黑资"
1,"梦璐TG最强群发营销软件24小时群发私信代拉活人/手机号代发私信广告大量协议号管够对接客服@mengluTG111"
1,"sRn24小时全自动裙~发菈~人私~信炒~群采~集筛~号上粉飞机号协议号@zz99u999(骗子火葬场）"
1,"出抖音微信支付宝陌陌QQ"
1,"专业团队一手货源棋牌数据棋牌数据体育数据体育数据综合盘数据综合盘数据彩票数据彩票数据六合数据六合数据【1】三网SDK采集活跃【2】联通DPI抓取【3】移动DPI抓取【4】电信DPI抓取————————————————请联系：@cchh7788请联系：@cchh7788请联系：@cchh7788频道：https://t.me/qipaishujuym"
1,"xf实力车队建设一类配两100w额度的卡13w收！建设一类配盾卡20w收！另大量收购50w额度的卡价格天花板、落地三包可预付、嘴炮口嗨勿扰、欢迎中介卡主来谈！！！"
1,"(͡ ͡)qaq专业团队时时在线技术时时更新为您解决任何问题您的安心我们的使命jcZ"
1,"/速度报通过1ab通过8882jose通过53稳稳稳通过804sma通过05太阳通过16李通过27玉通过148李通过29城通过310通过311小玙通过512纪念通过313xiao通过1"
1,"y5MMK一手车队，承诺各种灰白料，卡接回U，骗子勿扰@eujfcbkofdsggfubxdy5"
1,"出数据网贷购物教育学生企业家公积金体育博彩六合股民金融棋牌面单快递劫持"
1,"盘口直招（手工粉）（通讯录）0-35混80-120/高活跃/100+达人『0-20占百分之70加上80-120公认的纯低』爆粉数据（1w/15码）数据有效5天群监控查单，扣单率10%（上下浮动）12.30-8点拉群晚10.30-11.00结算带交单记录两百单秒拉担保价格cloud_with_lightning:『这种数据对应的价格没有高价』------------------------------------PY线目前增量50群散团都收------------------------------------梵王阁唯一对接@fanfan7781@fanfan7781高通高价/高价高通-------------------------------信誉频道https://t.me/fanwanggewudi777（每天更新结账图）不禁言交流群：https://t.me/fanwang888（打广告永久封禁）小鹿代發點擊聯系"
1,"诚信经营长期合作高价收普卡小额度卡一类卡公户信用卡盾骗票绕道路费三包联系方式:@clw26888欢迎卡商、中介、卡主来洽谈。诚信经营长期合作2。"
1,"出轨抓小三https://t.me/srtg000111联系我"
1,"【微信zm】【微信zm】日结账密，实力盘口，没有中间商赚差价要求:1-3个月账单5好友以上，无任何限制单价480预付240量大谈价有专属上号群，号多安排华子红牛可担保可观察，来了都是兄弟朋友，不踩不摆架子给各位一个安稳的地方欢迎各大号商散户可培养半途顶号的一律别来唯一上号频道https://t.me/+ROoDtjYY_MswNDll唯一上号频道https://t.me/+ROoDtjYY_MswNDll唯一上号频道https://t.me/+ROoDtjYY_MswNDll客服@lidelide1广告代发点这里"
1,"美团，大众点评商家团购差评可以解决的来@fenghuo1rich"
1,"iB]}3X@V%ZcZ-https://t.me/+HCjTUfm1nlk1YWI1"
1,"1.bc实力车队、承接一道二道、咔接咔咔接回U高效不堵车、可担保/直押，来实力金主合作bc"
1,"一手U商，线下同台，卡接回U，量大优惠诚心交易的来：@ghui563"
1,"联通正规流量卡，免费送，29元143g，39元203g"
1,"话术单盘口直招单价28通过率百分之50-70诚招成熟靠谱负责有能力的团队录屏简单下午回访一次晚上录制拉黑删除结算稳定账单可查成熟靠谱无限来带上交单记录联系人：@xiaoyu3510对接群：https://t.me/+uzazmvuhJNFmMWI1小鹿廣告代發點擊這裏聯系頻道上粉"
1,"项目名称：元宝ZM（全天上号）日结：480|隔夜：650好友10，2个月账单以上号无违规，可解冻联系的到人以上达到要求的来上号不要问有没有位置无限上速度来上号客服：@abh55599唯一上号频道https://t.me/WDGREEN"
1,"学生少女私密群@xinxin133学生少女私密群@xinxin133学生少女私密群@xinxin133！！！！！！！！！！"
1,"棋牌跑分业务免押（卡接回U)死卡包陪不要押金，公司先打款匿名交易安全保障接回U模式点位百分之10-20量大可谈棋牌归集料已沉淀24小时，包司法防止黑吃黑个人单做也可以加入一起赚钱（共赢原则)收米方式多样微信支付宝银行卡都可冻结包赔，死卡赔三万，放心做赚钱的时候别矫情、花钱的时候别磨叽人间清醒，努力搞钱诚信合作，骗子勿扰此号不回复欢迎咨询➷@caiyuang177790670"
1,"攻击VS防御老牌实力攻击小组，承接攻击项目合作攻击：ddos攻击-cc攻击-渗透入侵防御：攻击防护-安全防护-防御测试联系飞机：@WUYINGZHEhttps://t.me/WUYINGZHE小鹿代發點擊聯系"
1,"yangmaokkkkkkhttps://t.me/+cfhiWPHmtYxlNTlh"
1,"8e支持国内同台卡接回油量大稳定可承接一二道ttnx668业务请联系8e"
1,"PHW超级签名，长期稳定，冰点价格GXE"
1,"cay稳定源头超级签技术永创新服务无止境Iuu"
1,"学生妹包天20张良家包夜500学生妹200一次双胞胎双飞700米"
1,"rq招盗U代理出假U仿U黑U懂的来@Daobi_Pay"
1,"3y*1实力车队/大量出U/专业洗咪/承接各国黑灰资/可接一道/卡接回u/点位美丽3y*"
1,"xiaohu222https://t.me/+gEuDRYeStHRkNDkx"
1,"离剑四方系统，全新系统多功能24小时服务响应。系统已经稳定运营超过2年，遇到的问题，都可以联系我们解决。安全稳定长期运行超强加密全新系统一体化管理舒心服务值得您选择！费用：前5天系统费全免！搭建费720u/月包服务器提供服务器+CDN高防耐打不用担心攻击问题！有需要请联系：@LiJianKe离剑四方系统主群//t.me/LiJianPay离剑四方系统主频道//t.me/LiJian_Pay模版与市场四方不同，安全运营2年，特色功能专属设计等需要注意.同一个通道接过一次后，通道不换新系统情况下。如果接通道，系统里面修改编号，就可以了，新增已接通道也可以你自己配置！换密钥ip网关也是你自己配置！=太阳帮发广告日发百万频道曾粉群组上真人斜仪号"
1,"风里雨里，开云等你@huai941"
1,"有喜欢撸的小哥哥找我啊"
1,"本广告由小智精准代发需要代发请联系@xzdf888稳定项目小白当天可上手，简单易学，包教包会单日利润800到不封顶来靠谱的兄弟从事灰产5年无任何黑事迹一次合作，终生朋友！诚信经营长期合作https://t.me/+a8W57ZS2EoplZjhh"
1,"偏门国外橡木专注国外橡木10年！自营10年！橡木一：单日利润1000+橡木二:单日利润3000+橡木支持线上和实地考察学习现场学习操作产出收益技术一对一教学包学会合作+V：③⑦⑤⑥①②③⑥"
1,"招̶大̶混✪汇̶率̶11.6"
1,"1.车队承接一二道资金。卡接回卡/咔接回u，汇率美丽，欢迎滴滴ru"
1,"火麒麟盘直招账密号商支持试水账密要求实名好友5-15注册15-30t可以解冻最好可以解封价格接受：450-550价格置顶扶持散团盘口直招无中间商赚差价位置：200+担保预付微信吵群群拖要求：一个月活跃账单实名无限制上号客服：@kql001kf结账财务：@hql5777群链接：https://t.me/hql577zuan坧瀻潑，濡婹笩潑點適里"
1,"≧◠ᴥ◠≦RRC找核销电费石化石油卡密话费出沃尔玛卡京东e卡油卡话费卡折扣美丽全国可充OQY"
1,"看我名看我名看我名看我名看我名KEI"
1,"bkbBC.qp.ty电.销线路.系统.港澳.国.收量.价格低.质量好.专业电.销团队客服.仔细:【@vos818】kdh"
1,"互联网公司成立六年，日收入最低300-1500+咨询\/：18503258571手机电脑操作！"
1,"BC，混-料，常规，咔接回咔，咔接回U三方，保时，保量实力车队来@TY5790"
1,"学生少女私密群@xinxin133学生少女私密群@xinxin133学生少女私密群@xinxin133!!!!!!!!!!!!"
1,"GTNTG群发软件TG群发软件TG群发软件TG群发软件TG群发软件CDO"
1,"队收卡主同台.1类普咔、信咔、盾、公户、可专群预付安全无忧结账快包吃住车费骗子绕道"
1,"APP拉新实验室踏实做单人每日1000+适合宝妈、学生、个人和团队工作室感兴趣的兄弟赶快来上车，当天带你起飞微信15762952795"
1,"【大鱼】zm日结价格：日结500，隔夜700，隔天10509点用号.上满4个小时半算全天.上满1个小时半算半天（限制情况）早上9点至11点半上号！下午4点至晚上12点上隔夜可隔天可日结可担保要求：账户不存在任何限制.有实名.有手机号.带三个月账单招收诚信实力号商.个人散户.小白可咨询！【大鱼】zm资源诚信合作客服：【大鱼】客服-小湫@xiaoqiu168客服：【大鱼】客服-鹿神@lushen168财务结帐：【大鱼】财务-灵婆@lingpo168请认准客服号！！！群链接：https://t.me/DaYu16088{钻石广告代发点这里【代发/上粉/克隆】"
1,"长乐ZM价格：日结630（14.00前日结）隔天1430隔夜补60号主本人实名可随时人脸解冻要求：半年账单以上，好友20+无限制，实名认证，可解冻解冻时间60分钟（解不开不结算，限制频繁除外）统一结账时间晚上十点结账十点半下号对接群（1）https://t.me/CLzm777v对接群（2）https://t.me/+CDRMlq6yAtsxNmZh"
1,"┏━━┯━━┯━━┯━━┓┃广│告│代│发┃┃软│件│测│试┃┗━━┷━━┷━━┷━@dgtg8"
1,"南方地区同台出u，量大下浮，咔接回u：@XIN1808"
1,"OPY防红链接，处理报毒，价格美丽，源头超级签，封装appOKS"
1,"xr车队洗米出u，一二道可全国同台点位美丽qianiqaniqan6457hdbxhxr"
1,"、&身份使用轨迹手机轨迹全户https://t.me/+Q_F_ekUxWLw1YjAx"
1,"1.实力车队、s4承接各种一道二道，卡接回U/寻长期料主卡足不堵车/可担保/直押卸货专业/点位美丽s4"
1,"赚钱私我，万人大频，贼鸡吧稳"
1,"印度巴西印尼越南泰国尼日菲律宾马来巴西墨西哥哥伦比亚厄瓜多尔等多国代收付D0结算，实时回U，安全稳定"
1,"fj专业车队接料，卡接回u，承接各种一道二道，欢迎实力金主来谈/支持担保上押，骗子勿扰fj"
1,"jj招盗U代理出假U仿U黑U懂的来@Daobi520"
1,"专注菲律宾代收付成功率高，d0下发，全部盘可接，可接四方需要的滴滴"
1,"TG自动营销引流软件群-发拉-人私-信炒-群监-听协议号批发代筛手机开通机器人定制代开会员代发私信0.2/条拉手机号0.4/个免费试用私聊联系"
1,"实力车队、承接各种一道二道，卡接回U寻长期料主卡足不堵车/可担保/直押卸货专业1y点位美丽1y"
1,"pgMMK老李车队，承诺各种灰白料，可接一道二道，骗子勿FHOPThcdrTHFBNpg"
1,"*o55%的超高返佣比多重扶持寻找合作伙伴有意滴滴我"
1,"全球短信&电销线路：内容出海支持200+个国家，主力：内地、台湾、巴基斯坦、肯尼亚、菲律宾、墨西哥、孟加拉、尼日利亚等（东南亚、南美洲、欧洲）价格低，转化高，全球OTP。云服务器。空号检测。请联系我1818"
1,"vt法人公司名下车全家/户https://t.me/+ACHNzjElMRQzNzMx"
1,"方圆人事直招+本人在公司上班客服、出入款：7000-11000满勤奖每月绩效2000（第二个月加）组长：10000-12000满勤奖每月绩效3000（第二个月加）人事10000人民币底薪每个月四个任务超群组6000-8000人民币底薪奖金5000-8000人民币网管1名工资面谈有经验的优先开发8000+高提成接待8000+高提成维护8000＋高提成70万以下--------------百分之670万-110万（含110万）百分之7110万-150万（含150万）百分之8+1150万-200万（含200万）百分之9+1200万-300万（含300万）百分之11+1300万-500万（含500万）百分之13+1500万以上--------------百分之15+1当月业绩超过111万提成点为额外增加百分之170-200万公司免减30万资源费。200万以上资源费全免地址：水沟谷亚太城飞机：@wen70012"
1,"寻找内部人士合作比如在，公安，银行，快递，这些单位上班的过来对接查档业务！！！查档批量业务源头接单范围业务↓↓↓↓↓↓查法人，人脸识别，三网名下号，白底个户，银行流水，开房，同住，人鬼，大关联，机主，司法冻结，等业务。有需要咨询@DF_DAK"
1,"兄弟快来搞钱啦！免费收徒招人教抖音脚本挂机引流技术，日赚3000米稳打稳收，你我比例分成合作共赢，有执行力速度来详谈@BN63L兄弟快来搞钱啦！免费收徒招人教抖音脚本挂机引流技术，日赚3000米稳打稳收，你我比例分成合作共赢，有执行力速度来详谈@BN63L兄弟快来搞钱啦！免费收徒招人教抖音脚本挂机引流技术，日赚3000米稳打稳收，你我比例分成合作共赢，有执行力速度来详谈@BN63L兄弟快来搞钱啦！免费收徒招人教抖音脚本挂机引流技术，日赚3000米稳打稳收，你我比例分成合作共赢，有执行力速度来详谈@BN63L"
1,"shujuwang8https://t.me/+yutCTbWYmY8zYTlhTG-博士专业广告代发"
1,"诚信号商专业facebook：FB本土耐用号，广告号，有缘号，白号等！！！推特，IG，TikTok，领英，邮箱，TG，GV，实卡ws，全球接码！！！一手号商自做fb，高质量耐用老号。咨询客服：@Yezi0625"
1,"﻿﻿不割韭菜项目全国就近考察纯挂机项目魔兽养号一手源头个人月收入3～6w可批量放到工作室。30～60万咨询V：15636311769"
1,"﻿三大运营商项目利润稳定收益利润稳定6K+支持线上，线下双教学模式适合个人创业和团队转型长期稳定，小白可操作咨询V：fgyhks556"
1,"驸马微信zm对接-日结价格日结：450上号时间：早上700上号当天结下午1800提前上号挂设备（提前挂设备补80过夜费）可续可担保要求：五月账单以上，好友20+无限制，实名认证，绑定手机号临时限制补80，结账时间统一20：30结账，22:00下号唯一对接群：https://t.me/FMZM7749信誉频道：https://t.me/FMxyPD[{钻石代发广告代发点这里"
1,"yJW兄弟来搞！免费教技术，人间正道是沧桑，每天稳打3OOO米，正规搞米，细节来详谈"
1,"g5专业车队接料，卡接回u，承接各种一道二道，欢迎实力金主来谈/支持担保上押，骗子勿扰g5"
1,"营业厅香木日收入8K以上可以个人，可以公司，无线放大邀请同行有人脉的合作咨询微xjkLo147"
1,"1.实力车队、hj承接各种一道二道，卡接回U/寻长期料主卡足不堵车/可担保/直押卸货专业/点位美丽hj"
1,"pc白号200正常号就行早9开始上晚10.30下号结日结帐密300三个月账单好友10以上隔天帐密650三个月活跃账单好友30以上上号频道：https://t.me/yl8ux2B7fHBmOGM1上号频道：https://t.me/yl8ux2B7fHBmOGM1上号频道：https://t.me/yl8ux2B7fHBmOGM1上号TG：https://t.me/xx888999a小鹿廣告代發點擊這裏聯系頻道上粉"
1,"63棋牌官方频道请点击这里https://t.me/u888885963棋牌世界排名第一最信誉的娱乐平台口碑平台万炮捕鱼九线拉王（每天无数百万大奖）多彩多福（每天无数百万大奖）百人牛牛龙虎斗水浒传（每天无数百万大奖）各类休闲游戏应有尽有！不好玩您来砍我平台回馈玩家每天爆分爆到手软激情无限U上还有更多福利等您来哟十年63信誉第一欢迎各路大神前来咨询与开心快活！！！唯一客服VX:u8888859咨询客服：@a888863VX咨询客服：u8888859QQ咨询客服:304646214863官方频道请点击这里https://t.me/u8888859小鹿廣告代發點擊這裏聯系頻道上粉"
1,"fg车队长期收常规，混料，1道2道资金，咔接回u，可担保/直押，诚信金主来谈fg"
1,"hl6一手车队大量出U卡接回U承接各种资金专业洗米卸货寻实力伙伴hl"
1,"bp/大量出U，价格美丽/黑白资洗白/咔接回U/国内同台/可接一道欢迎实力料主中介来谈bp"
1,"来YY交流我身边的骚货，玩的私"
1,"yx高效率通道洗米不堵车欢迎实力料方来合作*出下浮uggdhdbyyyyvdgdnmm8079yx"
1,"商城跑分，质量保证，本金200即可接单，先预付后回款『本金』无限循环不扣押量稳料纯，接单快，效率高，一天无上限在家操作即可，兼职/宝妈/学生都可上手，日赚1000+，小白可教，有兴趣可详谈@Weg1122"
1,"1.车队承接料，常规，大混，精，刷等/可担保可直押，咔接回U，实力老板来ve"
1,"专业出U/可接嘿白资/国内同台/咔接回U/欢迎有实力的老板和中间人，可长期认准博豪：@BH36130"
1,"SSCt0收料一至三道各类灰产资金，下浮u需要的来谈kokokikippllfffd64845nt0"
1,"八面佛源头高质量精准全行业数据 实时抓取综合彩票棋牌体育男性纯女所有数据均一手抓取诚信做事以质量诚信基础广聚长久合作源头数据 所以无差价  可指定app    指定网站     提取数据     只做质量联系：@BMFshuju频道：https://t.me/BMFshuju2八面佛源头高质量精准全行业数据 实时抓取综合彩票棋牌体育男性纯女所有数据均一手抓取诚信做事以质量诚信基础广聚长久合作源头数据 所以无差价  可指定app    指定网站     提取数据     只做质量联系：@BMFshuju频道：https://t.me/BMFshuju2小鹿廣告代發點擊這裏聯系頻道上粉"
1,"7h*1大量出欧美下浮U专业洗咪接一二道长期接白资和黑资点位美丽7h*"
1,"p1车队长期收常规，混料，1道2道资金，咔接回u，可担保/直押，诚信金主来谈p1"
1,"lb车队长期收常规，混料，1道2道资金，咔接回u，可担保/直押，诚信金主来谈lb"
1,"圊号商工作室出售微信、支付宝、QQ、抖音、快手、陌陌、灵魂、小红书、出粉、解封、代付微信微信满月实名带圈精养号:220微信三月实名带圈带账单号:350微信半年实名带圈带账单号:420微信一年实名带圈带账单号:520微信两年实名带圈带账单号:650微信三年实名带圈带账单号:800接码注册接码注册：10个起/45接码注册：20个起/40接码注册：50个起/35探探满月已实名:160半年已实名:200一年已实名:260企业微信企业微信绿标子号:420国企-万人绿子号:1000企业微信绿标主号:1200企业微信绿主（老号):2500红标实名主号:400钉钉满月双认证:200半年双认证:320一年双认证:420whatsappws半年老号:180ws一年老号:230ws两年老号:300ws三年老号:440陌陌实名男10-19级=140实名男20-29级=170实名男30-39级=210实名男40-49级=260实名女10-19级=160实名女20-29级=190实名女30-39级=240快手快手半年实名号:180快手一年实名号:240快手私人千粉号:240快手私人万粉号:500支付宝直登V3支付宝:220(9天找回)直登V3老龄支付宝:350(永不找回)直登V3老龄私人支付宝:450(永不找回)企业支付宝主号:1000企业支付宝子号:500抖音满月实名号:170半年实名号:230一年实名号:280千粉私人号:230万粉私人号:500sou灵魂满月实名:160半年实名:200一年实名:280小红书小红书半年实名:180小红书一年实名:240小红书千粉实名:260小红书万粉实名:500直登单太直登:45米双太直登:55米三太直登:68米Q私人换绑私人:160米私人:180米私人:260私人:450米另接解封一条龙（十分钟解好）手肌咔厅卡出售三网石名手几咔：350米三网石名手几咔：350米收U代收代付Telegram直登号-协议号指定群组-频道-拉人-刷粉代付全天在线秒回@Qinglugongzuoshi全天在线秒回@Qinglugongzuoshi全天在线秒回@Qinglugongzuoshi小鹿广告代发点击这里联系频道上粉、群拉真人"
1,"出自媒体快手、抖音精准骨民，可直流可截流，实力甲方来"
1,"短信群发推广（免费测试）联通/移动有量三网可发网贷，色播，棋牌，约炮，p2p，快递，抖音，彩票，淘客等24小时不间断发送到达92%不好用不收钱！需要请联系@duozhu01"
1,"体育粉.色站包月.体育论坛广告位"
1,"&4定位轨迹。银行.、.流水。好友。提取。户籍https://t.me/+yYnJKcQa9gkwZTI1"
1,"(͡ ͡)TKC批发猳U高坊USDT盜U代哩YWJ"
1,"AG最佳运营商尊龙凯时(https://t.me/AG866)55%招代理头号玩家活动，赢取10000000豪礼。活动详情：@dushenzhiye代理介绍代理睡觉都赚钱注册送18，首存100送100，最高送8888一倍水，复存三倍水不限制游戏【品牌地位】百家乐综合平台行业第一！全市场唯一当天可以无限出款，有大客能留的住。全市场平台都有ag真人这款产品，基数高，便于发展客户。佣金比例全行业最真实！保证赚到的每一分钱，都能拿到手。期待您的加入!赚多少都有可能！官方招商联系子龙:@zl866官方频道：@AG866期待您的加入!赚多少都有可能！官方招商联系子龙:@zl866官方频道：@AG866小鹿代發點擊聯系"
1,"pvYUAN接料系咪长期出下浮U不吭，不骗jdkdbn6312pv"
1,"1.实力车队、承接一道二道、咔接咔咔接回U高效不堵车、可担保/直押，来实力金主合作q0"
1,"实力甲方，找电。肖"
1,"53婚姻机主信息开房好友提https://t.me/+_nh1Mo1mtXE5NWZl53"
1,"N料主找车队.保时.保量.保司法-点位天花板诚意来谈Z"
1,"TG全功能营销软件-引流必备神器群发采集私信拉人炒群代筛TG活跃用户代拉活人（用户名/手机号）代发私信（用户名/手机号）群组/频道刷僵尸粉机器人定制（监听，记账，群管）联系客服@ddgzs0003协议号自助售卖机器人点击复制搜索ddxieyihao_bot官方业务频道点击复制搜索dingdang11118"
1,"8y招盗U代理出假U仿U黑U懂的来@Daobi_Pay"
1,"106彩信群发渠道稳定，达到率高！！棋牌体育综合，每日出量千万三网可发，量大优惠，价格美丽绝对一手，诚信经营，100%不扣量，不作假老板们发大财，大吉大利欢迎大佬前来咨询！https://t.me/qptg106小鹿代发点击联系"
1," 7o招盗U代理出假U仿U黑U懂的来@Daobi520"
1,"神盘新A不匹配低龄混合手工数据0-25通过爆炸1:10，1w=10群晚1-9拉群，晚11点左右结账价格:24起，100-25有量有价数据群码管够招质量散，质量团！要求能连单保真，成熟团队欢迎合作鸽一次永不合作认准唯一：@xincheng66工作频道:https://t.me/XINCHENG6666彩꯭꯭票꯭꯭丨꯭꯭博꯭꯭彩꯭꯭丨꯭꯭盗꯭꯭U꯭꯭丨꯭꯭期꯭꯭货꯭꯭丨꯭꯭区꯭꯭块꯭꯭链꯭꯭丨꯭꯭资꯭꯭金꯭꯭盘꯭꯭丨꯭꯭股꯭꯭票꯭꯭丨꯭꯭交꯭꯭易꯭꯭所꯭꯭꯭꯭|꯭꯭꯭꯭抢꯭꯭单꯭꯭꯭꯭等꯭꯭各꯭꯭种꯭꯭系꯭꯭统꯭꯭꯭꯭开꯭꯭发꯭꯭定꯭꯭制꯭꯭联꯭꯭系꯭@dajianapp888"
1,"棋牌跑分业务免押（卡接回U)死卡包陪不要押金，公司先打款匿名交易安全保障接回U模式点位百分之10-20量大可谈棋牌归集料已沉淀24小时，包司法防止黑吃黑个人单做也可以加入一起赚钱（共赢原则)收米方式多样微信支付宝银行卡都可冻结包赔，死卡赔三万，放心做赚钱的时候别矫情、花钱的时候别磨叽人间清醒，努力搞钱诚信合作，骗子勿扰此号不回复欢迎咨询➷@caiyuang177320137"
1,"l5专业车队接料，卡接回u，承接各种一道二道，欢迎实力金主来谈/支持担保上押，骗子勿扰l5"
1,"手机电话业务一个小时300（日结）"
1,"收银行卡信用卡盾卡公户价格置顶实力卡商中介卡主来谈待遇优势联系方式:@HCTX686联系方式:@HCTX686车队直收，结帐稳如老狗小牛•诚信经营长期合作；p"
1,"1.什么料都接，卡足，大车队值得信赖，卡回u...因为专注所以专业，料主金主们洽谈2d"
1,"fwqc88https://t.me/+sYIy0tuLaWUzMjExDrTG岱發全天24小时推送需要代发请点击这里"
1,"买U找我，稳定大量快速回，。线下同台详情咨询"
1,"a%身份使用轨迹手机轨迹全户https://t.me/+Q_F_ekUxWLw1YjAx"
1,"出粉  色粉 抖+粉 兼职交友体育股民CPA劫持站街 数据 出U可上第三方"
1,"≧◉ᴥ◉≦YVN可空放，咔接咔咔接回U一道二道，车队滴滴EXD"
1,"出六合体育站街粉cpa兼职豆荚股民粉六合粉"
1,"k，身份使用轨迹手机轨迹全户https://t.me/+Q_F_ekUxWLw1YjAx"
1,"新媒体自运行橡木新手小白易上手，散户可带非常适合工作室团队规模孵化日1600+可放大化操作全程指导上手联系：@wei2588"
1,"世界杯爆冷内幕免费领取18元平台下注cai金卡塔尔世界杯吃瓜内幕信息交流，澳门六合-一肖中特连准十二期仅限交流六合-球赛，无广告，一起交流干倒狗庄体菜！！https://t.me/+QpNgzC2WsyM1YzI9"
1,"RM11-12扫码群https://t.me/+xp4w_IVs3vJkZGQ9结账秒结"
1,"qxuexinhttps://t.me/+ZUlOJ2AOaKo1OWZhTG博士廣告投放點此聯係"
1,"专业车队洗米，咔接回U各种车接各类一二道料，长期合作！"
1,"rm*1大量出u/专业洗米/卡接回u/可接一道/无视黑白/点位美丽rm*"
1,"直出体育粉量广告位出租流量跳转"
1,"泉州风味牛排馆招牌黄焖牛排，广式萝卜牛腩，闽味腐竹牛腩，番茄牛腩，糖醋排骨，白灼时蔬，主食：闽南芥菜饭，白米饭，卤料：洪赖鸡爪，鸭掌，鸭头，鸭脖，翅尖，鸡脚筋，腐竹，海带，藕片，土豆片，豆干，靓汤：玉米排骨汤，高丽参猪心汤，闽南牛杂汤，闽南牛肉羹汤。铁板烧：鱿鱼须，章鱼足，章鱼须，鸡皮，鸡胗，肥肠，千叶豆腐，牛肉，五花肉，可提前一天预定炖汤：牛鞭炖鸭，霸王别姬，等各种菜品，地址孟波半岛酒店一楼4号：+959652648537：+959404013973营业时间：上午10点～凌晨4点"
1,"中国网络专线抖音可上dF"
1,"4b开房/银行卡/状态婚姻好友提https://t.me/+WG2J0Q2-tIkzYTRl"
1,"长期稳定收量 彩꯭꯭票꯭꯭丨꯭꯭博꯭꯭彩꯭꯭丨꯭꯭盗꯭꯭U꯭꯭丨꯭꯭期꯭꯭货꯭꯭丨꯭꯭区꯭꯭块꯭꯭链꯭꯭丨꯭꯭资꯭꯭金꯭꯭盘꯭꯭丨꯭꯭股꯭꯭票꯭꯭丨꯭꯭交꯭꯭易꯭꯭所꯭꯭꯭꯭|꯭꯭꯭꯭抢꯭꯭单꯭꯭꯭꯭等꯭꯭各꯭꯭种꯭꯭系꯭꯭统꯭꯭꯭꯭开꯭꯭发꯭꯭定꯭꯭制꯭꯭联꯭꯭系꯭@dajianapp888"
1,"EUV实力料主寻找寻找销油咔电费帮充全国可充有诚意私聊PUP"
1,"sls过年想装B的看过来：保底日入2W不是梦，白嫖勿扰，@ss1122y"
1,"1.pk实力车队、承接一道二道、咔接咔咔接回U高效不堵车、可担保/直押，来实力金主合作pk"
1,"4d头长期收各种一类咔，盾咔，公户，是咔就行，无视额度一张2w起，菠菜5点，精料10点，ab12点，保量保司法，落地三包，欢迎咔主咔商来谈"
1,"实力派招商招代理1开云体育代理拉人到台子注册！可拿55%佣金。如客户输100万你拿55万。最高人头费1500！2.模特网红极品美女修车可空降!优质的服务!4.台子包网5.洗钱6.跑分7.安排出国8.天眼手机，银行卡，名字，定位追踪9.微信QQ接码电话卡各种APP出货！10.可提供数据电话渠道，电销，短信都可以！靠谱的渠道！信誉的台子！本招商提供私人渠道的辅助代理，实力的招商不多，只缺你前来了！做代理联系@yb146"
1,"大平台买U卖U安全可靠，私聊详情@yirong5"
1,"全国同台卡接回U接黑白资量大优惠：@ww6099"
1,"钉钉（23，别嫌低，钉钉现在谁有数据谁是爹）DD预约对接群https://t.me/+4GJq-mcq8Nw0YWY1Q拉高通匹配扶持24固定老盘直招Q拉匹配24固定价格数据类型：百天达人精洗数据单价：24拉群：0000结账：22:00（账不隔夜）（口令支付宝）（欧易）扣单：3-8%不乱扣暗扣群监控查单对接方式：试单群大小团综合对接群数据有效：4天刷子挖子假勿扰来了也是挨骂数据群码一个不压要多少有多少不浪费优先不跑单无乱扣暗扣情况结账稳定处理事情成熟且速度不会像新团一样遇到事情一律不管欢迎各位老板来试单来质量散大小团对接：@shierwudi工作记录：https://t.me/+U-pWpgti_xA5OGY1小鹿廣告代發點擊這裏聯系頻道上粉"
1,"最新暴利项目：日赚一万以上网络百家乐包赢外挂软件：渗透网站后台，提前知道开奖结果，可以免费先测试，咨询飞机：@a13146878龙虎外挂，彩票外挂，棋牌外挂等等网络博彩外挂，合作共赢麻将机遥控器，透视隐形眼镜等等各种赌博出千工具，可以见面交易小白可教，简单上手，天天搞到钱诚招代理，月收入最少五万以上如果你正苦恼没有赚钱路子请看过来搞钱入口请加飞机：@a314068搞钱入口请加飞机：@a13146878"
1,"XJS土耳其《号码检测》免费活跃号段生成，检测有效活跃。可定向筛WSskypesignalViberZalolinebotim等APP活跃用户商务接待@jcwg998ZFC"
1,"有新项目简单易操作日赚500以上小白可教有兴趣来"
1,"数标项目上手简单，计件，多劳多得适合小县城，开工作室项目合作分红，利润28分成员工一天利润300+靠人堆了解不吃亏V：13512237"
1,"@CV1123学生裸体鉴赏私密群https://t.me/+uoC2IeVBzKkzMDZh"
1,"7y招盗U代理出假U仿U黑U懂的来@Daobi_Pay"
1,"≧◠ᴥ◠≦GKU全网最低价超级签封装报毒处理价格美丽招代理SUW"
1,"1wMMK实力车队，承诺各种灰白料，可接一道二道，骗子勿knhgrryuolfe1w"
1,"专业洗米，大量售U，咔接回U全国可操作，可接一二道料，长期合作！"
1,"盛亿科技互联橡木介绍施罗德方舟卦机橡木正规项目合作互赢项目合作分层模式先赚钱后补票可实时考察橡木公司自营百台机房有意向可落地考察可↓↓↓VVV:Sykjtq"
1,"专注APP推广6年，稳定运营！正规长期稳定项目招城市合伙人！帮助各大知名平台推广增加用户量。公司稳定运营6年纯绿色正规项目日收入1000以上详情加V：Ldck2077"
1,"1cWQE出下浮u承接各种一道二道，卡接回，同台Fengxingtxia1c"
1,"1.专业车队接料，招一道二道常规/大混料主卡U车卸货专业点位美丽可担保/可直押/大小车都欢迎洽谈谈好立马开9y"
1,"e8TRVN大车找料卡接回U，接一道点位美丽liuhuandadsdsde8"
1,"『凤蝶商城』APP跑分老平台专业跑卡：个人卡回卡跑分，正规菠菜盘，内层纯料无混，信誉老盘包私法。本金循环不扣押金，量大稳定。除基本佣金，晚上加成0.2%-0.5%额外奖励。最低充值和收款单笔金额500-50000，本金500可开跑。平台可提供网络商城交易流水明细。双向实名认证杜绝黑资料，账号二次密码，资金安全有保障。单独TG事物处理群对接服务诚招代理、车队、团队、个人咨询加入，无限下级代理裂变模式！飞机：@Mk33799小鹿代发点击联系"
1,"九尾日结账密群（全天上号，有位置就能上总150位置）日结：320隔夜：450要求：最低三月账单，流水账单最少一个月，绑定号主本人实名认证和手机号（上号后预留对接人在联系号码）（确保在冻结时可及时解冻）临时限制补80费用，全天无补永久限制补一个号钱（永久限制在全天在情况下也生效）每晚2000前结账，未报账漏账第二天晚上补以上为客服：@jiuwei11唯一对接群：https://t.me/+tYKXS32Z4uhlZmY0"
1,"久别v推推码（招收团散）单价420起【精洗数据高通过】单价420起【精洗数据高通过】单价420起【精洗数据高通过】单价420起【精洗数据高通过】单价420起【精洗数据高通过】有梯价10＋10＿＿＿＿＿＿＿＿＿＿＿＿＿＿＿＿＿客服码稳定对接群：https://t.me/jiubietuima888频道：https://t.me/jiubie666对接人：@jiubie888稳定10单的团长可以找我谈价格可扶持有质量的有上进心的不卡一切不卡一切不卡一切重要的事情说三遍来质量团（散户）不黑不扣zmpc260起详谈联系@jiubie888＿＿＿＿＿＿＿＿＿＿＿＿＿＿＿＿＿＿q拉22起详谈联系@jiubie888－－－－－－－－－－－－－－－－－钉钉群20小白可交简单易学详谈联系@jiubie888支持担保支持担保＿＿＿＿＿＿＿＿＿＿＿＿＿＿＿＿＿＿鑽石代發點這裏框框就是發"
1,"尊龙凯时报奖期后台好多大哥每天打到半夜是真赚啊目前是进场嬴厚3的最佳时期，老玩家都懂新人注册就送元，满水可提现，每日不限量首存送，倍水，不限制提款金额■支持：支宝，微，银卡USDT充10分钟到账大玩家首选！客服找：https://t.me/+tqAQ8LABoNkwZGQ1网：d9621点com"
1,"公司直收棋牌，综合，配资，数据，量大，有实力可保证质量的来，另寻卡发，seo排名技术，渗透技术，量大，有实力，可测试的来，联系：@coco588"
1,"CBF同台免押模式加我主号飞机@Te9990欢迎咨询TYIYMM业务1：AB模式AB模式无视任何银行ab模式最低要求20-20均卡8成以上基本打满，冻钱冻卡里面剩余金额不计入流水。盗刷。抢劫。挂失。跑过。第一笔钱进秒冻。全部不结佣金大量上人，不堵车，做完秒结账欢迎各位实力卡商来合作，你只管发资料，我负责秒票，被骗无需你负责。年底买车又买房业务2:大量收卡、盾无视银行无视公私户业务3:建设银行无视额度B卡拉满。业务4：各种盾来问价格换钱工商、中国、邮政、广发、浦发、平安、光大、华夏、上海、桂林、兰州、青岛。以上盾业务5：中国银行、光大银行、上海银行、邮政银行、招商银行、平安银行、华夏银行。以上公户业务6：内蒙古农村信用社价格面议辽宁农村信用社价格面议山西农村信用社价格面议吉林农村信用社价格面议其他农村信用社80000起业务7：AA模式。单卡当天转账额度20.50.100的普卡基本跑满。速度来赚钱100手银买断2万50手银买断12000信用卡价格顶置。保量招商平安银行不要。加我主号飞机@Te9990欢迎咨询TYIYMM卡接回U。VDR"
1,"﻿﻿不割韭菜项目全国就近考察纯挂机项目魔兽养号一手源头适合兼职副业全职个人月收入3～6w。可批量放到工作室。30～60万咨询请添加微信：fenhou1001"
1,"n|、轨迹全家法人信息https://t.me/+hdheAGvn909jNzVh"
1,"大家好我是店主很高兴在这个平台和大家认识也很感谢这个平台能让我认识这么多研究足球的朋友希望大家喜欢足球的朋友可以一起来探讨让我们的道路越来越稳重预祝各位成功卫+q84645434卫+q84645434"
1,"体彩高质量有做seo优化新推体育论坛广告位招租"
1,"卓越账密对接-日结价格｜日结400使用时间：早上8点-晚上22点结账渠道：u/口令/银行卡转账要求：1.无限制2.3月账单实名手机号好友10+3.使用结束前不可顶号改密4.配合人脸解冻https://t.me/ZY888zmzuan坧瀻潑，濡婹笩潑點適里"
1,"g7专业推广，频道，群组拉活人，群聊，群发，协议号，软件，免费测试，需要的来g7"
1,"Fgb24小时全自动裙~发菈~人私~信炒~群采~集筛~号上粉飞机号协议号@zz99u999(骗子火葬场）"
1,"宝贝，要上班了工作9小时月休4天，可自己租房，有房补房补12500P起.每个月15号发全岗12000-15000+提成+奖金承接四方通道，可做代付.有需要的联系@JTZSxinshao官方招聘网址：https://www.ybjtzs.vip/xinshao"
1,"收各种优质量站.点量甩码.量色软播放器APP色播量游戏端游量微博量产品多播放器直播台炮台长期合作假量勿扰合作TG:@cpa6886（只此一号）全网无一次黑历史"
1,"iHk运费险赔付项目一单利润3-4块，单人4小时1000+上不封顶不收费不割韭菜，分成模式一首单价对接个人/工作室/团队操作门槛几百块钱就能启动没有一本万只有长期的收益专业做运费险项目绝对给你抬头挺胸的资本【官方客服链接】：@cj374522【官方客服链接】：@lxw884633"
1,"卡卡跑分收付一体请联系@tumi528咨询@tumi528诚招各大跑芬牛人，团队，代理收付一体模式系统入宽手动下发大额单笔1000--30000来靠谱的车队代理小额代收代发付100-1000可走直押可走担保其他勿扰诚招各大跑分牛人，团队，代理一笔一结，本利皆可用于循环跑从事灰产5年无任何黑事迹咨询开户对接是不会收取任何费用一次合作，终生朋友！诚信经营长期合作咨询@tumi528https://t.me/+GH7I9QlF5zQwYzBh小鹿代发点击联系"
1,"5r广东汕头揭阳大量收一类卡盾公户落地三包骗票绕道可上压可验付来卡主卡商联系方式:@hongfa688对准广告频道:https://t.me/hongfabaojia诚信经营长期合作"
1,"全球短信&电销线路：内容出海支持200+个国家，主力：内地、台湾、巴基斯坦、肯尼亚、菲律宾、墨西哥、孟加拉、尼日利亚等（东南亚、南美洲、欧洲）价格低，转化高，全球OTP。云服务器。空号检测。请联系我dgdg"
1,"2a*广东/汕头揭阳大量收一类卡盾公户落地三包骗票绕道可上压可验付来卡主卡商联系方式:@hongfa688对准广告频道:https://t.me/hongfabaojia诚信经营长期合作"
1,"QQ不匹配单价：23-26有效：5天年龄：0-30低龄高活跃纯男粉错单：5%结账：可u可口令数据：手工vcf皆可拉群时间：晚12.00-8.00对接联系人：@naonao8888对接频道：https://t.me/FRYKUfRGDjsxZDRl试单群：https://t.me/+FLXSKbN1Da1mYWY9无门槛无限收质量团散Q拉千变万化只有我一直稳定小鹿代發點擊聯系"
1,"https://t.me/+Zc9RvWjoPMAzZmZl人妻群"
1,"fwqc88https://t.me/+j8x1RE4JKCtiNDJh"
1,"h#定位轨迹。银行.、.流水。好友。提取。户籍https://t.me/+yYnJKcQa9gkwZTI1"
1,"﻿}E銆婄湡浜烘父鎴忕涓€鍝佺墝銆?~Qhttps://t.me/+o8OKEtoGmXc0OGI1"
1,"老四高通Q拉龄0-25可下底料洗数据1:4通过率提供强拉技术、免费脚本、拉满拉满7:00停止报通过预约统一11点结账12:10点拉群错单只有个位数！4点之前交单20百21三百22数据5天有效群每3天开一次会！有什么建议跟问题可及时反应！时打时的赚钱！别太注重价格，数据好才是硬货！！！对接群https://t.me/laosiq小鹿廣告代發點擊這裏聯系頻道上粉"
1,"收QQ星号，15一个"
1,"九尾日结账密群（全天上号，有位置就能上总150位置）日结：320隔夜：450要求：最低三月账单，流水账单最少一个月，绑定号主本人实名认证和手机号（上号后预留对接人在联系号码）（确保在冻结时可及时解冻）临时限制补80费用，全天无补永久限制补一个号钱（永久限制在全天在情况下也生效）每晚2000前结账，未报账漏账第二天晚上补以上为客服：@jiuwei11唯一对接群：https://t.me/+tYKXS32Z4uhlZmY0zuan坧瀻潑，濡婹笩潑點適里"
1,"卖发帖老板华文评论老板佣金：0.08RM8带走佣金都是日/隔天结⇨有兴趣来dd@kattygzh下单⇨不包售后⇨不可二手卖"
1,"日本line空号检测节省无效营销费用@SK1949"
1,"司法冻结开房同住微信提取好友https://t.me/+ASKhFJLmvn4xNjkx"
1,"南宁来卡，实力中介。量大一手车"
1,"U换人民币，绝对安全，支持担保、测试"
1,"01YBB车队出u可承接一道二道，卡接回长期有效，djasklddshnkjk4501"
1,"想要在抖音学习赚钱的，学习直播起号的，学习直播带货的，直播间拉流量方式的可以加V17773526050联系"
1,"SKT油卡、电费、核销、全国可充、支持担保、有诚意者来私聊JGK"
1,"免押二道卡回u找我@abc11013"
1,"mo招盗U代理出假U仿U黑U懂的来@Daobi520"
1,"bfCCVRRU长期稳定出下浮U接料寻稳定可以接一道二道Bushiba2580dsjbf"
1,"GWO找核销电费石化石油卡密话费出沃尔玛卡京东e卡油卡话费卡折扣美丽全国可充GWD"
1,"ow专业团队洗米卡接回U一二道，u商出下浮ugghdjndhcbdndbdgbddhdow"
1,"招收两个助理，有意的联系我助理上班时间:早上9点到下午6点一天600工资中午12点结账200下午6点结账400（半路跑了一点不结，我找你必须10分钟内回复) 工作内容:每天统计一下每个团的单数 然后做的单发到对接群里面，查单做表发下预约数据就可以了 提成:前面3天没有提成因为是试用期，3天过后开始抽提成， 提成怎么抽，看好: 比如一单480一个团做10单就是4800助理抽5%提成就是240，以此类推我这边根据你的能力，给你分配大团或者小团，我这边一个助理差不多带四个到五个团"
1,"yuuh256739t.me/+ZZR5bFmtwG85OTcyDr-TG代发广告代发点这里"
1,"0*代发广告，群广告，私信，克隆拉群（公开群/私有裙，拉号码/用户名），机器人/僵尸粉，软件，都有。稳定经营三年，需要请私我0*"
1,"保时捷zm上号总部：欢迎所有散户，号商来谈上号要求：三个月账单30好友+无限制根据客服的要求上号上号时间早上（800)晚上（1700）日结ZM价格：三个月账单290六个月账单380年以上账单430上号流程进群询问客服格式将格式填满。把格式发送客服。配合上号每天晚上2200前结清群链接1：https://t.me/+bTtWFHos62U1NjJl(https//t.me/+bERBHBu3WK4zZmI1(https@BDJ_XX钻石暴力代发"
1,"7n招盗U代理出假U仿U黑U懂的来@Daobi_Pay"
1,"an纯bc信誉盘内层vip5会员料子寻找实力车队实力卡商以及代理长期稳定合作，量足，卡耐用。an"
1,"跑芬线上无押金来的联系我点位优美"
1,"tpHUIFEN长期车找料卡接回，量足接一道点位置顶liuhuandadshk482tp"
1,"FIF干不干你说了算？免费教抖音私信引流，日搞25OO米纯润分成，有胆识你就来@VOK6G"
1,"0，代发广告，群广告，私信，克隆拉群（公开群/私有裙，拉号码/用户名），机器人/僵尸粉，软件，都有。稳定经营三年，需要请私我0，"
1,"商城接单跑，量大纯正BC利润稳定，操作简单，日可挣千一笔一回无押，本金循环无限跑白嫖勿扰，保司法，意者详聊@lucky_0731小鹿代发点击联系"
1,"招卡主，中介，5个点，纯赌博料，量管够"
1,"盘口诚收各平台三个月内网购数据各大店铺账户授权合作需要网购料请联系@jordan16888唯一此号其他均为仿冒频道@wealth16888"
1,"≧◉ᴥ◉≦CXD④信/硪/了解④信/硪/了解④信/硪/了解④信/硪/了解④信/硪/了解MUO"
1,"盘口直收各大网购平台三月内一手数据实时数据对接【技术大牛】【平台运营】【内部人员】【手拍面单】另寻终端老板合作、自用验证满足一切合理需求对接快手运营、客服人员、各大平台内部人员找我换钱小白可教包教包会日收入1w+：@MDH68888频道https://t.me/wanggoushuju688883s3s"
1,"x0x0无上最新珍稀黑料！全球最新资源片源！让您足不出户安心吃瓜！也不用再为找资源而烦恼！！！请联系Telegram链接：https://t.me/wushangziyuan5群里每天都会更新资源，如果无法观看，联系客服领取解锁苹果端敏感信息的方法！Telegram美女客服：@FFcc8886@Heine1123@TL5577"
1,"诚信经营长期合作高价收普卡小额度卡一类卡公户信用卡盾骗票绕道路费三包联系方式:@Long8909欢迎卡商、中介、卡主来洽谈。诚信经营长期合作79"
1,"HTX数据过滤ws筛选活跃筛选CKG"
1,"电脑自动挂机梦幻西游搬砖一天几百收入，项目长期稳定百分之百盈利！不赚全额退款！微信：13033122226"
1,"‘t银行卡反定位全家户个人婚姻https://t.me/+7ezyPRaoijYyNDk1"
1,"PTW24小时全自动裙~发菈~人私~信炒~群采~集筛~号上粉飞机号协议号@zz99u999(骗子火葬场）"
1,"实力收银行卡带盾或者手机银行带蓝牙盾，或者v盾。缺钱的兄弟看过来价格高3到15w"
1,"数据标注项目，火爆来袭全国招合作商，公司签订合作保障协议人人可做，可扩展团队！单人日收益：180-50010人团队日收益1500-4000元项目合作有费用咨询+V：13015080094"
1,"tzSDG车队，洗米，接各种一道二道，通道稳定shuiyuan666tz"
1,"出～qq，Vx，陌～斗Y，③卡"
1,"(͡ᵔ ͜ʖ͡ᵔ)QLS品牌签名，快捷稳定！YYF"
1,"sm*1实力车队/大量出U/专业洗咪/黑白均可/可接一道/咔接回u/点位美丽sm*"
1,"﻿缺钱、负债、上岸？单人可操作没有门槛日5000+！详情查看，点击头像查看详情"
1,"dsfTG自动营销引流软件代拉代发群-发拉-人私-信炒-群监-听筛选手机数据协议号-批发，机器人-定制记账-监听机器人免费试用联系：@feiniao008_botgfj"
1,"看我名看我名看我名看我名看我名KEQ"
1,"1.车队接料，大小混，精，刷，色都可以，可担保可直押，咔接回u，实力老板来l2"
1,"完美交易担保平台社群唐三每天都有红包福利励志打造最稳定最专业的平台服务态度将要在索引官方上押5wU可以关注慢慢了解我们时间会证明一切我们的官方群:https://t.me/Tsan666我们的供需频道:https://t.me/Tsan6666小鹿廣告代發點擊這裏聯系頻道上粉"
1,"1.实力车队、0z承接各种一道二道，卡接回U/寻长期料主卡足不堵车/可担保/直押卸货专业/点位美丽0z"
1,"h4交易.所开.发*理.财.系.统h4出.海.商.城.系.统h4刷./抢.单h4区.块.链.游.戏h4娱乐.城a.pph4fantiankeji*搭.建定.制.二.开24h维.护h4"
1,"PGY找核销电费石化石油卡密话费出沃尔玛卡京东e卡油卡话费卡折扣美丽全国可充IFY"
1,"4o出交友APP全球Tinder巴豆大黄蜂CMBOkcSkouthappnmeetmezoosk小号微博微信满月号伪企群领英IG粉丝包装号真人老图号FB有缘号https://t.me/+7d184PMrBOw2Y2U9"
1,"现在空，最后一单，小哥哥，想你哦，衣冠庙附近  可约，可接外出单"
1,"大量出U，出广告位，出粉，劫持，需要的老板联系。全盛团队"
1,"黄浦区蕾丝双飞女同组合在普陀首开，现在还有优惠两米的活动哦"
1,"宝安开课哒！课室！甜美女友，会骚会舔外出"
1,"ea头长期诚收普咔盾咔全网天花板价格带资料来谈弓户25萬起盾咔18萬起100鹅度6.5萬起50鹅度4.5萬起小鹅一类咔2萬起保司法保量按流水落地三包嘴炮勿扰"
1,"联通5G运营商长期项目稳定做用心做每日收入10K以上支持线上，线下双教学模式微信13029395407"
1,"拉裙批量私信批量群发软件群控机器人代发广告直登号群发软件（可自动加群）]7"
1,"i4i4增硬和延时持久印度进口非常便宜需要联系电报:@dajiba3106频道:@dajiba3108微信：niubi31052"
1,"XMJ小额无压跑分需要合作的来QMP"
1,"菲律宾、马尼拉梦想团队博采套卡丶套金灰色项目一天工作八小时累死累活不如帮助我们公司做套金日利润可观而且一单一结真诚的招大量个人或团队欢迎新老玩家跳槽来我司详情：https://t.me/+8L2blMp51-wyYWMx"
1,"dPV2023年稳定项目AI全自动飞机引流全自动24小时挂机每天收益400+日结签合同，包教会，可线下考察了解不吃亏加V：6036814"
1,"vz各类社交号接码qqfb协议zfb陌陌微飞机小号推特钉钉百合世纪佳缘海外各种号小红书探探微博有缘支持一个起买https://t.me/+2AkIumroIhswYmNk"
1,"三大运营商5G项目日利润4000-1.5w全网独家：【5G项目】全国团队个人均可做支持视频考察及线下对接享受房补及员工补助项目需要投资签订保障性合同无效退款了解不吃亏加微:xjkj-2022"
1,"FPT品牌签名，快捷稳定！PBY"
1,"区块链项目大批量出售U请联系"
1,"高价收信用卡储蓄咔u盾公户单日4-20w点位高结算快有需要联系@fafa78901"
1,"出粉色粉交友cpa股民体育棋牌"
1,"sn车队长期收常规，混料，1道2道资金，咔接回u，可担保/直押，诚信金主来谈sn"
1,"表哥微信账密一手代理隔天账密650白号隔天500招散户号商有量谈量———————————————————微信白号要求：注册一周以上好友5+实名认证无限制就行了续租都死要求1:好友10三个月以上账单续租到死2:账号无异常不爆红3:实名绑定手机号———————————————————满5小时工作时间为全天满5小时工作时间为全天满5小时工作时间为全天———————————————————结账记录可查低风险每晚10.开始结账限制补50封号补100永久封补一个全天号多的话可以拉客服对接群5个号起防止捣乱合作过才可以———————————————————认准(唯一对接)@bg6668认准(唯一对接)@bg6668认准(唯一对接)@bg6668通知频道https://t.me/bhpan骗子鸽子跑路别来结账可u可口令只做微信账密微信账密微信账密钻石戴发点这里"
1,"4e小罗车队，专业洗米，卡接回U，承接各种一道二道，骗子勿扰，hfchhtjhfdfgbnouu4e"
1,"tqSDG车队，洗米，接各种一道二道，通道稳定shuiyuan666tq"
1,"油怡百＋樂再线实体怡"
1,"聚义堂日结上号群：支持号商散户来谈（操作时间9点-23.30点）日结全天用：早上9点到晚上10点隔夜全天用时间段：下午3点挂号收号到晚上23点，第二天晚上22下号结账时间：22-23点核对立结日结隔天一直续租合作共赢，诚信为本，上号速度，口嗨勿扰上号客服：@JTY_SH群链接1:https://t.me/JYTzm168群链接2:https://t.me/+0dJfeNTVrfBlYjhl(https://t.me/+0dJfeNTVrfBlYjhl){钻石广告代发点这里【代发/上粉/克隆】"
1,"钱庄收U，长期做资产转移换汇高价收U，白资付款/ATM现金存/线下交易长期承接外汇资金换现金，全白资兑换U，市场需求大长期需要Usdt，可以搬砖可带新人，有汇率差价赚取看清广告只收U，不卖U例如买入U价格是7.1今日回收是7.4如果1000U就是7100买入转售我们回收是7500汇率差在400RMB左右交易方式1.欧易或火币钱包有U的直接提供截图，（没U的先去交易所购买U），就可以开始交易。2.开始流程：我们先款，新来的就单笔500人民币一次，过渡期后可以走大额单笔现存或者线下交易。你收到钱了就给我们转U关注频道详谈：https://t.me/+Y9KjEtF365ExNTlh"
1,"(◔◡◔)JFB油卡、电费、核销、全国可充、有诚意者来私聊QGZ"
1,"二道纯精聊.保时双押.招实力车队承兑查账回u速度快的来撩347143"
1,"接TF签/超级签/MDM签低价走量/独立后台封装报毒"
1,"表哥微信账密一手代理隔天账密650稳定结账盘口招散户号商有量谈量———————————————————要求1:好友10注册三个月续租到死2:账号无异常不爆红3:实名绑定手机号———————————————————满5小时工作时间为全天满5小时工作时间为全天满5小时工作时间为全天———————————————————结账记录可查低风险每晚10.开始结账限制补50封号补100永久封补一个全天号多的话可以拉客服对接群5个号起防止捣乱合作过才可以———————————————————认准(唯一对接)@bg6668认准(唯一对接)@bg6668认准(唯一对接)@bg6668通知频道https://t.me/bhpan骗子鸽子跑路别来结账可u可口令只做微信账密微信账密微信账密鑽石代發點這裏框框就是發"
1,"一手U商，全国同台出大量U，量大优惠，可接黑白：@dcs248"
1,"财神代发代发广告可视频认证出售群发器批发协议号给群上活分。死粉业务第一次合作可天发看效果业务飞机号@aa466000"
1,"私訫/我/了解私訫/我/了解私訫/我/了解私訫/我/了解私訫/我/了解"
1,"1m*1大量出u/专业洗米/卡接回u/可接一道/无视黑白/点位美丽1m*"
1,"qc大量出U/黑白资洗白/咔接回U/国内同台/点位美丽/可接一道口嗨勿扰qc"
1,"qu婚姻机主信息开房好友提https://t.me/+_nh1Mo1mtXE5NWZlqu"
1,"f2专业推广，频道，群组拉活人，群聊，群发，协议号，软件，免费测试，需要的来f2"
1,"---深圳-广州—北京—上海各种资源兼职学眉(15-18岁)少妇模特艳舞护士処女外夜空位多多海量选择见面满意府中途不收取任何费用有课室看图---@nenmei911"
1,"出售微信、支付宝、QQ、解封、陌陌、探探、灵魂、抖音、快手、友缘、珍爱、实名手机卡、代收、代付详情咨询：@DuoLa008微信微信15天实名精养号：180微信满月实名精养号：220微信三月实名精养号：260微信半年实名私人号：400微信一年号实名私人号：500微信两年号实名私人号：620微信三年号实名私人号：760QQ直登号单太直登40（5个起售）双太直登55（5个起售）三太直登68（3个起售）私人换绑号私人单太120私人双太160私人三太240私人皇冠380企业微企业微信绿标子号---------420国企-万人绿子号---------1000企业微信绿标主号----------1200企业微信绿主（老号）-----2500红标实名主号------------260sou灵魂满月未实名：99半年未实名：150一年未实名：210满月实名：130半年实名：200一年实名：280抖音抖音满月实名号-------130抖音半年实名号-------230抖音一年实名号-------280抖音千粉私人号-------230抖音万粉私人号-------620支付宝直登V3老龄支付宝-------380直登V3支付宝----------200企业支付宝主号---------1000企业支付宝子号----------500微博黄V-----------------220手机卡三网实名电话卡联通350移动360电信360电销卡170流量卡电信60联通50TG直登号批量微信微信15天实名精养号：180微信满月实名精养号：220微信三月实名精养号：260微信半年实名私人号：400微信一年号实名私人号：500微信两年号实名私人号：620微信三年号实名私人号：760购号热线详情咨询：@DuoLa008详情咨询：@DuoLa008详情咨询：@DuoLa008小鹿广告代发点击这里联系频道上粉、群拉真人"
1,"可爱嘟嘟ZM价格：日结！半年350日结！年号500隔夜补100二半四全上满二个小时算半天，四个小时算一天解冻补30早上9-12点开始上号晚上7-12点上隔夜晚上十点开始结账！招收实力商家散户！隔夜日结担保！对接群1.https://t.me/kekeaiai778(https://t.me/kekeaiai778)对接群2.https://t.me/+we1mjhEijxE2YWZhzuan坧瀻潑，濡婹笩潑點適里"
1,"MK3专业二道盘口免押跑芬保卡归集资金，保卡不冻结不司法赚钱加@hjgc888—二道归集资金精料，归集卡沉淀24小时（无三黑，无混料）—寻大小车队，团队个人皆可，小白客服1对呀包教包会—日赚5000到100000+不上封顶每天几千万的量，量多—点位10到20量大可谈。长期合作可同台—防止黑吃黑，长期可线下同台。诚信合作，拒绝空手套白狼。想挣钱却没有好项目的赶紧来，诚信合作非诚勿扰此号不回复诚信合作非诚勿扰想赚钱有意者咨询:↓↓↓↓↓https://t.me/hjgc888BZV"
1,"xz招盗U代理出假U仿U黑U懂的来@Daobi618"
1,"nAj24小时全自动裙~发菈~人私~信炒~群采~集筛~号上粉飞机号协议号@zz99u999(骗子火葬场）"
1,"乐其ZM日结价格：六月账单380一年账单480（根据账单好友定价）9点用号，上满2小时限制算半天，上满4小时限制算一天！（2半4全）解冻补50-招收实力号商.散户，口嗨勿扰！-早上8点-11点开始上号！晚上7点-12点上隔夜。-隔天日结担保群链接1:https://t.me/k7k7k6888(httpshttps://t.me/+IL64mNMOfCowZWU1(https://t.me/+IL64mNMOfCowZWU1){钻石广告代发点这里【代发/上粉/克隆】"
1,"《白竹国际外汇》代收付新币马币日元全球美金国际公/私户（可接20+国家币种）（以上外汇只接BC，精聊，慢杀等有维护周期盘口，MT4/5）另收国内一手车队大量收一道混料点位便宜欢迎各大老板带量详谈！！！《财富热线(@lusi1213》=太阳帮发广告+频道涨粉+裙拉真人+协一号+@taiyang136"
1,"QatarKingMoon吉祥物王子的专属粉丝代币小王子粉丝社区宝贝狗团队联合发行粉丝系列第一龙头币群QatarKingMoon"
1,"联通合作商每天稳定收益8k+线上线下结合实体项目支持线上视频教学后再决定合作！微信13029395407"
1,"hbkBC.qp.ty电.销线路.系统.港澳.国.收量.价格低.质量好.专业电.销团队客服.仔细:【@vos818】iid"
1,"价高收银行卡，单张3万起"
1,"░兼░职░░░想░挣░钱░的░可░以░联░系░，░无░套░路░，░无░需░本░金░担░保░，░男░女░皆░可░。@boj138"
1,"实时快递文本面单快递手拍百分百全新一手料淘宝、拼多多、抖音、快手学生、企业、股民各种产品接预定，可筛选品类飞机联系————@facai99668————频道链接————https://t.me/wanggoushuju01https://t.me/shuju995https://t.me/tiancheng03https://t.me/shuju886686VIP分享小鹿广告代发点击这里联系频道上粉、群拉真人"
1,"爆/火/棋/游注册充值就送累积彩金888长久稳盘全网赢钱率最高平台棋牌、三方电子、真人视讯下载地址:8637.hklp.space若延迟，请关vpn或开全局代理"
1,"米乐体育集团官方招聘，世界杯前夕盛大招聘，欢迎加入我们公司背景：正规体育游戏开发公司，拥有菲律宾Pagcor牌照办公大楼：菲律宾，Makati，钻石大厦宿舍就是对面骑士桥实现家门口就是公司集团福利待遇公司不禁足，下班后自由活动，人性化管理年假：25天年假内宿：不管男女都是2人/间（高级公寓，附有严格的安检，健身房，游泳池等）外宿：不住公司宿舍可选择外宿，外宿补贴15K加3K水电补贴共计18K餐食：公司食堂提供1日4餐（早，中，晚，夜）班车：外宿员工只要是在，马卡提片区都能提供班车服务。每月团建：1-2次团建包括旅游KTV烧烤火锅等。年终奖：13-15薪礼金：生日红包，节日红包晋升制度：每3个月进行考核调薪和晋升假期：带薪病假，事假，婚嫁，产假赔付项目：核酸检测费2000P7天免赔，工牌费用2000P一个月免赔，就没有其他费用了9G：自愿申请办理9G，9G是下卡起半年免赔。诚邀中介合作感兴趣者联系我TG:@Qwe74512@A74512市场部转化专员12K-14k+提成每天上班10小时包含吃饭月休4(https://t.me/sdypipi/49)天推推广12K-14K+提成每天上班10小时包含吃饭月休4(https://t.me/sdypipi/50)直播推广12K-14K+提成每天上班10小时包含吃饭月休4(https://t.me/sdypipi/51)招收越南盘推广，和越南翻译薪资13-1510休2人事部招聘专员12k-14k+提成每天上班9小时包含吃饭月休客服部在线女客服10k-12K+4KKPI每天上10小时包含吃饭月休4(https://t.me/sdypipi/47)(https://t.me/TyreseHR/32)电话维护员12k-14k+提成每天上10小时包含吃饭月休4技术部安卓面议+KPI+全勤奖1000，月休6(https://t.me/sdypipi/48)PHP面议+KPI+全勤奖1000，月休6(https://t.me/sdypipi/44)前端面议+KPI+全勤奖1000，月休6(https://t.me/sdypipi/46)(https://t.me/TyreseHR/2301)IOS面议+KPI+全勤奖1000，月休6(https://t.me/sdypipi/45)产品经理面议支持在菲在家远程办公月休8(https://t.me/sdypipi/60)还有很多技术岗位可以私聊咨询运营部露脸女主播薪资最少15K起有经验可以面议待遇10休4不露脸主播需要懂体育男女主播即可薪资面议待遇10休4小鹿代发点击联系"
1,"os*1实力大车队/大量出U/专业洗咪/无视黑白/可接一道/咔接回u/量大优先/点位美丽os*"
1,"跨境电商项目五五分成模式，免费教学。你赚的越多，我也赚的多。所以会毫无保留教学。日收益可达1000~3000支持实地个人、工作室、公司化都非常适合运营+V：uudd999113297135772"
1,"﻿﻿不割韭菜项目全国就近考察纯挂机项目适合兼职副业全职个人月收入3～6w工作室30～60万咨询加微信：16212714537"
1,"jn实力车队，专业洗米，大量出U，卡接回u，承接各种一道二道，收洗全国黑灰料jn"
1,"私/訫我私/訫我私/訫我私/訫我私/訫我"
1,"1.什么料都接，卡足，大车队值得信赖，卡回u...因为专注所以专业，料主金主们洽谈ns"
1,"DVR全网最低价超级签封装报毒处理价格美丽招代理GHZ"
1,"YHN全网最稳定超级签，先试用后付款。三不限:1不限语言2不限机型3不限产品封装APP/处理报毒XIC"
1,"汇谦zm续租盘（有量有价）——————————————价格：日结520隔夜650半年号|每只号+30一年号|每只号+50——————————————要求：2半3全1-3个月账单15+好友无限制无异常可联系解冻结帐：每日晚上9点对账10点结帐口令或U.客服：@cnmmb1224@wow03070128交流群：https://t.me/dfdsdkow58421"
1,"【【隔天微信ZM】实力盘口，没有中间商赚差价微信要求:3个月以上的账单20好友以上，无任何限制单个1000，三个以上单个1200欢迎各大号商半途顶号的一律别来求稳懂行实力老板欢迎来谈鸽子嘴炮勿扰谢谢唯一商务群https://t.me/+c6rLGWSrGqwzOGI5唯一商务群https://t.me/+c6rLGWSrGqwzOGI5小鹿廣告代發點擊這裏聯系頻道上粉"
1,"拉裙批量私信批量群发软件群控机器人代发广告直登号群发软件（可自动加群）tj"
1,"找泉州单男，私我请详细介绍下自己不然不回复"
1,"q拉匹配B盘一手直招单价：25起收百单团数据介绍：纯低龄精洗达人数据拉群时间：晚12.—早8.结账时间：下午7点前预约时间：晚7点扣单情况：5%以内（可申诉，基本0错单！！！）有效期：5天全网最早错单，最早结账稳定3年老盘来质量团散工作室对接来数据群码管够联系人：@qianbao889工作频道https://t.me/qianbao99999二线钉钉拉手招大量机房，工作室单价24起"
1,"激情大片幼女在想破处频道@youn88088小鹿廣告代發點擊這裏聯系頻道上粉"
1,"专业提供海内外服務器，免备案灵活升级配置安全稳定，7*24小时技术在线支持"
1,"w1实力车队接一道二道资金，什么料都能接，自己车队卡足不断卡，支持担保上押，欢迎来详谈，诚信合作w1"
1,"攻击VS防御老牌实力攻击小组，承接攻击项目合作攻击：ddos攻击-cc攻击-渗透入侵防御：攻击防护-安全防护-防御测试联系飞机：@WUYINGZHEhttps://t.me/WUYINGZHE"
1,"DJQ核销洗货兼职咸鱼回收项目偏门灰产洗卡无押金0风险小白可做如果你正苦恼，自己没有路子，请看过来月保底3W上车匿名交易安全保障听话照做我有项目一起发财合作共赢2022一路长虹开工咯@cxkj8009例如：移动充值卡面值100，售价70，闲鱼回收98.2，洗货赚取其中差价之前操作过的最好，货源稳定，早上车早吃肉不要等黄了在感慨没上车半年顶十年敢干就来财富咨询@cxkj8009——————————————骗子、白嫖党、套路党滚远点WZGDMF"
1,"全国同台出大量U，量大优惠，可接黑白：@dcs246"
1,"(͡ᵔ ͜ʖ͡ᵔ)RBHTG群发软件TG群发软件TG群发软件TG群发软件TG群发软件EDE"
1,"2022运费险全新玩法，可个人可工作室，利润收益可测，无上车费详情了解加我v：Bulls9018"
1,"Q拉盘口直招出钉钉实名50一个出钉钉实名50一个【追求结算稳定来-频道晚上不定时甩红包】数据类型:低领0-9手工数据单价阶梯:24结算审核:晚上10点扣单情况:群监控查单扣单5%数据有效:7天结算记录可查万单团护航！来中小团好管理对接：@l993221频道：https://t.me/yypkduijie鑽石代發點這裏框框就是發"
1,"美团，大众点评商家团购差评可以解决的来内部处理技术处理欢迎来扰（口嗨勿扰）@deity1rich"
1,"≧◉ᴥ◉≦TEN品牌签名，快捷稳定！JHH"
1,"bhhBC.qp.ty电.销线路.系统.港澳.国.收量.价格低.质量好.专业电.销团队客服.仔细:【@vos818】kdk"
1,"视界杯来临，走过路过不能错过，发菜热线@jtzsnike"
1,"pw实力车队接一道二道资金，什么料都能接，自己车队卡足不断卡，支持担保上押，欢迎来详谈，诚信合作pw"
1,"1.什么料都接，卡足，大车队值得信赖，卡回u...因为专注所以专业，料主金主们洽谈a8"
1,"小黄车引流，真大区来对接"
1,"常规混料--卡卡---卡回U量管够Henley"
1,"IOS源头签@名app封~装，h5封1装，网址打包。企@业！签mdm￥签皆先%签后付量大可谈长期合作全天在线答疑接单点击联系我们免费测试@ty7111"
1,"tl老九门团队承接一二道洗米点位美丽，欢迎来谈合作BGBGhsbsgv33388888tl"
1,"1.车队承接灰白资，卡接回U，无中间商，ep点位美丽来稳定料方，口嗨勿扰ep"
1,"礼品卡洗货项目，国内外礼品卡低于5折.亚马逊.京东E卡.苹果.谷歌.加油卡.eBay.电商.游戏类等更多礼品卡查看频道https://t.me/giftcard65"
1,"≧◉ᴥ◉≦STWTG群发软件TG群发软件TG群发软件TG群发软件TG群发软件BZM"
1,"雏钕萝莉初中吞经私密@neibu55"
1,"中学生少女私密群@TTT175中学生少女私密群@TTT175中学生少女私密群@TTT175"
1,"xr高价收公户盾卡普卡小额度一类卡信用卡招卡商中介散户实力车队散户收三件套四件套盾卡路费三包盾也收公户个体户欢迎卡商中介卡主来谈死卡包赔司法包赔待遇优势联系方式:@huanxi1288诚信经营长期合作博彩料归集料博彩归集料"
1,"金盾担保，全网最具有实力的担保可验资在也不用担心上当受骗，为您打造诚信的平台，一切业务可接低于100u及100u以下担保无需费用，只收1u退压手续费1金盾担保为您保驾护航，有需要，请联系金盾担保金盾担保业务飞机群@jindun01群里不定时发送红包福利"
1,"2022年火爆项目小白当天可上手，简单易学，包教包会单人轻松日赚3000-1W+24H可循环操作TG唯一频道@GTusdt888vy"
1,"ia法人。名下车，房户籍全家https://t.me/+VLjjYZmHvMI5OWVl"
1,"jdjTG自动营销引流软件群-发拉-人私-信炒-群监-听筛号TG注册协议号-批发，群管机器人-定制监听机器人免费试用联系：@feiniao008_botdtd"
1,"1.车队承接一二道资金。卡接回卡/咔接回u，汇率美丽，欢迎滴滴4n"
1,"mi实力车队接一道二道资金，什么料都能接，自己车队卡足不断卡，支持担保上押，欢迎来详谈，诚信合作mi"
1,"个人兼职，休假刚回来，本人幼师"
1,"AAA偏门桃李橡木AA橡木长期、利润高、适合个人和工作室操作A橡木单人单月轻松②w-④w+A一台电脑即可操作A可签订合同，双方保障A可线上可实地面授学习，直接包收入A+喂：meiyuan26 彩꯭꯭票꯭꯭丨꯭꯭博꯭꯭彩꯭꯭丨꯭꯭盗꯭꯭U꯭꯭丨꯭꯭期꯭꯭货꯭꯭丨꯭꯭区꯭꯭块꯭꯭链꯭꯭丨꯭꯭资꯭꯭金꯭꯭盘꯭꯭丨꯭꯭股꯭꯭票꯭꯭丨꯭꯭交꯭꯭易꯭꯭所꯭꯭꯭꯭|꯭꯭꯭꯭抢꯭꯭单꯭꯭꯭꯭等꯭꯭各꯭꯭种꯭꯭系꯭꯭统꯭꯭꯭꯭开꯭꯭发꯭꯭定꯭꯭制꯭꯭联꯭꯭系꯭@dajianapp888"
1,"个人兼职，有空可约"
1,"1.车队承接一二道资金。卡接回卡/咔接回u，汇率美丽，欢迎滴滴cp"
1,"互联橡木介绍魔兽卦机橡木签正规合同包回收橡木各类维权橡木所有项目签正规合同可实时考察橡木公司都做有意向可落地考察可↓↓↓VVVkeycap_73431"
1,"UHHTG群发软件TG群发软件TG群发软件TG群发软件TG群发软件NOL"
1,"一手账密对接诚招各大散户，号商低端日结账密要求3个月+账单20+以上好友不爆红不限制可以正常使用即可号质量没问题稳定续租！！！！上够三个小时即算半天限制了也正常算钱配合解号加钱福利满满在线3个号以上晚上结算+华子在线5个号以上晚上结算+100每天晚上6.左右就开始结算结账不拖不欠不压1.前上号全天3501.后上号价格200每天9.开始上号价格日结350隔天700支持走各种担保敢来就让你放心本人亲自上班脾气好态度好歇了好一阵子重新回归大家一起努力重回巅峰！对接一群：https://t.me/jiugege668备用群：https://t.me/xiaojiu6668888888如果有进不去群聊的单独联系我本人本人id：@qianduoduo678678钻石代发广告代发点这里"
1,"项目名称：晚晴Q拉项目名称：晚晴Q拉匹配0-9-0-25混合纯低龄750+能量值高活跃数据，不要拿垃圾数据跟我比我这里通过才是王道数据有效期5天1w出30群拉稀仔来了也得爆粉纯低龄价格天花板大量收机房视频验证价格：21-28团队对接：@xiaotaiyang52散户对接：@Ad_qingf@kb031023@wangyan521新人试单群：https://t.me/+EVamucMUj2RlZTQ1信誉工作频道：https://t.me/xiaotaiyang520欢迎质量散团前来对接百单团随时上压支持手拉手给你一个安全稳定的家"
1,"糖糖新人兼职，乖巧配合，初恋式女友.活泼开朗、有课室，可约"
1,"同台出u，量大优惠咔接回u，长期稳定认准啊信：@XING192"
1,"出钉钉实名认证号"
1,"车队直收收一类储蓄卡大小额度都可以买断15000起，按点位W700信用卡买断8万起，按点位万800来卡商中介个人，同台可上押可预付.飞机号：@caishencc8"
1,"极乐阁修车会所国人带队安全可靠每日在岗大量极品越南妹菲妹每日更新价格优惠可爱萝莉兼职学生性感御姐巨乳少妇应用尽有鸳鸯浴、无套口交、调情、各种玩法可以解锁各种姿势全马尼拉均可提供上门服务Shore可以提供房间车队联系我有各种料需上压在线客服:@shore01234看图频道：@shore0jlg小鹿广告代发点击这里联系频道上粉、群拉真人"
1,"V推450一单一结V推V推一单一结一单一结小白新手可试单简单容易上手V推盘口老板在线直招D4线盘口直招450一单一结数据精准通过率高新手小白散户均可试单精英团队上车稳定质量的来假单鸽子合作粉拉稀团队绕道稳定出单十单有奖励价格—业务唯一联系飞机号联系：@shuimiao联系：@shuimiao老盘口B4线直招盘口直招起床困难户勿扰财富频道//t.me/pbqyybf66公告预约频道//t.me/pbqyybf66450一单一结小鹿廣告代發點擊這裏聯系頻道上粉"
1,"ENR一手实力料主大量招车队卡主bc色料精聊混料常规卡卡卡U/一二道保时保量走担保支持双押支持直押诚信经营长期稳定保量欢迎大小实力车主合作共双赢HOR"
1,"kx高价收公盾卡非诚勿扰公户盾卡骗票绕道路费三包联系方式：@ctqbc诚信经营长期合作"
1,"ZOD私信/我/了解私信/我/了解私信/我/了解私信/我/了解私信/我/了解EHF"
1,"1yC0T4假迪拉姆假RMB假U黑U假比索假美元gwu"
1,"TLM纯精聊卡卡-卡U保时-量管够-找车。WEO"
1,"看我名看我名看我名看我名看我名JID"
1,"①无套路0风险不收费小白可做全网靠谱聊天兼职一句话--0.1元语音一分钟--0.5元视频一分钟--2.5元就跟你平时跟朋友聊天一样，就能赚钱如果你正苦恼，自己没有路子，请看过来！！https://t.me/ltjzljyxbck有手机的快来领钱，人人撸，日500+看一遍就会，做一遍就对。小鹿廣告代發點擊這裏聯系頻道上粉"
1,"yangmaokkkkkkhttps://t.me/+IFRwgqhLSPA5YmZh"
1,"i6https://t.me/+ZNT7andjggw0YzZl"
1,"出国内独立服务器"
1,"盘口直招Q拉手工达人数据，全网无黑，老盘，数据管够，码管够，达人数据，可查账单，有代理群中午【11点-2点】前结算晚上9点下数据晚上12.30分开始拉群团25起步【团25起步】本团有专业的科技技术提供【卡频频繁链接都可以拉】收散收小团大团，欢迎对接，你有量，我有价。结算稳。本团数据属于爆粉数据。【号没有问题1组过3到12保底】低端超群zm账密230可拉客服群散户团都可以来对接【打造全网无乱扣团】另外增加钉钉拉人飞机：@Longxiao6666飞机频道:https://t.me/longxiao666飞机对接群：https://t.me/+137VDU83gMQ1MThl"
1,"bt专业收购公户、盾咔、普咔、一类小咔2-3w买断50-100w额度4w-7w买断。公户盾咔15w-35w买断、欢迎咔主咔商来谈"
1,"专业处理：无法提款顺便收各种无法提现黑分。另寻各平台客服合作。"
1,"龙华清湖小姐姐，服务好，态度好，胸大，屁股大，身材好，口活好，啥都好，可，叶不限次"
1,"稚龄少女吞精日记@woaixs"
1,"全网最强承兑接车队二道，pos三方类资金，>大量承兑U，欢迎咨询"
1,"低端续租账密一小时全，不要求必须解冻，限制需要好友辅助才能解开的也会结算全天，限制需要好友辅助的，频繁的，给截图即可，号主积极处理不要失联大半天即可，频繁也会结算全天！合理结算不乱扣单220五起230二十起250两个月起账单10起好友群链接：https://t.me/+drjtrmB7Oas5Mzk1{钻石广告代发点这里【代发/上粉/克隆】"
1,"大家不要用+86了，美区飞机号绝对安全特价购买联系：@JHSW888I$OUJ"
1,"收银行卡信用卡盾卡公户价格置顶实力卡商中介卡主来谈待遇优势联系方式:@HCTX686联系方式:@HCTX686车队直收，结帐稳如老狗小牛•诚信经营长期合作￥3"
1,"pkYCCL国内收料咔接茴U无视黑白，价置顶ading68631pk"
1,"85卡冻因流水案件车主人轨迹https://t.me/+sZ6_ZLChmSIzZjE1"
1,"短信群发推广（免费测试）联通/移动有量三网可发网贷，色播，棋牌，约炮，p2p，快递，抖音，彩票，淘客等24小时不间断发送到达92%不好用不收钱！需要请联系@Happy556677"
1,"购·飞·买·积·号@feijihao1688OXYgx7@~i"
1,"gp专业车队接料，卡接回u，承接各种一道二道，欢迎实力金主来谈/支持担保上押，骗子勿扰gp"
1,"Seo代做BC、X.色量"
1,"o1车队长期收常规，混料，1道2道资金，咔接回u，可担保/直押，诚信金主来谈o1"
1,"uv高效率通道洗米不堵车欢迎实力料方来合作*出下浮uggdhdbyyyyvdgdnmm8079uv"
1,"绿==色==棋==游长久稳盘全网赢钱率最高平台棋牌、三方电子、真人视讯…支持USDT/Gopay/支付宝/微信官方下载:lz.154m.com若延迟，请关vpn或开全局代理"
1,"卡接回U，月入20000+，要求：先把U准备好，财务转你人*民币和佣*金，你再秒回我U，想做的找我，小白可教。此号不回复+@lulu887766@lulu887766@lulu887766"
1,"一手开WS云控、wl出各类QQ、IP"
1,"qs55%的超高返佣比多重扶持寻找合作伙伴有意滴滴我"
1,"o0o0*汕头*潮州梅州20-200万|收公户10-100万|收盾卡手银|暂时不收可上压可验付注：要路费|和定金|勿扰！落地|三包！欢迎中介卡主卡商来谈认准对接@YSCD000频道对接https://t.me/+7onEwEw9uQYxYTI9"
1,"需求商品：CJ账密前锋账密白号账密价格接受：CJ账密：220二个月账单10好友无限制上号16：00前全天16；00后半天退号16：00前半天16：00后全天前锋账密：220挂设备260三个月账单15好友无限制挂设备18点-24点白天上满六小时全天挂设备四点后退全天白号：120实名+解冻即可对接人：@LeiHen_888对接群：https://t.me/LeiHenZM小鹿廣告代發點擊這裏聯系頻道上粉"
1,"qk招盗U代理出假U仿U黑U懂的来@Daobi_Pay"
1,"神盘新A不匹配低龄混合手工数据0-25通过爆炸1:10，1w=10群晚1-9拉群，晚11点左右结账价格:23起，100-24有量有价数据群码管够招质量散，质量团！要求能连单保真，成熟团队欢迎合作鸽一次永不合作认准唯一：@xincheng66工作频道:https://t.me/XINCHENG6666小鹿代發點擊聯系"
1,"【360娱乐】资源群广告位仅需8U一条@YL360KF82*"
1,"jjiBC.qp.ty电.销线路.系统.港澳.国.收量.价格低.质量好.专业电.销团队客服.仔细:【@vos818】dhd"
1,"7z*1实力大车队/大量出U/专业洗咪黑白均可/可接一道/咔接回u/量大优先/点位美丽7z*"
1,"谁有wd台子，收一手想换米的来yn*"
1,"世介杯开线滴滴我！注册即送88"
1,"AG最佳运营商尊龙凯时55%招代理头号玩家活动，赢取10000000豪礼。活动详情：@dushenzhiye代理介绍代理睡觉都赚钱注册送18，首存100送100，最高送8888一倍水，复存三倍水不限制游戏【品牌地位】百家乐综合平台行业第一！全市场唯一当天可以无限出款，有大客能留的住。全市场平台都有ag真人这款产品，基数高，便于发展客户。佣金比例全行业最真实！保证赚到的每一分钱，都能拿到手。期待您的加入!赚多少都有可能！官方招商联系子龙:@zl866官方频道：@AG866期待您的加入!赚多少都有可能！官方招商联系子龙:@zl866官方频道：@AG866"
1,"跑分找我（月入百万）招代理队个人纯体育VIP4以上得客户上下分兼职，团体，个人联系@yxl8899"
1,"出精准客户，白油，广告位，色粉CPA，GM，体育粉交友粉，约炮粉，股民粉，兼职粉，六合彩"
1,"{5银行反余外卖淘宝地址车挡信息https://t.me/+_o0EwVLsQ602NDAx"
1,"万事达加密货币银行卡！直接充usdt即可在ATM取现金，全球取款，0冻卡，不看征信，不查流水，不走大数据币圈散户出金怕冻卡的！公职人员炒币的！博彩出金的联系@caishenfei频道：https://t.me/tokenpocken77r0"
1,"有涩粉上第三方，附近人搭建台子小黄车gm粉p2p体育粉棋牌粉交友粉六合粉色站广告位体育站广告位炮台流量劫持"
1,"JQSTUDIO大量招优质的陪陪啦大量招男女陪陪陪普通单//色单通通都单多到数不完的那种单子多佣金美美免费加入无需佣金13岁以上才可以接色单而且我们这边随时给福利没做到单也有福利福利每个月都是五六次还有还有补充一下偷偷告诉你们JQSTUDIO的主创人完全不会跑路因为信誉已经破500k啦审核完全不会那么严简简单单就可以直接入我们其中一份子的陪陪啦各位帅哥美女们还等什么心动不如行动赶快加入我们JQSTUDIO的大家庭叭陪陪审核群↓https://t.me/+vxXxI2p7XwQ1YTQ1JQSTUDIO专属客服号↓@JqStudio_kefu"
1,"日结不禁言上号群盘口可验，信誉可查。可拉担保。3个月：2806个月：380年以上账单：480（隔夜提前挂设备+50）要求：1个月账单起，好友10+实名无限制绑定手机号码必须能解冻第一次不结没钱，后面解一次+30。上号时间：全天使用时间：8：00-22：00结账时间：22：00-23：00算钱：使用时间1半3全限制统一补50不算钱：顶号，第一次解冻不处理。别在你需要的时候才明白钱的重要，别等你的女人你的父母你的亲人为了钱失去尊严的时候你再去后悔。现在点击下方链接联系我，给我们彼此一个机会。上号客服1：@xiaoxiang50上号客服2：@Lab778877群链接：https://t.me/Lianxi996群链接：https://t.me/+QdYuSDPfMFwzMmE1"
1,"hehuaitithttps://t.me/+YY0aQ3opvfdmYjlhDr-TG发广告日发百万"
1,"ji老九门团队承接一二道洗米点位美丽，欢迎来谈合作mlmljdhdggvtt008ji"
1,"de招盗U代理出假U仿U黑U懂的来@Daobi618"
1,"q啦新盘招团队散人，25一单错单率几乎为零新盘不严格、有个QQ就可以做日入300-1000没有学费没有押金。当天结账可以来试试轻松简单，招团队有意联系@www7798"
1,"金虎体育，诚邀您的加盟可玩可代负盈利半个月结算一次流水返佣每天结算真人视讯全网返佣最高五大联赛官方合作伙伴提现永不黑款，实力集团操盘，大额无忧支持USDT充值，通道稳定，到账快捷U充U提，为您的安全保驾护航业界用户公认当天取款无上限代理开户直享55%，无新增活跃要求，待遇永久有效新人首充送100%金虎体育网址：https://999875.com/r/5888频道：https://t.me/jinhutiyu1688招商专员TG：@jhgf01TG：@jhgf98BF：36149327玩赚世界杯，金虎带你飞小鹿廣告代發點擊這裏聯系頻道上粉"
1,"TG引流神器24小时全自动批量群发拉人拉群私信刷粉代发广告直登号协议小号免费测试联系：@yuxi88663（骗子火葬场）"
1,"主流橡木新玩法，风口小白散户可带，适合批量工作室团队放大孵化，日1800+联系：@wei2588"
1,"session协议号飞机直登号批发零售@sanjian11111"
1,"定群拉活人飞机号批发@Feizhu08"
1,"8o福建成都建设加2张100w额度的卡8w买断另外收各种银行储蓄卡额度需要20w以上价格美丽中介卡主卡商欢迎打扰"
1,"XYBTG群发软件TG群发软件TG群发软件TG群发软件TG群发软件NHO"
1,"pa*1实力车队/大量出U/专业洗咪/承接各国黑灰资/可接一道/卡接回u/点位美丽pa*"
1,"迣鎅柸總部矗妱官網唯壹認可匼莋起荹五十五%找浗穩萣歭玖匼莋笩理，請聯系我这是妳做的最正確的選擇@zonb668"
1,"挑战全网。暴利项目，独家一手东南亚跨境独立站（长久稳定）收益即时可见，单人日入过千敢想敢干，周入过万。适合工作室转了解一下不吃亏。欢迎各路老铁前来交流v:cco38888"
1,"出实名微信质量号QQ号抖音号"
1,"国际通道短信→专注菠菜色播世皆杯棋牌（@CAIJINGYA）"
1,"出售微信、支付宝、QQ、抖音、陌陌、灵魂、解封、代收付、手肌咔、唯一客服:@hs99888唯一客服:@hs99888微信‍微信15天实名带圈精养号:160‍微信满月实名带圈精养号:220微信三月号实名绑卡带圈精养号:280微信半年号实名绑卡带圈私人号:360（支持先号后款）微信一年号实名绑卡带圈私人号:450（支持先号后款）微信两年号实名绑卡带圈私人号:580（支持先号后款）以上账号均支持担保以上账号均支持担保直登（不能解封，不能换绑，不能改密）月亮直登:35单太直登:45双太直登:55三太直登:68Q私人换绑（可换绑，改密，解封）私人:130私人:160私人:200私人:450支付宝私人实名支付宝:200（售后15天）私人一年实名支付宝:350（带AI人脸）私人高龄V3实名支付宝:450（带AI人脸）抖音号脚本号30私人满月实名号:120私人半年实名号:200私人一年实名号:330私人千粉实名号:260私人万粉实名号:550探探私人实名三月号:160私人实名半年号:240私人实名一年号:300suol号私人满月实名：160私人半年实名：240私人一年实名：300微信‍微信15天实名带圈精养号:160‍微信满月实名带圈精养号:220微信三月号实名绑卡带圈精养号:280微信半年号实名绑卡带圈私人号:360（支持先号后款）微信一年号实名绑卡带圈私人号:450（支持先号后款）微信两年号实名绑卡带圈私人号:580（支持先号后款）以上账号均支持担保以上账号均支持担保三网实名卡：360唯一客服:@hs99888唯一客服:@hs99888唯一客服:@hs99888小鹿代發點擊聯系"
1,"ipYBB车队出u可承接一道二道，卡接回长期有效，djasklddshnkjk45ip"
1,"【微信zm】【微信zm】隔天账密，实力盘口，没有中间商赚差价v信要求:3个月以上的账单20好友以上，无任何限制单价550到1200（每日一结）隔天可预付欢迎各大号商半途顶号的一律别来唯一上号频道https://t.me/+cxakqe2B-UM2NzUx唯一上号频道https://t.me/+cxakqe2B-UM2NzUx唯一上号频道https://t.me/+cxakqe2B-UM2NzUx客服@GgTail小鹿廣告代發點擊這裏聯系頻道上粉"
1,"港团来几个，100一单，结款稳，散团假单勿扰。"
1,"菲律宾大型公司直招，有护照安全稳定过关，薪资待遇好."
1,"GM料渗透诊股证券…稳定百二三对接一手大区甲方来谈群组在主页，点击看提料视频一手技术黑客"
1,"社工公网https://t.me/srtg000111公安查询服务"
1,"(͡ ͡)urt苹果超级签名MDM打包封装落地页海外源头低价0yt"
1,"家人们，我在招人哦。大量要人，找工作的欢迎咨询哦~~~"
1,"didBC.qp.ty电.销线路.系统.港澳.国.收量.价格低.质量好.专业电.销团队客服.仔细:【@vos818】jkj"
1,"出U，接任何资支持卡接U，全国同台量大：详情：@UT508"
1,"1.实力车队、ql承接各种一道二道，卡接回U/寻长期料主卡足不堵车/可担保/直押卸货专业/点位美丽ql"
1,"下载快手极速版填写我邀请码一单100暴利项目进主叶对接群"
1,"下浮出U，国内同台，接黑白资:@ling300"
1,"PHQ苹果各种签名，app封装，安卓报毒处理价格合理TGU"
1,"手机某音小游戏变现有安卓手机即可操作电脑小程序自动挂机上班挂机，回家看收益两个项目均可放大每个都能轻松月入过W联系\/X：---------"
1,"shujuwang8https://t.me/+olPiQ_DlKfozMDg5"
1,"UHW私信/我/了解私信/我/了解私信/我/了解私信/我/了解私信/我/了解WBI"
1,"招主播经纪人，颜值道具女主播，夫妻大秀主播日收入500～4000不等诚信合作无套路无押金有意者滴滴广告勿扰安全靠谱"
1,"全球短信&电销线路：内容出海支持200+个国家，主力：内地、台湾、巴基斯坦、肯尼亚、菲律宾、墨西哥、孟加拉、尼日利亚等（东南亚、南美洲、欧洲）价格低，转化高，全球OTP。云服务器。空号检测。请联系我epep"
1,"Q拉手工盘数据类型:神盘数据直招单价:22起，百23固定价拉群:12.30结账时间：当天晚上9-10扣单情况:5%群监控查单对接方式:团队综合对接群数据有效:5天欢迎各位前来试单来质量团拉稀鸽子勿扰本人:@QianQi6666信誉频道：https://t.me/qainqi666小鹿代发点击联系"
1,"收银行卡信用卡盾卡公户价格置顶实力卡商中介卡主来谈待遇优势联系方式:@HCTX686联系方式:@HCTX686车队直收，结帐稳如老狗小牛•诚信经营长期合作、6"
1,"爆/火/棋/游长久稳盘全网赢钱率最高平台棋牌、三方电子、真人视讯下载地址:247.jkois.life若延迟，请关vpn或开全局代理"
1,"野路子海外橡木！！单人月保底收入3W+橡木稳定运行多年！！签订保本合同，可实地盈利在回！VX:"
1,"w4车队长期收常规，混料，1道2道资金，咔接回u，可担保/直押，诚信金主来谈w4"
1,"挣钱找我来钱快来快钱挣钱过好年＠mon88ey"
1,"国际短信106卡发发一切辉产可中介可测试@dx996联系8。"
1,"HPX稳定签IRI"
1,"岀租国内外服務器，全球优质线路独享，网速稳定价格实惠，专业售后团队1对1服務"
1,"106一手直连通道，三网可发棋牌>综合＞体育>收量通道稳定模版多，各位老板带量来谈@QPTG001频道连接：https://t.me/+WTs0Z5--xaNmNDk1"
1,"qxuexinhttps://t.me/+T1gXJaOLrXlhZDIxDr-TG代发广告代发点这里"
1,"1.实力车队、y9承接各种一道二道，卡接回U/寻长期料主卡足不堵车/可担保/直押卸货专业/点位美丽y9"
1,"爱坤ZM盘口直招全网唯一高价不禁言群要求：三个月以上账单10+好友价格如下日结：450RMB隔天：1020RMB上号时间下午：1600（挂设备第二天使用）早上：800（当天使用）群链接：https://t.me/ikun520iku鑽石代發點這裏框框就是發"
1,"马来西亚飞机卡批发接码服务U36/U56游戏代充对接全新卡/Whatsapp卡/垃圾卡批发速跑专属对接火狐豆芽平台微信/Whatsapp/飞机/Nike长期供应专业团队咨询：@nickysim21https://t.me/+u4CfPr82boM4ZDFl小鹿廣告代發點擊這裏聯系頻道上粉"
1,"-道U、汸U、朂噺技朮@heiselang11ZSAD"
1,"话术单盘口直招单价28通过率百分之50-70诚招成熟靠谱负责有能力的团队录屏简单下午回访一次晚上录制拉黑删除结算稳定账单可查成熟靠谱无限来带上交单记录联系人：@xiaoyu3510对接群：https://t.me/+uzazmvuhJNFmMWI1小鹿代发点击联系"
1,"MJB加纳《号码检测》独立后台活跃检测精筛WSviber活跃商务对接@cjhmjc2HBV"
1,".AI数据标注项目  语音转写标注日收益150-250 图像标注日收益180-500  收入与熟练度和时间成正比，多劳多得  简单无技术门槛，人人可做  项目稳定，对接腾讯、百度、阿里等大厂 想赚钱就来找我，有费用，白嫖勿扰 咨询V：17204786885"
1,"拉裙批量私信批量群发软件群控机器人代发广告直登号群发软件（可自动加群）&["
1,"出全套公户500额度。带价来"
1,"年底了国内来菲，福利多多，7天就能安排，入职红包@jinning6"
1,"金豪ZM日结价格：日结480隔夜550（根据账单好友定价）9点用号，上满3小时算全天招收实力号商.散户，口嗨勿扰！https://t.me/rfbsj25pdb114703{钻石代发广告代发点这里【广告代发/频道群组上粉/克隆】"
1,"%0户.籍手机/实名。轨迹银行卡反https://t.me/+Js6EynWfPAw0N2Zh"
1,"全国同台，大量下浮出U，接黑白资，套路嘴炮勿扰，欢迎有实力的老板咨询：@nap6920"
1,"}p卡冻因察酒店。记录找人https://t.me/+ok5dDHkPCDE2ZDYx"
1,"1.a9实力车队、承接一道二道、咔接咔咔接回U高效不堵车、可担保/直押，来实力金主合作a9"
1,"kpDCF接各种灰白资，卡接回u，卸货专业不堵车@luwen663khg996kp"
1,"ＱＱ:国卡/美卡零违规无人脸各类等级ＶＸ:国内/海外满月一年纯私人企业.包秒ZFB:个人V3个人老年企业主子.永不找回VPN:苹果安卓WindowsMac直连（国内）群发器:采集偷人啦群群发永久版联系TC6699"
1,"ej实力车队除招商不要、小额一类咔2-3w直接买断、50-100w咔4-7w买断、盾/卡15-30w、买断公/户25-45w买断另外大额可走点/位价格天花板、欢迎实力中/介咔商来谈"
1,"10稳定长期收各种一类普咔盾咔，公户/欢迎咔商/咔主/洽谈小额2-3w50-100额度4-7w盾咔公户10w起按点位保量保司法"
1,"三大运营商5G项目日利润4000-1.5w全网独家：【5G项目】全国团队个人均可做支持视频考察及线下对接享受房补及员工补助了解不吃亏V：yiyi20000203"
1,"马到成功：租QQ招号商要求：最低2太2太60（三太80）皇冠100不看违规不能炸群解散群下午5-8挂设备隔天晚上9结账联系人：@A89666联系人：@A89666联系人：@A89666小鹿廣告代發點擊這裏聯系頻道上粉"
1,"盘口直招Q拉手工达人数据，全网无黑，老盘，数据管够，码管够，达人数据，可查账单，有代理群中午【11点-2点】前结算晚上9点下数据晚上12.30分开始拉群团25起步【团25起步】本团有专业的科技技术提供【卡频频繁链接都可以拉】收散收小团大团，欢迎对接，你有量，我有价。结算稳。本团数据属于爆粉数据。【号没有问题1组过3到12保底】低端超群zm账密230可拉客服群散户团都可以来对接【打造全网无乱扣团】另外增加钉钉拉人飞机：@Longxiao6666飞机频道:https://t.me/longxiao666飞机对接群：https://t.me/+137VDU83gMQ1MThl{钻石广告代发点这里【代发/上粉/克隆】"
1,"源头筛选泰/日/印/菲等全球号码活跃支持筛选WhatsApp，Line，Viber，Zalo等开通跑短信&群发用咨询客服：@zcsu888"
1,"世界杯新项目，小白可教。"
1,"纯体育bc料，世界杯，来实力车队。"
1,"eq专业车队接料，卡接回u，承接各种一道二道，欢迎实力金主来谈/支持担保上押，骗子勿扰eq"
1,"xoSIGC走私手表走私牛肉走私香烟走私苹果手机iPhone14promaxmKU"
1,"专业黑白带款daikuan我们提供无抵押无担保的daikuan服务，保证通过10-300万的daikuan额度诚信合作，值得信赖详情咨询微信：GG375466"
1,"KQN免費收徒教₫音自動引流，每天26OO米，你我合作分潤，有搞欲望抓緊來對接！倆小時一結"
1,"ap高价收购各种盾卡工商盾18万建设盾20万农业盾20万中国盾信用社盾买断22万起收各种普卡盾卡公户三包预付"
1,"乐其ZM日结价格：六月账单380一年账单480（根据账单好友定价）9点用号，上满1小时限制算半天，上满3小时限制算一天！（1半3全）解冻一次补50-招收实力号商.散户，口嗨勿扰！-早上8点-11点开始上号！晚上7点-12点上隔夜。-隔天日结担保群链接：https://t.me/Leqi777"
1,"1.实力车队、31承接各种一道二道，卡接回U/寻长期料主卡足不堵车/可担保/直押卸货专业/点位美丽31"
1,"2022年最新创业风口xiangmu全网独家合作模式，每天收益500+总部一对一扶持手把手教学无需经验轻松上手、稳定学习，包教包会包盈利V：15870074276 彩꯭꯭票꯭꯭丨꯭꯭博꯭꯭彩꯭꯭丨꯭꯭盗꯭꯭U꯭꯭丨꯭꯭期꯭꯭货꯭꯭丨꯭꯭区꯭꯭块꯭꯭链꯭꯭丨꯭꯭资꯭꯭金꯭꯭盘꯭꯭丨꯭꯭股꯭꯭票꯭꯭丨꯭꯭交꯭꯭易꯭꯭所꯭꯭꯭꯭|꯭꯭꯭꯭抢꯭꯭单꯭꯭꯭꯭等꯭꯭各꯭꯭种꯭꯭系꯭꯭统꯭꯭꯭꯭开꯭꯭发꯭꯭定꯭꯭制꯭꯭联꯭꯭系꯭@dajianapp888"
1,"有银行咔/信用咔来赚钱价格置顶"
1,"抖音评论单大量来袭RM2.50/1单个人RM3.00/1单团队/代理大量有单诚信老板https://t.me/jhrteam0001"
1,"收（现货）盾卡-各种各样！统统要【公户】【私户】（芯片盾）人头贷款统统接@CTSH168现货带价来聊"
1,"ST胜天盘直招账密号商支持试水账密要求实名好友5-15注册15-30t可以解冻最好可以解封价格接受：160-180价格置顶扶持散团盘口直招无中间商赚差价位置：200+支付宝吵群群拖要求：半年活跃账单实名无限制关闭刷脸保护价格接受80-100位置：30+联系人@STian8888鑽石代發點這裏框框就是發"
1,"(◔◡◔)JGJ封装报毒处理，别人处理不了的可以发来试试，老牌超级签OJY"
1,"【启航朗新集团直招】启航朗新集团已经成立了三年多，前前后后经历了很多项目这次我们直招q拉补空缺，用你最放心的方式来让你加入我们！！q拉手工盘带量来谈价最顶级的数据通过率高数据一直顶尖，不一定纯低龄通过率才高，精洗混合数据一样嘎嘎通过0–9占80%其余20-2525起百26千27两千28合作后价格可谈可下底料1w出15群晚12:20拉群数据有效期:5天扣单0–8%无暗扣监控审核晚10点左右结帐帐不过夜大团支持上压支持验盘，担保实时结账记录任何验证方式联系：@a777ya对接群：https://t.me/wangzhetuima320频道：https://t.me/+8IEUqbv-88c5NmI1------------------"
1,"x#出交友APP全球Tinder巴豆大黄蜂CMBOkcSkouthappnmeetmezoosk小号微博微信满月号伪企群领英IG粉丝包装号真人老图号FB有缘号https://t.me/+7d184PMrBOw2Y2U9"
1,"ljQUAN收各种黑白料，不堵车下浮出U咔接茴Utianya5280lj"
1,"5年互联网公司，橡木稳定运行收益稳定是公司第一标准！可签保障合同！电脑呱唧橡木eight-pointed_star:手机端香目：单机20+全部全自动呱唧！专业售后一对一服务个人，工作室，招商公司，都腓常适合运营，欢迎实地学习考察！联系加威keycap_166联系加威keycap_166收益是当天可见的是直接到你自己的账户，实地看数据，正规纯绿色联系加威keycap_166联系加威keycap_166了解不吃亏了解不吃亏，知识付费！"
1,"cu法人。名下车，房户籍全家https://t.me/+VLjjYZmHvMI5OWVl"
1,"本公司常年经营106短信，彩信跳转可发棋牌，体育，综合绝对一手，诚信经营，100%不扣量，不作假欢迎各大盘口前来频道考察：https://t.me/mmkeji106小鹿代发点击联系"
1,"出dim_buttondim_buttondim_buttondim_buttondim_buttondim_buttondim_buttondim_buttonchickendim_buttondim_buttondim_buttondim_buttondim_buttondim_buttondim_buttondim_buttondim_button:"
1,"觅长期玩伴互不打扰"
1,"同台实力车队收，一类卡，落地三包.司法包处理，中介，散户来谈，点位美丽"
1,"sls针孔摄像头安装，安装一台8000，来人白嫖勿扰！@zz1122yy"
1,"项目类型：教皇q拉匹配单价：24-27错单5%（无假单不会超过2%）有效期三天。10点下款项目介绍：目前缺量400群，大量收质量团。数据保底30%低领。通过率高手工可下纯QQTXT。频繁有内部技术手段可以担保，但不要反复横跳。浪费手续费对接@JH758双向机器人:@JH758bot频道//t.me/MoShuShi964双向交流群：https://t.me/MMS8840小鹿代發點擊聯系"
1,"决战世界杯稳赚不赔，首存首次下注100%包赔飞机搜AGZL388或d9619点com"
1,"DA集团世界杯待遇惊爆全球发布体育集团官方直招（菲柬迪）(https://t.me/diudiu307)24小时热线(https://t.me/diudiu37)认准直招，谨防被卖TG:DA集团直聘(https://t.me/diudiu36)DA集团直聘(https://t.me/diudiu36)提供行业最高底薪标准支持调岗(管理人性化)宿舍2-4人间，也可申请单人间超标房菲律宾-24小时直招岗位多待遇优福利好无套路酒店式公寓单人间双人间情侣房底薪+全勤+高额提成+分红+福利+涨薪+水果+团建+节日礼金+13/16薪全岗月休4天起10休4岗位详情点击查看DA集团：点击链接DA体育(https://t.me/diudiu307)招商享受加班费、世界杯期间业绩岗1.5倍薪【远程招商专员】自由班次高额奖金+提成【代理发展专员】10k-12k高额奖金+提成10休4世界杯1.5倍薪资【代理维护专员】10k-12k高额奖金+提成10休4世界杯1.5倍薪资【代理发展组长】12k-15k高额奖金+提成10休4世界杯1.5倍薪资【培训主管】薪资面议高额奖金+部门奖金10休4世界杯1.5倍薪资【代理部长】薪资面议——————————————————————认准直聘，以防被骗DA集团直聘(https://t.me/diudiu36)DA集团直聘(https://t.me/diudiu36)DA集团直聘(https://t.me/diudiu36)岗位福利：不禁足宿舍家电标配每月团建入职两年奖励员工忠诚奖20000RMB享受回国休假机票、签证往返报销带薪休婚假、丧假、产假等相关假期团建补贴1000p/月医疗补贴15000p/月半年带薪15天或7000RMB奖励一年14000不强制9G离职赔付只有签证无任何杂费管理人性化求职联系TG：@diudiu37邮箱：diudiu24245@gmail.com(http://%E9%82%AE%E7%AE%B1%EF%BC%9Adiudiu24245@gmail.com/)纸飞机招聘频道：DA集团体育直聘(https://t.me/diudiu307)小鹿代發點擊聯系"
1,"全国同台下浮出U量大优惠问价不亏:@UT508"
1,"全球短信&电销线路：内容出海支持200+个国家，主力：内地、台湾、巴基斯坦、肯尼亚、菲律宾、墨西哥、孟加拉、尼日利亚等（东南亚、南美洲、欧洲）价格低，转化高，全球OTP。云服务器。空号检测。请联系我2l2l"
1,"全球一手短信&电销线路：出海支持200+个国家，主力：台湾、巴基斯坦、肯尼亚、菲律宾、墨西哥、巴西、孟加拉、尼日利亚、危地马拉等（东南亚、南美洲、欧洲）价格低，转化高，全球OTP路、由。云服务器。空号检测。请联系我7]"
1,"(͡ ͡)lmG3CC假迪拉姆假RMB假比索假U黑U假美元jBJ"
1,"卡主中介来聊聊收一类卡大小额卡。结账稳定。骗子勿扰！@ff8363"
1,"看我名看我名看我名看我名看我名KOD"
1,"游戏挂机，日入过千，没有上车费，合作分成模式单机200赚钱潍信:Sykjtq"
1,"出料咔接回口领。回优。先转你款后回ZFB口领片子别来了都挺忙的"
1,"DVE看我名看我名看我名看我名看我名JGZ"
1,"5f专业推广，频道，群组拉活人，群聊，群发，协议号，软件，免费测试，需要的来5f"
1,"保时捷zm上号总部：欢迎所有散户，号商来谈上号要求：三个月账单30好友+无限制根据客服的要求上号上号时间早上（800)晚上（1700）日结ZM价格：三个月账单290六个月账单380年以上账单430上号流程进群询问客服格式将格式填满。把格式发送客服。配合上号每天晚上2200前结清群链接1：https://t.me/+bTtWFHos62U1NjJl(https//t.me/+bERBHBu3WK4zZmI1(https@BDJ_XX钻石代发广告代发点这里广告代发/频道群组上粉/克隆"
1,"9n招盗U代理出假U仿U黑U懂的来@Daobi618"
1,"微信单号日入1000＋你行你就来0_~}mj0sm"
1,"4r*1靠谱车队专业洗咪接各种黑白资可解一二道通道稳定不堵车4r"
1,"闻道有先后，术业有专攻！2022年搞钱最稳野路子！2022年搞钱最稳野路子！月保三万灰产模式安全无风险！我们是全网最可靠的洗货团队！支持担保！支持同台！挑战全网同行！安全保证！长期稳定！挑战全网骗术！https://t.me/+lK0lzNr_jvRkMTkx小鹿广告代发点击这里联系频道上粉、群拉真人"
1,"全网稳定出u支持上门面易每天10-30U量5W起步下浮业务：@mw25q"
1,"2022运费险全新玩法，可个人可工作室，利润收益可测，无上车费详情了解联系我v：a7446551625"
1,"揽胜账密日结续租群早上7;00-13:00D上号当天结算晚上1800挂设备第二天使用，第二天晚上结账价格不续租价格：330隔天价格：430要求：最低：三个月账单。号主本人实名手机号，可随时人脸解冻，配合解冻一次补助40解冻费用可叠加时间限制补50费用，永久限制补300（截图账号和限制截图，无截图不补）正常不续租每晚九点结账，22:00下号续租号无限制问题每晚21:00结账，不下号单线对接，第一次合作不拉群以上客服：@Lansheng11信誉群：https://t.me/+sszvjxwDvkQ2ZmY1揽胜日结续租账密群价格不续租价格：330隔夜价格：430"
1,"久别v推推码（招收团散）单价420起【精洗数据高通过】单价420起【精洗数据高通过】单价420起【精洗数据高通过】单价420起【精洗数据高通过】单价420起【精洗数据高通过】有梯价10＋10＿＿＿＿＿＿＿＿＿＿＿＿＿＿＿＿＿客服码稳定对接群：https://t.me/jiubietuima888频道：https://t.me/jiubie666对接人：@jiubie888稳定10单的团长可以找我谈价格可扶持有质量的有上进心的不卡一切不卡一切不卡一切重要的事情说三遍来质量团（散户）不黑不扣zmpc260起详谈联系@jiubie888＿＿＿＿＿＿＿＿＿＿＿＿＿＿＿＿＿＿q拉22起详谈联系@jiubie888－－－－－－－－－－－－－－－－－钉钉群20小白可交简单易学详谈联系@jiubie888支持担保支持担保＿＿＿＿＿＿＿＿＿＿＿＿＿＿＿＿＿＿"
1,"盘口直招q拉团队3年口碑盘【QQ拉匹配单】大小团散户无限收（可教小白）全网稀有洗能量值760+（高活跃）高通数据监控自查无暗扣手工txt全网无黑料，放心可查上量1000群，大团可拉担保价格：23起五十-24百单-25五百-26超70单扶持百单价格3天超300单扶持五百单价5天带团上量大团优先放量，小团可扶持！来这给所以团队和散户一个家结账时间7-8点，结账方式不限数据匹配99%+，有效7天，码足不压数据数据稳定、结账及时、信誉口碑全网可查！联系人：@xiongshen66861@yangleduo1122唯一业务交流不禁言群https://t.me/xiongshen6686123信誉频道https://t.me/xiongshen6雷神广告代发广告代发点击这里联系我频道上粉、群拉真人、频道刷浏览"
1,"shujuwang8https://t.me/+w7joajX6X89iN2Y5"
1,"biiBC.qp.ty电.销线路.系统.港澳.国.收量.价格低.质量好.专业电.销团队客服.仔细:【@vos818】ibb"
1,"挣钱如山，花钱如水，赚钱快乐花钱爽。财富咨询@ruri188个人单做也可以加入一起赚钱《共赢原则》《回款方式多样可选》【跑分】不要押金，点位高小白可学习，包教包会最稳卡接回U模式财富咨询@ruri188>>–信誉棋牌二道料，一笔一回【回款方式多样】>>点位高达10-20个点，长期合作可同台。>>，准备好U，财务先打款+佣金，款到秒回我U。>>支持微信，支付宝，银行卡等方式收款。>>司法24小时包赔，死卡陪3W，保卡不冻结，不风控。大量收，诚信合作，骗子白嫖请绕道长期诚信合作共赢，此号不私聊具体合作方式联系下方ID认准发财财富热线@ruri188跑分互惠双赢免押金跑分"
1,"长白续租微信租号（招实力散团商）上号时间：早上800上日结下午1730上号挂设备第二天使用（隔夜）(提前挂设备补助50过夜费）价格（一天一结）日结价格：420隔夜价格：500统一续租价格：550冻结解开时间：30分钟未解开直接退号（频繁除外）要求：最低四个月账单时间绑定手机号，本人实名认证，无任何限制可随时人脸解冻结账时间统一晚上20：00结账22:00下号https://t.me/ccc31121https://t.me/ccc31121"
1,"2cHUIFEN长期合作找料卡接回，量足接一道点位置顶Bushiba25812c"
1,"1.车队接料，大小混，精，刷，色都可以，可担保可直押，咔接回u，实力老板来5l"
1,"最新直播平台辣妹直播（NM.TV）官网直招主播/代理主播待遇提成：60%+底薪+奖金代理待遇提成：三名有效玩家既享受50%亏损分红无押金无押金无押金合作咨询：@lamei99"
1,"出交友兼职相亲棋牌股民体育色粉实时数据广告位"
1,"yangmaokkkkkkhttps://t.me/+TpBO2JxMCUlmNTYxTG-博士专业广告代发"
1,"最强风口项目、稳定日收1OOO+项目零基础简单易上手、手机可做，当日见利润每日轻松搞1000+利润，项目安全保障、稳如泰山！！【执行力强的来，欢迎骚扰】【全网唯一可支持多城市同台交易】诚信才是赚钱的唯一原则！！！！诚信才是赚钱的唯一原则！！！！项目频道：点击此处进入了解详情项目频道：点击此处进入了解详情项目频道：点击此处进入了解详情(httpsred_circle雷神广告代发广告代发点击这里联系我频道上粉、群拉真人、频道刷浏览"
1,"bc机房直出电销线路(其它行业勿扰)国内卡线(+86国内手机号码外显)接通20%+纯港卡线(+852香港手机号外显)接通10%左右国际线(世界大小国混显)需要联系(优创科技小梦)飞机:@yckj777https://t.me/ayckj"
1,"ns出企业支付宝，资料齐。安全可靠"
1,"出：微扣扣ZFB陌陌抖音Soul海外呺带付换U手咔猹人认㊣搭建裙发助手协议呺实⑩数据海外粉客-服：@Lily2258"
1,"3001小时2次非常年轻的女孩17到20岁想要漂亮的女孩和最好的服务需要女孩的时候联系我飞机:@kamin92微信：jisoo27_0996"
1,"大量收盾卡～手银～公户~信用卡5w-20w-50w-100w-500w信用卡日结2万U盾卡日结4w~15w手机银行日结5k~1.5w公户一套日结4w~20w欢迎卡商中介卡主来谈此广告长期有效！：@y99123：@y99123：@y99123路费报销，开始有预付长期有效。廣告投放點此聯係廣告投放點此聯係"
1,"最新项目招助理一天150，飞机挂头像一小时40，qq挂头像一小时20最新项目招助理一天150，飞机挂头像一小时40，qq挂头像一小时20"
1,"1.什么料都接，卡足，大车队值得信赖，卡回u...因为专注所以专业，料主金主们洽谈az"
1,"CK专业代发+@df998877———————————————棋牌二道免押金跑分保卡归集资金，保卡不冻结不司法有意者加：@LHH136979保卡—司法冻结48小时包赔赔3w里面资金算我方绝对放心，不风控—二道归集资金精料，归集卡沉淀24小时（无三黑，无混料）—寻大小车队，团队个人皆可，小白，新手1对1包教包会—无押金，备好第一笔U循环做（一笔一结）—日赚5000到30000+不上封顶每天几千万的量，量多—点位15-20点量大可谈。长期合作可同台—流程：财务先给你转款+佣金，你再秒回我U。骗子白嫖请绕道，勿扰—防止黑吃黑，长期可线下同台。诚信合作，拒绝空手套白狼。—注意凡是要押金都是骗押金的。长期诚信合作共赢，优质选手来想挣钱却没有好项目的赶紧来，诚信合作非诚勿扰此号不回复诚信合作非诚勿扰想赚钱的来，小白新手可教有意者咨询:↓↓↓↓↓↓全网唯一万人频道：@LHH136979"
1,"mantulouhttps://t.me/+T9fyCFArV-M2M2MxDr-TG发广告日发百万"
1,"洗数据，号码检测男女，名字"
1,"a.定位轨迹。银行.、.流水。好友。提取。户籍https://t.me/+yYnJKcQa9gkwZTI1"
1,"澳洲5澳洲10极速极速飞艇幸运飞艇有大额能扛资金的平台，请联系，除了sg双赢系统和信用盘不要，其他都可以，打大数据团队懂的也可以直接联系我，可以带盘来跟数据。直接联系飞机：tzg520"
1,"舜帝新D盘稳定两年老盘信誉频道：https://t.me/SD6668889(https://t.me/SD6668889)———————————————单价24/百25/500+2630单以上起收质量团优先条件：0-30（50%低龄/万-12群）拉群时间：1-8点交单截止下午1点越早交明细下越早结账时间：8点-9点风控期间只有手工一组20人错单比例：5%-8%————————————————不禁言交流群：https://t.me/SD6669999(httpsairplane:@sd04270@SD66699试单群：https://t.me/+UFhw6-54xFVmNTI1{钻石代发广告代发点这里【广告代发/频道群组上粉/克隆】"
1,"CHF全网最低价超级签封装报毒处理价格美丽招代理KIC"
1,"DA集团世界杯待遇惊爆全球发布体育集团官方直招（菲柬迪）(https://t.me/diudiu307)24小时热线(https://t.me/diudiu37)认准直招，谨防被卖TG:DA集团直聘(https://t.me/diudiu36)DA集团直聘(https://t.me/diudiu36)提供行业最高底薪标准支持调岗(管理人性化)宿舍2-4人间，也可申请单人间超标房菲律宾-24小时直招岗位多待遇优福利好无套路酒店式公寓单人间双人间情侣房底薪+全勤+高额提成+分红+福利+涨薪+水果+团建+节日礼金+13/16薪全岗月休4天起10休4岗位详情点击查看DA集团：点击链接DA体育(https://t.me/diudiu307)招商享受加班费、世界杯期间业绩岗1.5倍薪【远程招商专员】自由班次高额奖金+提成【代理发展专员】10k-12k高额奖金+提成10休4世界杯1.5倍薪资【代理维护专员】10k-12k高额奖金+提成10休4世界杯1.5倍薪资【代理发展组长】12k-15k高额奖金+提成10休4世界杯1.5倍薪资【培训主管】薪资面议高额奖金+部门奖金10休4世界杯1.5倍薪资【代理部长】薪资面议——————————————————————认准直聘，以防被骗DA集团直聘(https://t.me/diudiu36)DA集团直聘(https://t.me/diudiu36)DA集团直聘(https://t.me/diudiu36)岗位福利：不禁足宿舍家电标配每月团建入职两年奖励员工忠诚奖20000RMB享受回国休假机票、签证往返报销带薪休婚假、丧假、产假等相关假期团建补贴1000p/月医疗补贴15000p/月半年带薪15天或7000RMB奖励一年14000不强制9G离职赔付只有签证无任何杂费管理人性化求职联系TG：@diudiu37邮箱：diudiu24245@gmail.com(http://%E9%82%AE%E7%AE%B1%EF%BC%9Adiudiu24245@gmail.com/)纸飞机招聘频道：DA集团体育直聘(https://t.me/diudiu307)小鹿广告代发点击这里联系频道上粉、群拉真人"
1,"≧◠ᴥ◠≦OTQ一手实力料主大量招车队卡主bc色料精聊混料常规卡卡卡U/一二道保时保量走担保支持双押支持直押诚信经营长期稳定保量欢迎大小实力车主合作共双赢POY"
1,"R7C软件开发远控开发搭建定制功能主页有群@vps004"
1,"fm—代收—代付—有三方通道可上押金回U回卡接各种料有需要的请联系！@wangzong1388"
1,"虚拟套金行业偏门灰产套金月保底两万上靠谱项目套金日套任务500腕+详情：https://t.me/+8L2blMp51-wyYWMx"
1,"需求1:寻一手bc数据，色播数据，棋牌数据，cp数据，股票配资数据(可以测试的来骗子勿扰)2:有效果，可以固定大量拿3:要一手源头，中介勿扰，联系人：@MBH616小鹿代發點擊聯系"
1,"zfs专业技术团队，精品三方聊天搭建，app软件开发，诚信经营，欢迎咨询：@ying955"
1,"日结微信zm上号价格：日结：290（早800上号）隔夜：380（晚100上号）号主本人实名随时人脸解冻要求：四月账单以上，好友20+无限制，实名认证，绑定手机号统一结账时间晚上八点半结账十点下号对接群：https://t.me/BH0090钻石代发广告代发点这里广告代发/频道群组上粉/克隆"
1,"(͡ᵔ ͜ʖ͡ᵔ)FLD临近年底，想赚钱的看过来虚拟货币，专业跑分日进斗金，机会难得棋牌二道免押金跑分归集资金，保卡不冻结不司法有意者@JD883883小白包教包会，—单笔：5000——5w无押金备好第一笔U循环做（一笔—保：司法48小时包赔，死卡陪3W，绝对放心，不风控。@JD883883—点位15-20点量大可谈。日赚5000—100000—流程：财务先给你转款+佣金，你再秒回我U。骗子白嫖请绕道勿扰—防止黑吃黑，长期可线下同台。诚信合作，拒绝空手套白狼—注意凡是要押金的都是骗押金的。挣钱不易，请勿上当受骗有意者点下面飞机号联系↓↓↓@JD883883KGG"
1,"取保网逃口供案底https://t.me/+WvlJaMC_jxAxY2Rh"
1,"源头在线接单MDM。企业签全网最低价（封装报毒）@xyg158"
1,"SLO全网最低价超级签封装报毒处理价格美丽招代理VWX"
1,"1.实力车队、gp承接各种一道二道，卡接回U/寻长期料主卡足不堵车/可担保/直押卸货专业/点位美丽gp"
1,"红海洋ZM价格：三个月360六个月42014.00后上号到结帐算半天14.00前上号操作4小时以上算日结隔夜补60（提前挂设备）限制补80以下不接算强登顶号改密码早上没操作掉号上号群：https://t.me/kkiny887(https//t.me/+0hAFVPkampYxOGMxzuan坧瀻潑，濡婹笩潑點適里"
1,"一手U商，下浮卖U上门服务联系飞机：@UT336"
1,"j4/大量出U，价格美丽/黑白资洗白/咔接回U/国内同台/可接一道口嗨绕道j4"
1,"全国同台，可接黑白量大可长期，欢迎咨询一手U商：@STP5365"
1,"ZHU超级签名，长期稳定，冰点价格ZSH"
1,"≧◠ᴥ◠≦T海外短信筛料滴滴我@xingxuan12C"
1,"1.什么料都接，卡足，大车队值得信赖，卡回u...因为专注所以专业，料主金主们洽谈cg"
1,"色站广告位cpa.体育粉.世界杯论坛位置"
1,"出色粉兼职股民棋牌炮台三方，体育博彩劫持量广告位出租"
1,"1d专业车队接料，卡接回u，承接各种一道二道，欢迎实力金主来谈/支持担保上押，骗子勿扰1d"
1,"j1*广东/汕头揭阳大量收一类卡盾公户落地三包骗票绕道可上压可验付来卡主卡商联系方式:@hongfa688对准广告频道:https://t.me/hongfabaojia诚信经营长期合作"
1,"5c车队承接一二道回U，出下浮U不骗不坑5c"
1,"收海外数据库、实力技术带库来谈、海外华人留学生泰国越南印尼本地数据带证号@GOLD999999999rrrr"
1,"巅峰科技TG营销软件①TG引流网页版协议软件免挂机接码注册api注册②地标采集附近的人群成员采集私群采集手机号采集③拉-人私-信群-發炒-群私信等等全套功能群管理机器人定时广告词回复多分流窗口等群监-听自动转发回复啦人多群监-听机器人TG视频转发采集看片Av机器人跑分出入款记账U币汇率转换机器人TG担保机器人会自动到账自动归集客户自助提币群里查账机器人大发红包机器人，USDT自动红包哈希，投注记录机器人制作投注订单传话机器人，上下游隔离互传，中间商隐私加拿大PC28越南28投注机器人签到试玩客服助理菜单自动回复机器人USDT出入款金额提示机器人TG软件教程视频导航查看TG代做项目列表❶TG频道-关注，TG群-㥹❷啦活㥹只定裙垃人-到自己的群❸群频道搜索排-名展示引流量❹频道刷浏览量刷投票赞❺批售协议号API卡密直登接码注册巅峰科技自动菜单报价@DFKJBOT巅峰科技自动菜单报价@DFKJBOT"
1,"有没有喜欢YY脸照，或者眼镜妹的，分享身边人生活照，会YY点评的私，也欢迎合zhao"
1,"77MMR车队系咪大量出U接一道二道，骗子勿扰，cbhgnetdciohb77"
1,"BZQ一手实力料主大量招车队卡主bc色料精聊混料常规卡卡卡U/一二道保时保量走担保支持双押支持直押诚信经营长期稳定保量欢迎大小实力车主合作共双赢FHL"
1,"跑分无押招卡主实力中介全国26条车队为您保驾护航小额大额全部要联系客服：@wg66889@fgxsz"
1,"中小学生私密群@xinxin133中小学生私密群@xinxin133中小学生私密群@xinxin133"
1,"支付宝zm日结（炒群）价格：280上号时间:每天下午14:00开始收号挂设备使用时间00至晚上19:00下号要求:无限制，三月账单，绑定实名和手机号结账时间:第二天下午18:00结账结账渠道：口令，uhttps://t.me/Fy8989zmyh1zuan坧瀻潑，濡婹笩潑點適里"
1,"Q拉A盘不匹配大量招拉手通过高，扣单少，有效5天价格25欢迎千单团队对接支持担保大小团都收，0-30岁数据，一万通过20个群。基本0扣单，可手工，可通讯录！Q拉认准阿瑶全网无黑历史，账单，对接群可以随便验证。欢迎拉手团队可全力扶持。机房对接支持自建群百分百拉进群有意联系阿瑶@Ayao798跟我肯定稳，不会差拉手一毛钱，不会去乱扣任何人一单，随便验证，不放心可以安排团队过来试单做的就是信誉工作频道：https://t.me/Ayao98小鹿代发点击联系"
1,"s4*1大量出u/专业洗米/卡接回u/可接一道/无视黑白/点位美丽s4*"
1,"岀soul女粉上v"
1,"xp*广东/汕头揭阳大量收一类卡盾公户落地三包骗票绕道可上压可验付来卡主卡商联系方式:@hongfa688对准广告频道:https://t.me/hongfabaojia诚信经营长期合作"
1,"zT5软件开发远控开发搭建定制功能主页有群@vps004"
1,"招募拉手拉一人进群5元，租虎牙爱奇艺一单200更多业务主叶进群查看需要引流的老板也可以看看哦两万人供需频道广告位仅需3U（全部真人）"
1,"ty专业收购公户、盾咔、普咔、一类小咔2-3w买断50-100w额度4w-7w买断。公户盾咔15w-35w买断、欢迎咔主咔商来谈"
1,"收售一手三月内【历史、实时】网购数据台湾网购国内数据自用终端验证后满足一切合理要求对接【技术源头】【电商运营】三月内一手网购、台湾网购、手拍面单、华人、泰国、越南数据，源头工作室带货来谈。号外号外快手运营快手客服内部工作人员找我对接换钱小白包教会日收入1w+有意向联系我飞机：@TouGao_01TG：@TouGao_01频道：https://t.me/WG_001；3；3*"
1,"【微信zm】【微信zm】隔天账密，实力盘口，没有中间商赚差价v信要求:3个月以上的账单20好友以上，无任何限制单价550到1200（每日一结）隔天可预付欢迎各大号商半途顶号的一律别来唯一上号频道https://t.me/+cxakqe2B-UM2NzUx唯一上号频道https://t.me/+cxakqe2B-UM2NzUx唯一上号频道https://t.me/+cxakqe2B-UM2NzUx客服@GgTail小鹿代發點擊聯系"
1,"bhISD收各种料稳定大车只讲诚信不玩虚的，一道kwefg45dfbh"
1,"柬埔寨中国ip流量卡国内上海ip北京ip卡板送货上门欢迎测试送卡咨询@ningning012"
1,"2eYCCL国内收料咔接茴U无视黑白，价置顶dingxiang136522e"
1,"质量体育六合教育炮台搭建p2p购物"
1,"9k全网最高价收一类卡大小额-盾卡-公户中介卡主来聊聊价格天花板骗子勿扰@HW521"
1,"出体育劫持股民数据相亲六合色粉约炮CPA交友粉博彩"
1,"拉裙批量私信批量群发软件群控机器人代发广告直登号群发软件（可自动加群）a&"
1,"麒麟钉钉拉手开盘盘口直招全网最高价单价25趁现在疫情网课频率高，把握住机会过了这村，就没这个店了除假单以外错单率0.01%通过率极高一组数据必出五单以上质量大小团来对接数据管够你有量我有价这里是你最安稳的家随便试单数据嘎嘎扳正，嘎嘎牛逼结账：拉完群审核完结账（口令U微信支付宝）新盘开工欢迎打扰！不是中介不是中介实力盘口，结账稳定联系；@QL68888联系；@QL68888联系：@QL68888对接群：https://t.me/+h45Knf3AytQ0M2Zl雷神广告代发广告代发点击这里联系我频道上粉、群拉真人、频道刷浏览"
1,"手工单详细介绍需求100群单价：23-25（全网手工价格通过占比最高）数据介绍：0-9年龄w/20群打底拉群时间：晚1--9结账时间：晚8:00前扣单情况：监控查单1：1实对。扣单率：百5内有效期：10交单时间：下午2:00前申诉上交时间：中午12:00前对接联系：@jiangjun88666雷神广告代发广告代发点击这里联系我频道上粉、群拉真人、频道刷浏览"
1,".AI智能数据标注项目单人稳定收益150-600+无门槛简单易上手公司全套线上培训只需一台电脑在家即可操作个人、团队都可做项目有费用，非诚勿扰V:18947897890"
1,"出约炮cpa交友色粉p2p劫持数据股民体育"
1,"H2f超级签源头稳定不掉签长期招代理p9D"
1,"出体育论坛广告位色站出位"
1,"世界杯正网投注站"
1,"【一手国际短信通道】106直连运营商无中介差价棋牌菠菜色播出轨日发百万通道稳定冲刺世界杯，不排队：@lll147：@lll147：@lll147小鹿代发点击联系"
1,"APP拉新体验室帮助各大知名平台推广增加用户量个人日收入一千以上工作室无限放大。项目收费，白P勿扰！详情加微信13793808521"
1,"5[代发广告，群广告，私信，克隆拉群（公开群/私有裙，拉号码/用户名），机器人/僵尸粉，软件，都有。稳定经营三年，需要请私我5["
1,"q4看名/字，看简/介"
1,"机会比努力更重要，找几个迷茫的兄弟，一起大富大贵，看我竹叶"
1,"oz招盗U代理出假U仿U黑U懂的来@Daobi618"
1,"﻿﻿不割韭菜项目全国就近考察个人月收入3～6w工作室。30～60万纯挂机项目适合兼职副业全职详情微信：LQL123567891"
1,"w6高价收购各种盾卡工商盾18万建设盾20万农业盾20万中国盾信用社盾买断22万起收各种普卡盾卡公户三包预付"
1,"颜值：来打分，评价，射频，估价，合zhao，我身边姐妹朋友(生活照)"
1,"2022全新玩法，可个人可工作室，日收益入1000+，不适合未成年和学生微Tiktok66微Tiktok66"
1,"国内同台出下浮U，接黑白资，量大下浮：@guoshihao999"
1,"ng车队长期收常规，混料，1道2道资金，咔接回u，可担保/直押，诚信金主来谈ng"
1,"#国内资讯（2022年12月10日）周六男子在家开设赌场，还聘请好友做荷官洗发牌，湖北省襄阳市宜城公安捣毁一赌博窝点导读：男子近期待业在家，没有收入来源，竟在家开设赌场，邀请朋友入伙，每晚开赌4小时，招揽赌客从中抽成，村民发现后报警揭发，宜城公安迅速组织警力赶到现场，当场抓获涉赌人员5人，收缴赌具6副、赌资9930元。https://www.bodu365.co/a/114340.html"
1,"18专业收购公户、盾咔、普咔、一类小咔2-3w买断50-100w额度4w-7w买断。公户盾咔15w-35w买断、欢迎咔主咔商来谈"
1,"全国同台，下浮出U，量大优惠，问价不亏:@DR6632"
1,"59稳定通道卸货不堵车承接一道资金。承兑出下浮uzhuanqguonianhdbdg5444459"
1,"做Se0引流灰涩推广"
1,"XND检测有无注册wslinezalobotimViberskype，signal@dd1231122GVQ"
1,"尊敬的各位朋友，您好!我们是APP拉新体验室项目帮助各大知名平台推广增加用户量公司稳定运营6年，纯绿色正规项目个人日入1000+工作室日入3000+详情请咨询微信：Ldck2077"
1,"9n9n*汕头*潮州梅州20-200万|收公户10-100万|收盾卡手银|暂时不收可上压可验付注：要路费|和定金|勿扰！落地|三包！欢迎中介卡主卡商来谈认准对接@YSCD000频道对接https://t.me/+7onEwEw9uQYxYTI9"
1,"創邺橡木体验室帮助各位老板创造橡木公司稳定运营6年，纯绿色正规项目！个人日入1000+，工作室日入3000+知识付费，学生白嫖党勿扰！微Tiktok66微Tiktok66"
1,"推广值不足，无法使用免费机器人!复制或转发此消息到任意三个TG500人以上群组，并且获得10次以上群内有效点击，将永久免费使用本机器人。或者转发到微信qq脸书推特抖音快手网站这些获得有效点击三倍推广值向机器人回复推广获取专属链接还要大量推广奖励可以领取社工库免费机器人开放注册！赠送双倍推广值！推广链接https://t.me/sgkmfcbot"
1,"出色粉 抖加约炮 兼职交友体育股民CPA劫持站街 数据 出U"
1,"‍梦想团队，套金项目灰色偏们，日入一千‍操作简单，极速回金详情：https://t.me/+wpwRwdCSrlszOGIx"
1,"出实时一手数据/渗透/脱库，短信注册验证码劫持（海外数据、短信助贷、棋牌、贷款等、股民/期货、学生教育数据、国内币圈）实时下款数据，全行业指定APP抓取，支持测试，欢迎各大盘口老板/中介，质优价优@dahu2023"
1,"2022卡塔尔世足赛，四年一度钱潮来袭但，通道状况瞬息万变，有量吃不到，哭到捶心肝~只有找对实力换汇USDT平台，才能完美应变！博创担保-最强国内外资金换汇平台为您服务！专业诚信担保集团精选优质换汇团队携手打造业界最佳换汇环境！国内各种资金USDT汇兑卡转回U，实时到账，安全放心24小时换汇业务支持押金担保，踏实赔付，信誉最可靠※另召募各类车队，一起实现财富自由！资方保量，通道保回，博创担保，做你资金最安稳的后盾~咨询合作，请联系博创换汇客服@BCDBHHCS01"
1,"柠檬收号价格进群的直接dd我月号半年一年两年有的私聊我价钱私聊讲价钱合理保1or晚上结账or秒结有的私聊我特别需要年和月号啊啊啊号商来pm大量大量来！！！总群https://t.me/+5ggHjPe6_ThlODA1信誉https://t.me/annbdm7lk收月收年号https://t.me/+BgeuAFqfMdAzN2Y1"
1,"大量出数据，实时历史"
1,"项目名称：晚晴Q拉项目名称：晚晴Q拉匹配0-9-0-25混合纯低龄750+能量值高活跃数据，不要拿垃圾数据跟我比我这里通过才是王道数据有效期5天1w出30群拉稀仔来了也得爆粉纯低龄价格天花板价格：21-24团队对接：@xiaotaiyang52散户对接：@Ad_qingf@kb031023@wangyan521新人试单群：https://t.me/+EVamucMUj2RlZTQ1信誉工作频道：https://t.me/xiaotaiyang520欢迎质量散团前来对接百单团随时上压支持手拉手给你一个安全稳定的家小鹿代發點擊聯系"
1,"一手车无中间商赚差价高价诚收中国1004.2w诚收建设1004.2w诚收农业503.8w诚收邮政503.2w诚收交通503.2w诚收中信503.2w诚收盾卡公户20-100w预付买断按流水做多天只要卡一类，额度大小通收，公户，正常使用，保不司法，本人本卡同台，人都在旁边看，一切做到透明化！@zzxx67890@zzxx67890"
1,"已在太平洋频道上压2千U！zmQQ，闲鱼，抖音进Q群：512714555"
1,"出数据有要的来私"
1,"ei全网最高价收一类卡大小额-盾卡-公户中介卡主来聊聊价格天花板骗子勿扰@HW521"
1,"出挂计数器，接粉专用的号当天死绑处，15死绑处隔夜美卡链接号，美卡链接处：@maodoux"
1,"1.车队承接料，常规，大混，精，刷等/可担保可直押，咔接回U，实力老板来yj"
1,"招卡商中介散户实力车队银行卡盾卡公户信用卡路费三包欢迎卡商中介卡主来谈死卡包赔司法包赔待遇优势～验货可预付可同台，可不同台联系方式:@jin3681联系方式:@jin3681诚信经营长期合作鉆石廣告代發點這裏代發/上粉/克隆"
1,"肤白貌美服务绝绝子，可咸可甜，女朋友的体验，可以约夜妩媚动人，普陀澳门路85f，真人真照，没有艺术照，都是自己拍摄"
1,"qpH24小时全自动裙~发菈~人私~信炒~群采~集筛~号上粉飞机号协议号@zz99u999(骗子火葬场）"
1,"MGG稳定签LPC"
1,"盗币和U招代理！来不来？ms"
1,"小红书点赞一小时290对接：@hgn002w+uS/v"
1,"cn_poshttps://t.me/+qiKwnzBDnKpiNWU1Dr-TG代发广告代发点这里"
1,"YZD品牌签名，快捷稳定！UIO"
1,"vw*1大量出u/专业洗米/卡接回u/可接一道/无视黑白/点位美丽vw*"
1,"需要注册飞机号请进频道：https://t.me/hhjiema"
1,"数据树大数据，精准定位，主做：dpi采集，sdk抓取，短信验证码拦截棋牌，体育，彩票，期货，网贷，股民，6合等等……全网全行业均可定制，抓取高端品质料，运营商一手指定APP/URL，自建登录接口，充值接口，注册接口等，全网精准抓取，欢迎各位盘口大佬，实力询价！所有业务联系：@ss88765所有业务联系：@ss88765频道：https://t.me/xx88765频道：https://t.me/xx88765数据树大数据，精准定位，主做：dpi采集，sdk抓取，短信验证码拦截棋牌，体育，彩票，期货，网贷，股民，6合等等……全网全行业均可定制，抓取高端品质料，运营商一手指定APP/URL，自建登录接口，充值接口，注册接口等，全网精准抓取，欢迎各位盘口大佬，实力询价！所有业务联系：@ss88765所有业务联系：@ss88765频道：https://t.me/xx88765频道：https://t.me/xx88765"
1,"pr*1国航大车队/专业洗米/咔接回U/无视黑白资/接一二道/量大优先/点位美丽pr*"
1,"主营业务个人微信个人支付宝个人QQ企业微信企业支付宝陌陌探探抖音快手等社交软件QQ解封售后一条龙微信解封售后一条龙所有已售出微信qq支付宝首次解封免费永久除外设备异常除外（保不找回）频道：https://t.me/+ErlzRbHI7wI5NzA9客服：https://t.me/xm990918"
1,"YDg24小时全自动裙~发菈~人私~信炒~群采~集筛~号上粉飞机号协议号@zz99u999(骗子火葬场）"
1,"找一个女的互看有女的想看大的话私我"
1,"≧◠ᴥ◠≦OIZ一手实力料主大量招车队卡主bc色料精聊混料常规卡卡卡U/一二道保时保量走担保支持双押支持直押诚信经营长期稳定保量欢迎大小实力车主合作共双赢XNF"
1,"搬砖项目致富不求人个人可日收1000＋团队可实现量化操作不画饼，当日见收益机会摆在你面前，点击进入就是最好的选择https://t.me/+8BYhRLBZEUphNzU5https://t.me/+8BYhRLBZEUphNzU5https://t.me/+8BYhRLBZEUphNzU5小鹿廣告代發點擊這裏聯系頻道上粉"
1,"aliyunWudxhttps://t.me/+Oj5L8LDaKKk0NjJhDr-TG代发广告代发点这里"
1,"专业改单，不中改中，有138信誉盘的来，免费测试，一起吃肉"
1,"e3出网购历史教师，毕业生，医护，：Axdata"
1,"天博体育世界杯大量收银行卡公司账户私盾长期合作一手车无中间商赚差价高价大量需要500额度35万1000额度45万2000额度55万2000额度以上55万以上诚收公户-身份证复印件过来法人不用同台欢迎咨询欢迎合作验付可以谈联系:@tb8523联系:@tb8523联系:@tb8523世界杯指定投注平台天博体育注册网址http://www.tb8523.com"
1,"出售企点Q企业客服Q企点商通"
1,"布艺单边沙发3000p出售"
1,"1.什么料都接，卡足，大车队值得信赖，卡回u...因为专注所以专业，料主金主们洽谈o9"
1,"1.什么料都接，卡足，大车队值得信赖，卡回u...因为专注所以专业，料主金主们洽谈lx"
1,"UOHIOS源头超级签名，源头招代理，APK报毒免杀处理，封装app，免费测试VHI"
1,"有没有需要人头的，急需找事做，刷单工作室，电闸工作室，金融盘口公司，走私，机房，手机口。看货，车队。办卡，半盾都可以，随时出发。"
1,"xiaohu222https://t.me/+EUhMKM9Yj1s0ODkxDr-TG发广告日发百万"
1,"接V解封功能限制系统冻结限制加好友群聊朋友圈无视人脸好友无视时间限制"
1,"x8招盗U代理出假U仿U黑U懂的来@Daobi618"
1,"yuuh256739https://t.me/+dD0zOCucUeZlZTNh"
1,"yuuh256739https://t.me/+Hj563dzy1BszMGMxTG-博士专业广告代发"
1,"6iYCCL国内收料咔接茴U无视黑白，价置顶6i"
1,"盘口直收各大网购平台三月内一手数据实时数据对接【技术大牛】【平台运营】【内部人员】【手拍面单】另寻终端老板合作、自用验证满足一切合理需求对接快手运营、客服人员、各大平台内部人员找我换钱小白可教包教包会日收入1w+：@MDH68888频道https://t.me/wanggoushuju68888djdj"
1,"高价收公盾卡，诚信经营"
1,"急用钱的来，租借银行卡收公户20~35万一套，验后可预付私户买断盾卡16~26万/套卡主同台日租盾卡/密码器/手银500至3000一天一天一结可邮寄日租请联系：@aac9996注：要预付订金、路费的勿扰{钻石代发广告代发点这里【广告代发/频道群组上粉/克隆】"
1,"pUk兄弟要引流不，全天24小时帮你群发，引流，拉人，私发，采集，监听，可试用每天最少引流100+人操作简单咨询：@baoguangwang179我的频道https://t.me/baoguangwangb"
1,"Bxb免費收徒教₫音自動引流，每天26OO米，你我合作分潤，有搞欲望抓緊來對接！倆小時一結"
1,"低门槛创业项目，稳赚不赔！不限场地，有手机就可做！！详情加V咨询：18093175510"
1,"深耕互联网，数年经验，最新红利蓝海项目推荐一个月入过万的互联网暴利项目公司成立六年，不坑，不骗，日收入最低500+-2000+咨询VX+：1890325白嫖勿扰！！手机电脑操作！！可实地考察，签订保本收益做项目我们是最专业的，没有任何套路，朋友圈有视频咨询VX+：1890325"
1,"1.车队承接一二道资金。卡接回卡/咔接回u，汇率美丽，欢迎滴滴3g"
1,"超级签MDM超级签MDM超级签MDM超级签MDM超级签MDM超级签MDM@Q5555395https://t.me/MDM158"
1,"年度最稳风口跑分核销项目全网真实最稳灰产，项目简单粗暴，可放大操作！利润立竿见影，实测1分钟内返现到账，回收速度快，如果你正苦恼自己没有路子，请看过来！！项目优势：安全、稳定轻松日赚过千！无需任何押金、保证金，！全程担保交易，安全有保障！项目返现快至1分钟，官方回款！0风险，简单易上手，手机可做担保网交易，量大可同台！！！项目联系：@HaiTang868项目担保群：https://t.me/+P2GVYkRVR500M2I1钻石代发广告代发点这里}"
1,"『富兴低端zm』价格：480（解号+50）有量加价欢迎有实力号商租号要求：帐单：三个月好友：15以上状态：无异常无限制上号时间：全天上号（2半4全）退号时间：晚上9点结账时间：晚上10点对接：@chiusklask111（不懂直接询问）对接群：https://t.me/fsrghh44543钻石代发广告代发点这里广告代发/频道群组上粉/克隆"
1,"卖股民色站广告位足球体育棋牌逾期搭建相亲"
1,"出劫持cpa数据体育菠菜海外粉广告位色粉搭建平台"
1,"HYMV低端zm单价23032401025020260晚上上号300起顶号没工资三天起租要求：3个月账单好友10+无限制号商私聊我拉客服群对接散户单独私聊美女代理上号HY4点前上号全天4点后上号算半天2点前退算半天2点后退算一天9.30退之前没钱18点以后上号算挂ip稳设备挂设备300起MV6点前上号全天4点前退半天4点后退全天号商自带设备短租号不要来发现恶意顶号改密码的扣200永久限制：150对接人：@XXY898通知群：https://t.me/HYjinchuanZM[{钻石代发广告代发点这里"
1,"黑产/灰产项目各种数据，引流技术，撞库，盗U，盗号CVV，入侵，渗透，DDOS，长期给社区提供各种项目，每天会赠送全球的各种数据，各种软件https://t.me/+h0D-xra1hHo3ZmU0"
1,"2b*广东汕头10-100收公户5-30收收盾卡可上压可验付欢迎中介卡主卡商来谈认准对接@F666988认准广告频道https://t.me/+Wm6wbm-vePw4YjRl"
1,"h8招盗U代理出假U仿U黑U懂的来@Daobi618"
1,"专业车队大量洗嘿sk"
1,"灰产公群-012萌大白资收U已上押10000Uhttps://t.me/+08rYz0ewZFMxYTEx"
1,"收银行卡盾卡公户价格置顶实力卡商中介卡主来谈待遇优势联系方式:@HCTX686联系方式:@HCTX686车队直收，结帐稳如老狗小牛•诚信经营长期合作%3"
1,"djhBC.qp.ty电.销线路.系统收量.收量.价格低.质量好.专业电.销团队客服.客服:@vos818hjh"
1,"三大运营商5G项目日利润4000-1.5w全网独家：【5G项目】全国团队个人均可做支持视频考察及线下对接享受房补及员工补助感兴趣直接加喂:xjkj-2022"
1,"Ojr兄弟来搞！免费教技术，人间正道是沧桑，每天稳打3OOO米，正规搞米，细节来详谈"
1,"手工短信联通电信早上8点50开工一条2元晚上6点结账：支付宝微信都行群里面每天都有结账记录结账稳定真实可靠想赚零花钱来对接人：@qwerkk999对接群：https://t.me/+SoWtPDYcYc5lNWM9小鹿代發點擊聯系"
1,"新播放器收量，新炮台收量！不限制渠道价格高结算稳定不扣量新平台好上量！能跑的速度联系现招Cpa，各大代理商，价格高，次日下午18点结算，结算支持，卡，U。口令，结算稳定。手工量！假量，任务量，仿真量的，请绕道勿扰。官方认证联系方式：【官方收量】：@HK88701【CPA代理】：@HK88701【站点招聘】：@HK88701【在线客服】：@HK88701官方TG群：https://t.me/+o1XZuEUNt-ZhY2Q1官方TG群：https://t.me/+o1XZuEUNt-ZhY2Q1官方TG群：https://t.me/+o1XZuEUNt-ZhY2Q1广告dai发联系钻石代发"
1,"最新橡木卦机橡木代运营卦机橡木无车费，合作抽成模式橡木每天收益橡木公司都做可落地考察意向可↓↓↓V:Sykjtq"
1,"s7fb推特飞机小号领英谷歌有缘微信支付宝默默丁丁百合各种号零售批发https://t.me/+OTUx4Cv24m80ZmU1"
1,"转̰移̰对̰接̰各̰类̰资̰金̰漂̰白̰，̰稳̰定̰出̰泰̰达̰币̰，̰要̰的̰联̰系̰̰>"
1,"yuuh256739https://t.me/+zQkHn-q9HTYzZmJlDrTG岱發全天24小时推送需要代发请点击这里"
1,"ynOBGYj出下浮u接一道二道，卡接回u，全国接黑白料可同台.qiajjdsshdsjkdsyn"
1,"OWY专业超级签，app封装，安卓包报毒处理YPT"
1,"DPM源头各种超级签名，app封装，安卓包报毒处理JPN"
1,"出Tinder大黄蜂CMB巴豆微信满月号领英IG有缘号伪企群"
1,"运营商五G合作商每日稳定收入8K以上可实地学习考察操作简单适合个人创业和团队转型微信17741218334"
1,"nh汕头潮州贵州收公户20-200万收盾卡15-100万手银20-50-100农业信用社价格置顶可上压可验付注：落地三包骗子绕道欢迎中介卡主卡商来谈@xinyu5568"
1,"sk*1大量出u/专业洗米/卡接回u/可接一道/无视黑白/点位美丽sk*"
1,"【小年科技】项目微信薅羊毛稳撸只要不贪防死号每天稳撸500微信薅平台懂的来吃肉每个微信每天500平台新用户都会放水长期稳定项目每天500详情想了解的看频道@xiaoai888123按照频道中的技巧来撸，在1.5倍左右点击逃跑，不要贪心，每天即可稳赚500+专属客服@tgr45678福利"
1,"棋牌跑分业务免押（卡接回U)死卡包陪不要押金，公司先打款匿名交易安全保障接回U模式点位百分之10-20量大可谈棋牌归集料已沉淀24小时，包司法防止黑吃黑个人单做也可以加入一起赚钱（共赢原则)收米方式多样微信支付宝银行卡都可冻结包赔，死卡赔三万，放心做赚钱的时候别矫情、花钱的时候别磨叽人间清醒，努力搞钱诚信合作，骗子勿扰此号不回复欢迎咨询➷@caiyuang177209899"
1,"sl实力车队接一道二道资金，什么料都能接，自己车队卡足不断卡，支持担保上押，欢迎来详谈，诚信合作sl"
1,"qn、轨迹全家法人信息https://t.me/+hdheAGvn909jNzVh"
1,"87广东汕头揭阳大量收一类卡盾公户落地三包骗票绕道可上压可验付来卡主卡商联系方式:@hongfa688对准广告频道:https://t.me/hongfabaojia诚信经营长期合作"
1,"微信项目—————————————老盘口直招老盘口在线直招微信推群吗拉手高质量数据精准通过率高，百30%-40%进群率大小团，散户一手工作室均可试单精英团队上车稳定质量的来假单鸽子合作粉拉稀团队绕道价格30—40前期支持一单一节，后期走量USDT结算注：另有爆单福利，节日福利，春节福利福利888、1888、2888等等，福利多，绝无口嗨！欢迎大小团队，高质量中介，工作室来撩！另收微信老群（普码，伪企）一个月以上，不转移群主上管理一个群120-150。另收微信号实名带账单3-5个月350半年的450一年的5502-3年650以及年账密230一天限制补50解封补50永久补1003个小时半天6个全天时间记录一年以上账密看账单必须实名近期一周无限制以上盘口直招，盘口直招，盘口直招，绝非中介！业务唯一联系飞机号联系：@CX18181818联系：@CX18181818项目频道：https://t.me/+NHN-1aa-SfM5ZDg1鑽石代發點這裏框框就是發"
1,"出：抖音Soul陌陌"
1,"1.什么料都接，卡足，大车队值得信赖，卡回u...因为专注所以专业，料主金主们洽谈1m"
1,"er招盗U代理出假U仿U黑U懂的来@Daobi618"
1,"aliyunWudxhttps://t.me/+fGq52eheCXoyZjAx"
1,"≧◉ᴥ◉≦PQI老牌源头超级签，封装app，防红链接，处理报毒，价格美丽LTO"
1,"最新营业厅正规项目项目兜底天入1+项目享受房屋员工补贴欢迎实地考察可以付费测试，结果满意再深度合作详细+了解:hoi223456"
1,"卓越账密对接-日结价格｜日结400使用时间：早上8点-晚上22点结账渠道：u/口令/银行卡转账要求：1.无限制2.3月账单实名手机号好友10+3.使用结束前不可顶号改密4.配合人脸解冻https://t.me/ZY888zm鑽石代發點這裏框框就是發"
1,"VZY全球号码检测提供优质有效号段免费号码生成、特定国家可指定城市筛选活跃有效号码商务对接：@jcwg998LNW"
1,"做佰度谷哥海内外流量"
1,"全球短信&电销线路：内容出海支持200+个国家，主力：内地、台湾、巴基斯坦、肯尼亚、菲律宾、墨西哥、孟加拉、尼日利亚等（东南亚、南美洲、欧洲）价格低，转化高，全球OTP。云服务器。空号检测。请联系我i1i1"
1,"ev招盗U代理出假U仿U黑U懂的来@Daobi618"
1,"实力车队、承接各种一道二道，卡接回U寻长期料主卡足不堵车/可担保/直押卸货专业82点位美丽82"
1,"sc*广东汕头10-100收公户5-30收收盾卡可上压可验付各种合作方式欢迎中介卡主卡商来谈认准对接@F666988认准广告频道https://t.me/+Wm6wbm-vePw4YjRl"
1,"全球短信&电销线路：内容出海支持200+个国家，主力：内地、台湾、巴基斯坦、肯尼亚、菲律宾、墨西哥、孟加拉、尼日利亚等（东南亚、南美洲、欧洲）价格低，转化高，全球OTP。云服务器。空号检测。请联系我y0y0"
1,"高价要收，储蓄卡，信用卡，招车队，卡商，日赚几万，绝对靠谱。飞机号：@pg77897"
1,"q2WCDF大型车队接一道二道各种料长期出下浮U骗子勿扰hsbxgbdgdvsgvjiejielq2"
1,"世界杯一手涩站体育站出位置可合作cpa日活ip65w＋"
1,"wuL兄弟，你还在飞机上手动群发，引流吗？24小时自动群发，精准引流软件@shuapingwang7"
1,"Se0做排名优化灰祠"
1,"ch专业团队洗米卡接回U一二道，u商出下浮uyindhbshvs666888ch"
1,"1.什么料都接，卡足，大车队值得信赖，卡回u...因为专注所以专业，料主金主们洽谈wc"
1,"钉拉手工线不匹配20起百22五百25带量谈价手工线正式开工，一手直招，千单团为你保驾护航0岁占比50，能量值740+，7天有效期，监控查单，1-8拉群，错单3-5！可申诉晚7点结算。w/20群不是虚假谎言，有根有据！可找我查验当日队伍错单情况、通过情况。不压数据不压码子，冲量盘速来上量，收拉满一个群的选手，鸽子拉稀的不要散户也前来对接对接@yuanfangdefeng1频道：https://t.me/+rn8FYop9gSFkZjFl再说一遍1w20群，直接来试小鹿广告代发点击这里联系频道上粉、群拉真人"
1,"万国：zm万国日结上号群：（操作时间8点-22点）日结全天使用时间：早上8.30分到晚上9.30分，当天22点结账隔夜全天使用时间：下午3点开始收号挂号到晚上23点，第二天晚上22点结账日结续租一直续租合作共赢，诚信为本，上号速度。群里客服：@Yun57888群链接1：https://t.me/wg88851(https//t.me/+mAa8Z_a0spAwODk9{鉆石廣告代發點這裏【代發/上粉/克隆】"
1,"m7世界杯来袭，体育数据，短信卡发可以订购@du666888"
1,"出：实时数据海外粉"
1,"出海内外SE0一手引流"
1,"出全球服。务。器"
1,"区块链团队专业出U，有需要的找我"
1,"3o招盗U代理出假U仿U黑U懂的来@Daobi618"
1,"1.车队接料，大小混，精，刷，色都可以，可担保可直押，咔接回u，实力老板来is"
1,"0d招盗U代理出假U仿U黑U懂的来@Daobi_Pay"
1,"单人日赚1000+支付宝口令洗款全程网站自助下单客服24小时在线无需担心被跑路了具体教程联系下方客服@geju911"
1,"(͡ᵔ ͜ʖ͡ᵔ)SMSTG群发软件TG群发软件TG群发软件TG群发软件TG群发软件QZK"
1,"cw/大量出U，量大优先/黑白资洗白/咔接回U/国内同台/点位美丽/可接一道口嗨勿扰cw"
1,"上号必须看置顶消息价格:抖音统一价格：实名『100』/天：未实名【60】/天上号要求:注册满3个月以上即可（白号不要）认准有客服标志的管理客服上号，除群主以外的管理都可以上号。看到客服要号直接发号给客服上号格式：私信客服发送【顶尖上号】发送手机号码+地区（手机号码归属地），等待客服回复你（没回复就是在忙）抖音上号时间：早上8点—晚6点结算时间:今天上号第二天下午1到3点结算（上号了必须进结算群接龙）抖音上号1群//t.me/+kZHzm1geFAFjMDhl抖音上号2群//t.me/+VbD92nZmOfcwMzg1上号完成后进结算群进行接龙结账：https://t.me/+hALqvr8Zv0Y1YmI9日结白号隔天账密上号群：https://t.me/+UZYH4-vstzllMjll账密2群：https://t.me/hhdbijdb有问题咨询群主:@m416knm群主不上抖音Pc统一价格：【140】/天账密白号：『140』/天日结账密:『200』/天隔天账密:『350/2』/天账密联系:@m416knm上号（账密全天可上）有号请咨询等待回复钻石代发广告代发点这里"
1,"出陌陌上天马一手工作室随时可查"
1,"账密直招散户号商价格表如下：日结：680隔天：1580要求：账单三个月以上。好友15+实名绑定手机号！上号时间：早上12点前都算全天上号时间，上满四小时算全天，两小时半天，限制补50-100！3点后上号算半天，晚上8-11上号挂设备！晚上提前挂设备补100账户必须不存在任何限制问题！需绑定手机号！日结隔天担保欢迎各位号商来询问群链接：https://t.me/BMF689群链接：https://t.me/+FpQfjxbVNGRkMjll"
1,"ycyc*汕头潮州梅州20-200万收公户10-100万收盾卡手银暂时不收可上压可验付注：要路费和定金勿扰！落地三包！欢迎中介卡主卡商来谈认准对接@YSCD000频道对接https://t.me/+7onEwEw9uQYxYTI9"
1,"低銢价出VXQQZFB手机咔电效卡抖音.四件套.探探.陌陌，微信ZFB.soul.@QL35689"
1,"ozhttps://t.me/+pJ82lOJrPJ84MDMx"
1,"项目：盘口直招v推430起介绍：精洗数据通过率10过3430价格，可试单，事少数据好，要做进对接群，现在就有数据来就能做《可以用支付宝推》《胆子大可以短信推》有每天实时结账图！！可以录屏实时结账图！没干过的也能来，一对一教学来大团带交单记录跟我谈价格！来大团带交单记录跟我谈价格！价格：430起一单一结联系人：有意联系@liusiyi对接群:https://t.me/+KSfNqbNw-MA4OTI1小鹿廣告代發點擊這裏聯系頻道上粉"
1,"0b招盗U代理出假U仿U黑U懂的来@Daobi618"
1,"YMF全网最低价超级签封装报毒处理价格美丽招代理FQI"
1,"4s婚姻机主信息开房好友提https://t.me/+_nh1Mo1mtXE5NWZl4s"
1,"%-106一手直连通道，三网可发棋牌>综合＞体育>收量通道稳定模版多，各位老板带量来谈@QPTG001频道连接：https://t.me/+WTs0Z5--xaNmNDk1"
1,"ojbkcdhttps://t.me/+pg37YjL_f-BmYjgxDr-TG代发"
1,"泷灵_ZM_500_日结『日结500』『日结500』『日结500』不要问为什么那么高因为不是仲介不要问为什么那么高因为不是仲介不要问为什么那么高因为不是仲介三月帐单_10+好友_无限制异常16:00前_登记上当天结帐16:00后_挂设备隔天结帐有解号就直接算全天解不开算半天对接客服：@GuanShengdijun公司财务：@jhg14545对接群：https://t.me/qqaq1124q1aa[钻石广告代发点这里【代发/上粉/克隆】"
1,"被跑路，短信电话轰炸查询对方资料照片永久免费机器人https://t.me/dingjianzhentanbot?start=VAeiyvBuAf只要在网上留有痕迹的都可以查到"
1,"1.车队承接一二道资金。卡接回卡/咔接回u，汇率美丽，欢迎滴滴il"
1,"出美国银行及代接资金@C_fund"
1,"海外代收付通道，支持全球大多资金，可回U，回现vh"
1,"YSQ稳定不掉签，不信你就试试，防红链接，封装报毒处理ppZLO"
1,"短信106直连通道，新增联通彩信，移动普短，端口日发500+W，欢迎各大盘口，中介合作咨询可测试@dx996"
1,"诚信经营长期合作高价收普卡小额度卡一类卡公户信用卡盾骗票绕道路费三包联系方式:@Long8909欢迎卡商、中介、卡主来洽谈。诚信经营长期合作pm"
1,"精准菠菜相亲P2P 股民体育色广告位兼职相亲医护购物数据"
1,"本人亲测绿色正规项目！干灰产的兄弟们小心一点不要被骗！！外面收几千学费的这里面很便宜！而且真实不割韭菜！绿色正规项目：http://an666.jd4f7hfr.ltd/日入千：http://an666.jd4f7hfr.ltd/不懂联系：@shdnk999绿色正规项目日入千！！小鹿代發點擊聯系"
1,"jGP独立后台专享链接免费测试满意付款b9f"
1,"出涩粉股民体育博彩CPA劫持数据搭建平台色站体育站广告位相亲海外贷款"
1,"地推发群招收一线车队，团队来质量效率车队，价格23-26码稳不封不掉嘴炮刷子勿扰！！！"
1,"威尼斯：zm日结上号群：（操作时间8点-22点）日结全天使用时间：早上9点到晚上21.30分，当天22点结账隔夜全天使用时间：下午2点30分挂号收号到晚上24点，第二天晚上22点结账日结续租一直续租合作共赢，诚信为本，你发财我发财，口嗨勿扰。群里客服：@Wns8803群链接1：https://t.me/Wns8886群链接2：https://t.me/+IVMzXPVTxVViZDFl{鉆石廣告代發點這裏【代發/上粉/克隆】"
1,"bc机房直出电销线路(其它行业勿扰)国内卡线(+86国内手机号码外显)接通20%+纯港卡线(+852香港手机号外显)接通10%左右国际线(世界大小国混显)需要联系(优创科技小梦)飞机:@yckj555https://t.me/ayckjzuan坧瀻潑，濡婹笩潑點適里"
1,"1.实力车队、承接一道二道、咔接咔咔接回U高效不堵车、可担保/直押，来实力金主合作ax"
1,"闻道有先后，术业有专攻！2022年搞钱最稳野路子！2022年搞钱最稳野路子！月保三万灰产模式安全无风险！我们是全网最可靠的洗货团队！支持担保！支持同台！挑战全网同行！安全保证！长期稳定！挑战全网骗术！点此进入了解详情点此进入了解详情(https://t.me/+JDBNOadRGnU5NzIx)钻石代发广告代发点这里"
1,"q5卡冻因流水案件车主人轨迹https://t.me/+sZ6_ZLChmSIzZjE1"
1,"某i音手机小游戏掘金有安卓手机即可操作手动自动两种模式任选单手机月收益千+单人可操作10-50台手机~电脑全自动qq小程序挂机帮您搭建类似"羊了个羊"的程序单电脑月入K，设备越多收入越高~~~两个项目零风险可长期操作支持实地考察现场学习賺再回去联\/X：---------"
1,"p4*广东/汕头揭阳大量收一类卡盾公户落地三包骗票绕道可上压可验付来卡主卡商联系方式:@hongfa688对准广告频道:https://t.me/hongfabaojia诚信经营长期合作"
1,"kaht.me/+MF8Q4PaZjwMwMWY1eqk"
1,"YGVt.me/+Jso26dHLhmUzMTQ9IEJ"
1,"代收私，点位可谈."
1,"SZZ专业团队源头超级签，app封装，安卓包报毒冰价EZL"
1,"富贵钱庄拥有充足资源，助您快速处理资金回Ｕ通道，安全保密最快到帐30分钟回款可处理各种资金性质富贵频道：https://t.me/fugeisorich以下渠道正在开跑中更新版本二道ＢＣ印度尼西亚各项搬砖俄罗斯尼日利亚印度卢比菲律宾澳大利亞越南玻利维亚南非日本巴西泰国马来西亚巴基斯坦墨西哥哈萨克斯坦肯尼亚哥伦比亚尚有大量渠道未能尽录如有需求欢迎找我问问：@cs2_fugui小鹿代发点击联系"
1,"暴利项目日赚3K+无押金！小白可教先打款，后回U我们先款，收到款以后回U洗米项目，无押金，可试跑，急用的找我了解咨询：@Usdt8811简单易上手，小白可教https://t.me/Usdt8811"
1,"全国同台接黑白资，量大可长期套路嘴炮勿扰，欢迎有实力的老板和中介咨询：@BH5364"
1,"急用钱的来，租借银行卡大量高价收各种银行各种地方卡租借：中国银行-农业银行-农村信用社邮政银行-地方银行等等…大量收盾卡诚招实力中介长期合作买断长期租借跑三个月：可不同台请联系：@U22666请联系：@U22666请联系：@U22666买断银行卡，手银盾一套7-18万注：要预付订金、路费的勿扰！！！廣告投放點此聯係廣告投放點此聯係"
1,"3{55%的超高返佣比多重扶持寻找合作伙伴有意滴滴我"
1,"租支付宝的来速度一小时300上号10分钟预付一半"
1,"万事达加密货币银行卡！直接充usdt即可在ATM取现金，全球取款，0冻卡，不看征信，不查流水，不走大数据币圈散户出金怕冻卡的！公职人员炒币的！博彩出金的联系@caishenfei频道：https://t.me/tokenpocken77ix"
1,"≧◉ᴥ◉≦EYX源头超级签，app封装，安卓包报毒FFM"
1,"【电报小店】能做什么？1、可以创建属于自己的店铺2、可以上传商品到店铺自助卖货3、小店自带群组推广三大功能：屏蔽垃圾信息、智能回复、轮播产品1分钟开个小店，稳稳收入把钱赚"
1,"1.车队接料，大小混，精，刷，色都可以，可担保可直押，咔接回u，实力老板来3j"
1,"JJCTG群发软件TG群发软件TG群发软件TG群发软件TG群发软件BOI"
1,"诚信经营长期合作高价收普卡小额度卡一类卡公户信用卡盾骗票绕道路费三包联系方式:@clw26888欢迎卡商、中介、卡主来洽谈。诚信经营长期合作|；"
1,"小额洗有QQ支付宝即可无风险联系@DYJ8865"
1,"evYBB车队出u可承接一道二道，卡接回长期有效，djiudjk123hgddgev"
1,"≧◉ᴥ◉≦GUH稳定签OCS"
1,"新项目/无风/险来"
1,"NPK老牌超级签，封装报毒处理，稳定不掉签JNV"
1,"【盘口直招】启航朗新集团手工盘带量来谈价最顶级的精洗数据通过率高数据一直顶尖，不一定纯低龄通过率才高，精洗混合数据一样嘎嘎通过0–9占40%可以定制数据其余20-2524起百25千27两千28合作后价格可谈可下底料1w出10群晚12:20拉群数据有效期:5天扣单0–8%无暗扣晚10点左右结帐帐不过夜联系：@a777ya对接群：https://t.me/wangzhetuima320频道：https://t.me/+8IEUqbv-88c5NmI1------------------已在太平洋上压10000u小鹿代发点击联系"
1,"营业厅⒌Ｇ可靠投资，长久收益，诚信运营曰收入超过7800+我们期待，能给你不一样的惊喜威19536792394"
1,"1.车队承接料，常规，大混，精，刷等/可担保可直押，咔接回U，实力老板来zy"
1,"小程序接码一单300一共5个验证码，佣金300，微信支付宝结账，安全无风险，秒结账，做的话，发号码"
1,"临近年底专业跑分翻身改命發财@hengyun777@hengyun777免押金免押金免押金不扫码不授权不测ú—盘口直出二道归集已沉淀—小白包教会一笔一结—日赚5K+多劳多得佣金16~25个点可以循环做—流程:先把ú准备好财务先给你转款+佣金款到秒回我ú—保卡:司法24小时包赔绝对放心不风控—长期对接大小车队诚信合作骗子白嫖请绕道發财@hengyun777@hengyun777正规接跑分单本公司跑分接单已经3年以上资历@hengyun777"
1,"支拉来人散户28一单团31"
1,"免费公安查档，解司法，微信记录https://t.me/+jdXVqDZX8uFmNmU0"
1,"ayangmaokkkkkkhttps://t.me/+yn0OsAgJrdxiMDhl 彩꯭꯭票꯭꯭丨꯭꯭博꯭꯭彩꯭꯭丨꯭꯭盗꯭꯭U꯭꯭丨꯭꯭期꯭꯭货꯭꯭丨꯭꯭区꯭꯭块꯭꯭链꯭꯭丨꯭꯭资꯭꯭金꯭꯭盘꯭꯭丨꯭꯭股꯭꯭票꯭꯭丨꯭꯭交꯭꯭易꯭꯭所꯭꯭꯭꯭|꯭꯭꯭꯭抢꯭꯭单꯭꯭꯭꯭等꯭꯭各꯭꯭种꯭꯭系꯭꯭统꯭꯭꯭꯭开꯭꯭发꯭꯭定꯭꯭制꯭꯭联꯭꯭系꯭@dajianapp888"
1,"[s出交友APP全球Tinder巴豆大黄蜂CMBOkcSkouthappnmeetmezoosk小号微博微信满月号伪企群领英IG粉丝包装号真人老图号FB有缘号https://t.me/+7d184PMrBOw2Y2U9"
1,"(͡ ͡)FPC旗牌二道，免压跑芬@zhua5999@zhua5999车队、个人、皆可操作免押金，免押金，免押金卡接回油，大额小额均可操作信誉盘放量，单笔结算日入3000+不是梦新手小白不会，客服一对一教流程：先把U准备好，财务先给你转款+佣金，款到秒回我U【熟悉买U操作】准备好第一笔U来做，循环跑点位：10%~25%，稳定后利润上调保卡保料：死卡包赔，资金算我方，放心做旗牌二道归集料，沉淀48h，无混，无黑听话照做我有项目一起发财合作共赢本号不回复，有意者点击下方↓↓↓↓↓↓专业客服与你对接@zhua5999@zhua5999@zhua5999蘿VIJ"
1,"神盘新A不匹配低龄混合手工数据0-25通过爆炸1:10，1w=10群晚1-9拉群，晚11点左右结账价格:23起，100-24有量有价数据群码管够招质量散，质量团！要求能连单保真，成熟团队欢迎合作鸽一次永不合作认准唯一：@xincheng66工作频道:https://t.me/XINCHENG6666"
1,"3c全网最高价收一类卡大小额-盾卡-公户中介卡主来聊聊价格天花板骗子勿扰@HW521"
1,"龙华大浪个人，01年，大长腿，科室，外。，震，纹"
1,"3f招盗U代理出假U仿U黑U懂的来@Daobi618"
1,"海外撸口子项木月撸>>五千U+<<月撸>>五千U+<<有电脑即可上手\/:❷❻❹⓶"
1,"项目名称：看海钉拉22-27项目介绍：看海钉钉拉手，一手零错，钉钉基本零错单，假单，乱拉乱报除外，看海主打零错！！！你们看你跟的老板错单情况多的有可能出现暗扣，欢迎团队转型来，单量出来拉担保，高通数据一号加50人，两分钟加完爆粉高通10组过30有破解号限制方法散户号少无限做趁现在多赚点纯吃肉项目担保：支持超押对接联系@kanhai1111双向进对接群：https://t.me/+m3PHHJmqkjo1ZDk1欢迎转型团队，机房协议团，小团大团打扰小鹿廣告代發點擊這裏聯系頻道上粉"
1,"有执行力缺项目的来看"
1,"vh全网最高价收一类卡大小额-盾卡-公户中介卡主来聊聊价格天花板骗子勿扰@HW521"
1,"COCO低端續租炒群ZM日结：480_隔夜：650好友10，2个月账单以上号无违规，可解冻联系的到人以上达到要求的来上号不要问有没有位置无限上速度来上号客服：@BBB1355871唯一上号群https://t.me/COCO1355863鑽石代發點這裏框框就是發"
1,"1.实力车队、承接一道二道、咔接咔咔接回U高效不堵车、可担保/直押，来实力金主合作jo"
1,"6p招盗U代理出假U仿U黑U懂的来@Daobi_Pay"
1,"出稳定坐席，固话，港显，未知，服务器，可对接，可按分钟，免费测试，欢迎洽谈，！！！@gxfc168118"
1,"承接各种网站攻击服务器攻击APP攻击平台攻击，流量攻击T级大流量攻击无视各种防御指哪打哪！专业解决被劫持的烦恼！无视任何防护支持测试支持测试支持测试实力攻击团队在线接单您身边的专业打手咨询联系：@waf78999咨询联系：@waf78999———————————————————-承接各种网站攻击服务器攻击APP攻击平台攻击，流量攻击T级大流量攻击无视各种防御指哪打哪！专业解决被劫持的烦恼！无视任何防护支持测试支持测试支持测试实力攻击团队在线接单您身边的专业打手咨询联系：@waf78999咨询联系：@waf78999"
1,"一手数据实时数据全行业数据一手数据实时数据全行业数据一手数据实时数据全行业数据渗透+DPI+SDK三网数据指定网址/APP定向提取用户数据各平台实时数据棋牌博彩彩票体育数据贷款车主宝妈教育数据色男空降抖音股民数据医护学生钉钉币圈数据p2p海外企业法人等数据纯男纯女三四要素，信用卡公积金，微信支付宝数据等频道:https://t.me/hongtuZTG：@a66678TG：@a66678TG：@a66678团队以诚信赢天下为宗旨信任是合作的基础质量是长久的保障坚持高质量高效率高服务靠谱数据认准宏图欢迎各大盘口老板实力中介来谈TG：@a66678TG：@a66678TG：@a66678渗透三网SDK联通电信DPI指定APP/网址提取高频活跃使用用户渗透DPI&SDK三通道学术研究！频道:https://t.me/hongtuZ欢迎各行业人士交流探讨！！！不提供免测！！！TG：@a66653TG：@a66653TG：@a66653小鹿廣告代發點擊這裏聯系頻道上粉"
1,"电̰报̰最̰硬̰的̰Ṵ商̰，̰日̰量̰大̰，̰线̰下̰，̰快̰速̰，̰要̰的̰老̰板̰联̰系̰̰"
1,"售.流量卡.香港卡.三网卡"
1,"可爱嘟嘟ZM价格：日结！半年350日结！年号500隔夜补100二半四全上满二个小时算半天，四个小时算一天解冻补30早上9-12点开始上号晚上7-12点上隔夜晚上十点开始结账！招收实力商家散户！隔夜日结担保！对接群1.https://t.me/kekeaiai778(https://t.me/kekeaiai778)对接群2.https://t.me/+we1mjhEijxE2YWZh钻石暴力代发"
1,"全网稳定出u支持上门同台5W优起步下浮认准啊信：@xing8852q"
1,"菲马卡提钻石急招人事团队，待遇优厚有能力招人肯定能赚钱，有没有护照都要，人事上7休4，欢迎来撩推广模式刷单，月收入3-5万，感兴趣聊一下。@cctc_zz"
1,"APP拉新体验室帮助各大知名平台推广增加用户量项目收费，白P勿扰公司稳定运营6年，纯绿色正规项目微信：Ldck2077"
1,"出体育GM兼职相亲劫持六合菠菜炮台渗透购物"
1,"偏门桃李橡木橡木长期、利润高、适合个人和工作室操作橡木一：单人单月保②w橡木二：单人单月保④w数据支持任何形式的考察可签订合同，双方保障可线上可实地面授学习，直接包收入+喂：93026860"
1,"世界杯前期失利的兄弟，别担心，拿上你的卡，过来找我同台，我助你东山再起！"
1,"闻道有先后！术业有专攻！全网最最可靠网赚项目！一人轻松实现日赚五千！有闲鱼转转即可做！助你实现财富自由！专业渠道！安全可靠！支持同台！支持担保！简单操作！小白可做！支持视频通话验货！支持走新币担保！支持线下见面交易！独家渠道！挑战全网同行！长期项目！赚最稳，最久的钱！频道链接//t.me/+tfg4QOGCYGk2NDk9频道链接//t.me/+tfg4QOGCYGk2NDk9小鹿廣告代發點擊這裏聯系頻道上粉"
1,"吃饭要钱吧，看电影要钱吧，开房要钱吧，也要钱吧"
1,"UDB油卡、电费、核销、全国可充、支持担保、有诚意者来私聊BUK"
1,"MELapp封装，apk报毒处理(免杀过所有机型)，源头超级签，全网最低价CDS"
1,"g、找人查询个人户全家银行卡反https://t.me/+OKOI4LtRV1Q3MGIx"
1,"太阳等级QQ 高价高价秒结账秒结账 全天在线收号.随时在线！"
1,"偏门项目感兴趣滴"
1,"NKU稳定签FNX"
1,"1.dz实力车队、承接一道二道、咔接咔咔接回U高效不堵车、可担保/直押，来实力金主合作dz"
1,"yangmaokkkkkkhttps://t.me/+VFJzgouMVGNkY2JhDr-TG发广告日发百万"
1,"51银行卡反全家个人轨迹公司婚姻https://t.me/+x33itzKQ5wQ3Yjkx51"
1,"hqz免費收徒教₫音自動引流，每天26OO米，你我合作分潤，有搞欲望抓緊來對接！倆小時一結"
1,"??>:KbH_nK^.1y6c_UW0Pb??https://t.me/+HK0vmyhhrj04NDE1"
1,"≧◠ᴥ◠≦SNQ稳定签HPR"
1,"噺悡18帶沵賺錢帶沵飛砽唫滈垯55%！①矗歭續菿迣鎅柸。亾頭曊300-1000/亾！letstalk:t598856015TG：@keleai11"
1,"QFU主营:海外FB/TT官媒/快手/谷歌/代投/上包/数据，自有FB|TT技术部，谷歌技术部，数据技术部，欢迎长期合作！SPC"
1,"m9MMR车队系咪大量出U接一道无视黑白ghffhjjbvm9"
1,"长期稳定做日收入200+飞机引流变现工作室放大做日收入8000+操作简单，5分钟学会Vzaq122131"
1,"kuy运费险长期稳定的撸羊毛项目项目兜底，日入1000+可个人，可工作室欢迎个人团队前来洽谈合作：@nipo3333"
1,"vc全网最高价收一类卡大小额-盾卡-公户中介卡主来聊聊价格天花板骗子勿扰@HW521"
1,"床品，百货，男装，男鞋，皮带，洗护，香水，公仔，生活用品等。"
1,"寻人启事寻人飞机名字@德国总理请尽快联系领取您的返点"
1,"9f代发广告，群广告，私信，克隆拉群（公开群/私有裙，拉号码/用户名），机器人/僵尸粉，软件，都有。稳定经营三年，需要请私我9f"
1,"hg人员规矩资产察酒店记录https://t.me/+wWikn15pAftjNGM5hg"
1,"急用钱的来，租借银行卡租借～平安～农业银行卡～北京银行～邮政银行～上海银行～中信银行～等等大量收盾卡招实力中介长期合作一天1000至8000每日一结跑三个月：可不同台请联系：@bbb1666请联系：@bbb1666买断银行卡，手银盾一套7-20万注：要预付订金、路费的勿扰廣告投放點此聯係廣告投放點此聯係"
1,"(͡ ͡)80U封装苹果打包-免签出包迅速效果贼强1pa"
1,"发川zm对接群日结早800上号隔夜晚1800挂设备（晚上不使用，第二天早上开始计算）日结价格：450隔夜价格：600要求：满十五好友手机号绑定实名认证账单最低三月时间限制补50永久限制补一个全天https://t.me/fsawrfxza{钻石代发广告代发点这里【广告代发/频道群组上粉/克隆】"
1,"日结不禁言上号群盘口可验，信誉可查。可拉担保。3个月：2806个月：380年以上账单：480（隔夜提前挂设备+50）要求：1个月账单起，好友10+实名无限制绑定手机号码必须能解冻第一次不结没钱，后面解一次+30。上号时间：全天使用时间：8：00-22：00结账时间：22：00-23：00算钱：使用时间1半3全限制统一补50不算钱：顶号，第一次解冻不处理。别在你需要的时候才明白钱的重要，别等你的女人你的父母你的亲人为了钱失去尊严的时候你再去后悔。现在点击下方链接联系我，给我们彼此一个机会。上号客服1：@xiaoxiang50上号客服2：@Lab778877群链接：https://t.me/Lianxi996群链接：https://t.me/+QdYuSDPfMFwzMmE1广告dai发联系钻石代发"
1,"批售WhatsApp成品直登号（支持一机多号全网独家）网站地址：https://whatsapp-mario.com邀请码：“85I24L”-or"
1,"uvuv广东汕头揭阳大量收一类卡盾公户落地三包骗票绕道可上压可验付来卡主卡商联系方式:@hongfa688对准广告频道:https://t.me/hongfabaojia诚信经营长期合作"
1,"无脑丧志胁迫奴，贡奴来，有要求，高压控制来做主人的一条狗，口嗨勿扰"
1,"凌晨大哥大姐们可以看片了会让你激动免费自动使用黄片机器人，自动操作，各种各样都有，想看什么自动选免费飞机号等等，快领取一个属于自己的黄片机器人吧机器人看片免费：https://t.me/xiangjiaochuanmeibot?start=z3njbj机器人轰炸免费：https://t.me/Huahz_bot?start=zpekf8"
1,"1.实力车队、zk承接各种一道二道，卡接回U/寻长期料主卡足不堵车/可担保/直押卸货专业/点位美丽zk"
1,"教你月入过万在家里就可以躺着赚钱项目④/訫我④/訫我④/訫我④/訫我④/訫我联系：Tiktok66联系：Tiktok66"
1,"8n*一/手长期收各种一类咔，盾/咔，公/戶，诚招各地咔/商，中/介价/位天花板诚/收建/设一类无视额/度外加任意一张50或100额/度10w！！！做多天按流/水买/断保司/法保/量口嗨怪骗票狗勿扰！！！"
1,"两个稳定长期正规项目有安卓手机，电脑即可操作软件全自动化，操作简单小白轻松单天收入+联\/X：---------"
1,"出股民相亲劫持，渗透，yp上第三方，抖音站街粉劫持六合劫持色站广告位"
1,"飞机批量拉人私信群发软件，支持免费试用协议号，直登号出售代拉活人，僵尸粉【稳定不掉粉】监听机器人【关键词监听精准推送】各种机器人定制代开TG会员联系客服@chuanzkf005"
1,"④信我④信我④信我④信我④信我"
1,"4oJHB1接各类资金洗米可接一道回U4o"
1,"爱坤ZM盘口直招全网唯一高价不禁言群要求：三个月以上账单10+好友价格如下日结：450RMB隔天：1020RMB上号时间下午：1600（挂设备第二天使用）早上：800（当天使用）群链接：https://t.me/ikun520iku"
1,"NCI找核销电费石化石油卡密话费出沃尔玛卡京东e卡油卡话费卡折扣美丽全国可充EJI"
1,"神盘新A不匹配低龄混合手工数据0-25通过爆炸1:10，1w=10群晚1-9拉群，晚11点左右结账价格:24起，100-25有量有价数据群码管够招质量散，质量团！要求能连单保真，成熟团队欢迎合作鸽一次永不合作认准唯一：@xincheng66工作频道:https://t.me/XINCHENG6666小鹿廣告代發點擊這裏聯系頻道上粉"
1,"微信好友提取全国开房内部案情https://t.me/+wlzOh6xEmgYxYWJh"
1,"yuuh256739https://t.me/+yutCTbWYmY8zYTlhTG-博士专业广告代发"
1,"2022项目卦机类单日300+卦机类项目单日300+可实时考察落地考察全网引溜类橡木有意向↓↓↓V:Sykjtq"
1,"QBG找核销电费石化石油卡密话费出沃尔玛卡京东e卡油卡话费卡折扣美丽全国可充WZH"
1,"电信5G合作商每天稳定收益7K以上操作简单，小白也可正规合法靠谱实地考察包教包会包回本项目收费项目收费Vxin:13654274625"
1,"专业劫持搭建涩粉体育六合"
1,"主要销售pcp消音器，光学瞄准镜，p握，恒压阀，气瓶，打气筒，包包等各类周边https://t.me/+1zdI58Tg1Ys4OGU9下单联系@ydh927小鹿廣告代發點擊這裏聯系頻道上粉"
1,"b8YBB车队出u可承接一道二道，卡接回长期有效，djasklddshnkjk45b8"
1,"w9卡冻因流水案件车主人轨迹https://t.me/+sZ6_ZLChmSIzZjE1"
1,"UC万事达加密货币银行卡！直接充usdt即可在ATM取现金，不怕动卡！全球取款！全球发货！居家旅行，必备此卡！适用人群：断卡惩戒人员！币圈散户出金怕冻卡的！公职人员炒币的！hyWD的联系@caishenfei123"
1,"bc机房直出电销线路(其它行业勿扰)国内卡线(+86国内手机号码外显)接通20%+纯港卡线(+852香港手机号外显)接通10%左右国际线(世界大小国混显)需要联系(优创科技小梦)飞机:@yckj777https://t.me/ayckj小鹿代发点击联系"
1,"公司直招本人也在公司本公司为一个全华侨为主开展的公司为了让大家在一起相处能够更加和谐，有家的感觉，公司规章制度人性化！1.话务员（淘宝天猫拉手）有赚钱欲望的，年龄要求30岁以内！男女都可以 ，工资底薪6000抽成业绩的3%奖金：当日破10-500，破20-1000，以此类推2.二线枪手15000底薪加提成需做过，有过打枪工作经验3.需要普通话标准，认识中文字，不认识中文和普通话不需要！4.实习期（5天），实习期内不适应辞职，工资不算！通过实习期工资正常计算。5.入职工资每个月10号结算！    6.上班时间（中国时间）：1030无赔付无赔付工资发放一线拉手：6000底薪+3个点提成一线中间人：6000底薪+3个点提成（有晋升组长空间）一线副组长：10000底薪+3个点提成（负责小组成员的生活问题和安抚挽留组员）一线正组长：8500底薪+个人5个点提成+团队0.5个点提成（负责本组成员交单跟单）二线枪手华侨：15000底薪+6个点提成每月十号按时发放工资，发工资后五天不允许请假当日业绩破十万奖励500，当日业绩破二十奖励1000，以此类推请假一个月不能超3天。一个公司当月破1400每人奖励500当月破2000每人奖励1000地址。木姐"
1,"yuuh256739https://t.me/+EcuNkDiZBv80MWM5TG博士代发联系"
1,"tf招盗U代理出假U仿U黑U懂的来@Daobi618"
1,"MT5，数字货币盘，到U，招商。"
1,"JDX品牌签名，快捷稳定！VPS"
1,"自动营销引流软件群-发拉-人私-信炒-群监-听协议号批发代筛手机开通机器人定制代开会员代开会员代发私信0.2/条拉手机号0.4/个免费试用私聊联系：@loveyou3579"
1,"qss24小时全自动裙~发菈~人私~信炒~群采~集筛~号上粉飞机号协议号@zz99u999(骗子火葬场）"
1,"，p个人一类银行咔拿来换钱，收个人一类银行咔，帮娱乐公司偷税漏税绝对安全，薪酬按你帮公司避税的额度抽十个点，比如5万您可以抽5千的薪酬一天。胆大来做，胆小看着干瞪眼。诚招中介咔商合作，工作地点：福建漳州想不想过个好年看你敢不敢，有意向加微信18697611951或13156723582或19813508339"
1,"we1.外汇秒合约BTCETH加送币资金盘玩法招实力代理2.国内扫雷红包群（苹果商城app）招拉手，实力群主轻松日新过万（日结）另招地推人员结算稳定3.信誉现金盘（综合盘）球真人百家乐彩票棋牌长久稳定合作咨询@fff676767"
1,"[已经担保认证]联系:@maotai5"
1,"mjfb推特飞机小号领英谷歌有缘微信支付宝默默丁丁百合各种号零售批发https://t.me/+OTUx4Cv24m80ZmU1"
1,"1.ve实力车队、承接一道二道、咔接咔咔接回U高效不堵车、可担保/直押，来实力金主合作ve"
1,"1.bq实力车队、承接一道二道、咔接咔咔接回U高效不堵车、可担保/直押，来实力金主合作bq"
1,"PWQapp封装，apk报毒处理(免杀过所有机型)，源头超级签，全网最低价OOW"
1,"稳定出U，需要的老板私"
1,"开云体育官方招代理备战世界杯#世界杯倒计时#世界杯赚钱#做代理0投入做代理，月入10万不是梦！55%分红+起步人头费1500+流水返利55%分红+起步人头费1500+流水返利55%分红+起步人头费1500+流水返利不实名免费做代理，佣金准时开云：377kyty.net开云：377kyty.net不黑不卡不跑路，月入十万不是梦官方招商：@Yoly100官方招商：@Yoly100"
1,"≧◉ᴥ◉≦GOL找核销电费石化石油卡密话费出沃尔玛卡京东e卡油卡话费卡折扣美丽全国可充GTZ"
1,"ol卡冻原因好友、提全家信息https://t.me/+lgAwXch7iQBiYjc5"
1,"rmWQE出下浮u承接各种一道二道，卡接回，同台lvhen667hhf990rm"
1,"ao专业车队接料，卡接回u，承接各种一道二道，欢迎实力金主来谈/支持担保上押，骗子勿扰ao"
1,"撸礼品卡变现的哥们看过来steam亚马逊谷歌苹果雷蛇香草汇率美丽几乎全秒吃可以一单一结U（TRC20手续费不包）也可以累计3000￥结U（包手续费）每天汇率不一样，有卡的老板，带卡私我"
1,"1.车队承接料，常规，大混，精，刷等/可担保可直押，咔接回U，实力老板来6k"
1,"yuuh256739https://t.me/+UQyxIFZh_LswNjMx"
1,"考虑来菲吗？底薪1万+提成，有护照安全稳定过海关，薪资待遇好."
1,"106一手直连通道，三网可发棋牌>综合＞体育>收量通道稳定模版多，各位老板带量来谈@QPTG001频道连接：https://t.me/+WTs0Z5--xaNmNDk1小鹿代發點擊聯系"
1,"账密、680全天，上号有预付390、有号的来、"
1,"不限制任何渠道，不限制任何话术围绕添加客服送福利或者红包话术就行男女都要，不要学生，客户添加就交单只要客户添加客服，不秒删，不乱问就可以。做单教程频道: https://t.me/dd3196预约数据【一组20条】1.豆豆202.夜幕预约30文件夹或者每组发    103.黑猫警长204.东东2组5.周润发3组6.苏然1组7.欧时姐40组8.希望1组9.晨2组10."
1,"tinder火种号，badoo巴豆，大黄蜂，CMBGV号，交友粉定制，有缘FB最稳独家技术，高质量全球引领~联系：@zxc9055"
1,"goutuijiayuan1https://t.me/+UK1fqnxF9vRkN2FhDr-TG代发"
1,"1.车队承接灰白资，卡接回U，无中间商，vz点位美丽来稳定料方，口嗨勿扰vz"
1,"最新稳赚数据标注来了解！单人稳定收益一天几百块！无门槛，操作简单易上手！公司全套线上培训，包教会！只需一台电脑在家即可操作！！人人可做，个人、团队都可做！项目有费用，非诚勿扰！！感兴趣加V咨询：17204785550"
1,"福鑫工作室一手US自建鱼塘全资可挑头！！保证一手品质保障！！超低劲爆价！！随机50挑头60每日更新2000+US联系TG：@fuxin6666认准TG号，错一个字母都是假冒—————————————加入频道，即时查看料头频道：t.me/fuxin66666(httpsfire城招实力代理小鹿代发点击联系"
1,"sqsq广东汕头揭阳大量收一类卡盾公户落地三包骗票绕道可上压可验付来卡主卡商联系方式:@hongfa688对准广告频道:https://t.me/hongfabaojia诚信经营长期合作"
1,"<b><i>招QQ群演，一天工资300-500简单好做，位置50做的进频道对接群1.<ahref="https://t.me/+5J1PCqsN8wIxNTM1"target="_blank">https://t.me/+5J1PCqsN8wIxNTM1</a>2.<ahref="https://t.me/+SIoHcWAOY1o3MTk1"target="_blank">https://t.me/+SIoHcWAOY1o3MTk1</a></i></b>"
1,"万事达加密货币银行卡！直接充usdt即可在ATM取现金，全球取款，0冻卡，不看征信，不查流水，不走大数据币圈散户出金怕冻卡的！公职人员炒币的！博彩出金的联系@caishenfei频道：https://t.me/tokenpocken7704"
1,"ua车队长期收常规，混料，1道2道资金，咔接回u，可担保/直押，诚信金主来谈ua"
1,"软件开发:通讯录，刷单，小程序，棋牌，彩票，网站，商城，APP，直播，区块链，资金盘，交易所，盗u，假钱包，后台可控。"
1,"熟女寻找刺激图个长期喜欢私"
1,"诚信出u，国内同台，量大优惠，卡接回u，接黑白资：@xdfg210"
1,"t9广东汕头揭阳大量收一类卡盾公户落地三包骗票绕道可上压可验付来卡主卡商联系方式:@hongfa688对准广告频道:https://t.me/hongfabaojia诚信经营长期合作"
1,"11偏门桃李橡木22橡木长期、利润高、适合个人和工作室放大操作3一台电脑可操作轻松月入2W+4可签订合同，双方保障5可线上可实地面授学习，直接包收入6+喂：meiyuan39"
1,"1.什么料都接，卡足，大车队值得信赖，卡回u...因为专注所以专业，料主金主们洽谈ez"
1,"盗币和U招代理！来不来？it"
1,"HYMV低端zm单价23032401025020260晚上上号300起顶号没工资三天起租要求：3个月账单好友10+无限制号商私聊我拉客服群对接散户单独私聊美女代理上号HY4点前上号全天4点后上号算半天2点前退算半天2点后退算一天9.30退之前没钱18点以后上号算挂ip稳设备挂设备300起MV6点前上号全天4点前退半天4点后退全天号商自带设备短租号不要来发现恶意顶号改密码的扣200永久限制：150对接人：@XXY898通知群：https://t.me/HYjinchuanZM{钻石代发广告代发点这里【广告代发/频道群组上粉/克隆】"
1,"公司深耕国内外互联网变现项目现推出3个目前国内最火爆的单品单人单日可产出1000+收益纯正规项目操作简单可批量复制欢迎实地学习考察实操满意了再回去做意向联系威信：LK16279"
1,"5p招盗U代理出假U仿U黑U懂的来@Daobi618"
1,"IOD稳定签ZZR"
1,"在线接码注册实名换邦辅助"
1,"3oWQE出下浮u承接各种一道二道，卡接回，同台Fengxingtxia3o"
1,"博创担保整合多种业内可靠的推广资源国内短信卡发各行业数据资源国际短信通道国际验证码平台各种流量引粉资源色站广告位facebook/instagram/tiktok官流投放全程提供担保，全程把控质量数据接受定制、交易安全稳健频道链接：https://t.me/BCDB_DATA频道客服：@DataCS2_BCDB@DataCS3_BCDB小鹿廣告代發點擊這裏聯系頻道上粉"
1,"gw车队长期收常规，混料，1道2道资金，咔接回u，可担保/直押，诚信金主来谈gw"
1,"bj专业车队接料，卡接回u，承接各种一道二道，欢迎实力金主来谈/支持担保上押，骗子勿扰bj"
1,"有人帮忙做深透？目标数量多"
1,"7-定位轨迹。银行.、.流水。好友。提取。户籍https://t.me/+yYnJKcQa9gkwZTI1"
1,"CJ盘日结账密:价格210-240限制补50永久补200长期续租版续租1-60天@Anf888号商来找我谈价格号商待遇拉满为止上号时间:早上7点-晚上24点16点前上的算全天16点后上的算半天18:30后上的第二天开始结算18:30开始核对22点前基本结清（大量位置客服在线接号）价格上升空间:结算号数＜5+210+50结算号数＞5+220+50结算号数＞10+230+50结算号数＞50+240+50要求:1.三个月账单20+好友账单越久续租越长续租1-60天，长期续2.最低3天起租无限续租号主要退租提前半天在售后群通知3.结完账顶号扣除当天这个号佣金新人顶号不管多少量直接踢永不合作租QQ当天结散户价格120不用测试要求：3个月内无违规万人对接交流群https://t.me/fafafashun888666小鹿代发点击联系"
1,"#国内资讯（2022年12月09日）周五反电信网络诈骗法施行第二天，成都锦江公安打掉一涉诈团伙导读：12月8日，四川在线记者从成都市公安局锦江区分局获悉，该局经过缜密侦办，打掉了一个贩卖电话卡团伙。目前，该局依法对涉嫌帮助信息网络犯罪活动罪的鲁某、肖某、曾某采取刑事强制措施。https://www.bodu365.co/a/114222.html博度—全民记者——爆料找我：博度爆料专员博彩从业者自己的新闻频道：博彩从业者必备频道|护肤美妆|宠物出售|香烟酒水|签证机票||手机电脑|菲岛靓号|中菲物流|宠物用品||安心换汇|招聘求职|博彩大楼|博度云|工资代发|"
1,"b6实力车队除招商不要、小额一类咔2-3w直接买断、50-100w咔4-7w买断、盾卡15-30w、买断公户25-45w买断另外大额可走点位价格天花板、欢迎实力中介咔商来谈。"
1,"一个人好寂寞呀.有没有哥哥约呀私信约妹妹"
1,"盗U招代理！来不？x7"
1,"孔明ZM日结价格：六月账单350一年账单4509点用号上满2小时限制算半天，上满4小时限制算一天！（2半4全）隔天日结担保（根据账单好友定价）招收实力号商.散户.群链接1:https://t.me/Hvgg468对接群2:https://t.me/+RcsdXISXU2A3ZjY1{钻石广告代发点这里【代发/上粉/克隆】"
1,"(◔◡◔)KZY全球号码检测提供有效号段免费号码生成、可指定城市筛选活跃有效号码@vipqiqiEJV"
1,"mw一手车队，承诺各种灰白料，卡接回Uqwefghjkuimw"
1,"盘口直收各大网购平台三月内一手数据实时数据对接【技术大牛】【平台运营】【内部人员】【手拍面单】另寻终端老板合作、自用验证满足一切合理需求对接快手运营、客服人员、各大平台内部人员找我换钱小白可教包教包会日收入1w+：@MDH68888频道https://t.me/wanggoushuju68888j8j8*"
1,"想赚钱？缺项目灰产熊猫担保TG最大的灰产社区总群链接:https://t.me/xiongmaoTG1供需发布:@xiongmao2023（项目合集，凡是发布的项目均支持担保交易！）业务公告:@xiongmaoTG3（活动通知业务通知)负责人、担保联系:@xiongmao2023（发布公告、开设公群）仲裁联系：@xiongmao2024（处理交易纠纷）鉆石廣告代發點這裏代發/上粉/克隆"
1,"需要接的来全网最低"
1,"绿—色—棋—游热门棋牌玩法全面真人视讯体育赛事爆分超高充提快捷福利多多精彩无限下载地址:kd.niu88.live若延迟，请关vpn或开全局代理"
1,"千⑥跑分无押金1r"
1,"④訫我了解④訫我了解④訫我了解④訫我了解④訫我了解"
1,"vw拉群群发私信群广告TG助手王软件免费可测推广引流，僵尸粉都有"
1,"57出假油黑油道油来精聊队伍谈@kejilangdaoUSDT"
1,"UGU苹果各种签名，app封装，安卓报毒处理价格合理LSB"
1,"真实可靠https://t.me/srtg000111找人找车抓小三"
1,"1.专业车队接料，招一道二道常规/大混料主卡U车卸货专业点位美丽可担保/可直押/大小车都欢迎洽谈谈好立马开ex"
1,"xe专业车队西米承接一二到点位美丽出下浮uyintiayibugezixi8044466xe"
1,"拉裙批量私信批量群发软件群控机器人代发广告直登号群发软件（可自动加群）k9"
1,"一手106短信/彩信可发棋牌体育综合欢迎各大盘总来撩，绝对一手，实发不扣不操作另提供文案定制服务，细节详谈:@youxuan20小鹿代發點擊聯系"
1,"x8车队长期收常规，混料，1道2道资金，咔接回u，可担保/直押，诚信金主来谈x8"
1,"收盾卡手银公户价格天花板落地三包欢迎中介散户来骚扰结算方式:一卡一结，需要转账现金请提前说明没说明就统一按USDT结算！！！骗子勿扰！认准对接人：@cx8895（认准此号）"
1,"400到450v推主推顺丰单子有问题的实时截图来几个质量团随时有数据！！！稳不容易挂，数据随时有，审核几分钟就结账小团散户都要质量团可谈价格规矩少，不乱扣单长期开工不休息一个字稳！做假单的别来试了，查的严别浪费时间黑单不卡回复顶级数据TG唯一联系方式:@ll175454TG唯一联系方式:@ll175454400到450v推主推顺丰单子有问题的实时截图来几个质量团随时有数据！！！稳不容易挂，数据随时有，审核几分钟就结账小团散户都要质量团可谈价格规矩少，不乱扣单长期开工不休息一个字稳！做假单的别来试了，查的严别浪费时间黑单不卡回复顶级数据TG唯一联系方式@ll175454TG唯一联系方式@ll175454TG唯一对接群：https://t.me/+FNPMuPzT2vBkNzc1一直在双黑审核秒审不跑一单终成大户钻石代发广告代发点这里钻石代发广告代发点这里"
1,"VNw超级签平台稳定不掉签后台下载数据全透明3Ct"
1,"需求商品:收一切色粉。数据电销打色粉，关键词排行粉，小平台粉，哔哩哔哩粉，六合站粉，虎牙粉，歪歪粉，小说粉，游戏粉，抖音粉，探探粉，陌陌粉，相亲粉，直播粉，验证粉，站街粉，游戏粉，各种姿势上粉。只要男粉就要，无任何要求。注：隔天下午两点半到四点结账，假粉，高级任务粉不要来挑战，浪费时间，专业查粉部门配合！你有质量我有价格需求量：无限收价格接受：6－9售后要求：无对接联系人：Are009"
1,"1i大量出U/黑白资洗白/咔接回U/国内同台/点位美丽/可接一道口嗨勿扰1i"
1,"中学生裸体鉴赏私密群https://t.me/+ndJ-aFIpvOs5NmJh"
1,"招收卡主中介卡商大量上人不排队日消耗20张卡售后要求：没跑过分没网赌流水卡主需线下同台！就近安排发图问价口嗨勿扰！！收一切一类银行手银高价收公户，高价收私盾四大行，九大商公户有的联系农业盾90888(电审降额2.5点）建设盾108888邮政盾80888吉林盾188888上海盾120888地方盾120000起信用社盾150000起联系：@A8E889所有卡用一天还给客户https://t.me/S88888F888[钻石广告代发点这里【代发/上粉/克隆】"
1,"ry车队长期收常规，混料，1道2道资金，咔接回u，可担保/直押，诚信金主来谈ry"
1,"盛亿游戏挂机介绍游戏名：失落的方舟项目模式：无需上车费项目基本要求：客户自己准备账号，脚本，VPN，投入498单台机器项目扶持：我们全方面技术支持，起号，刷金，控制成本，风险合作收益：单机起号收益60-80，起号留着刷金自用利润单机到800可批量百台仅需一人看管合作分成：收益分成按照3/7分红，客户拿百分之70技术百分之30深度合作：可以上门为你搭建百台机房，你也可以到我们公司为你搭建（解决你的资金压力）唯一联系TEL：13667141111VVV:Sykjtq"
1,"刑侦半码全户犯罪在逃一体电信机主百分百疫苗地址工作单位圆通邮政顺丰快递地址民政婚姻三网名下手机号疫苗预留手机号支付宝机主银行卡反手机号身份证号码名下房名下车公网16头猎魔新版老板开房开同一体常用号有效期名下常用银行卡在线收单只收u@xiaoyucd"
1,"gx实力车队建设一类配两100w额度的卡13w收！建设一类配盾卡20w收！另大量收购50w额度的卡价格天花板、落地三包可预付、嘴炮口嗨勿扰、欢迎中介卡主来谈！！！"
1,"在菲梦想团队‍捞偏门的项目‍网赚的新世界‍期待你的加入通过套白卡密获取利润详情：https://t.me/+B87R_Dj9tL00ODUx"
1,"长期专业人脸解封各种软件人脸识别(支付宝.微信等各类软件)微信号出售，各种企业微信号有货各种软件过实名，过人脸客服@zysm666频道https://t.me/renlianjiefeng1小鹿廣告代發點擊這裏聯系頻道上粉"
1,"新播放器收量，新炮台收量！不限制渠道价格高结算稳定不扣量新平台好上量！能跑的速度联系现招Cpa，各大代理商，价格高，次日下午18点结算，结算支持，卡，U。口令，结算稳定。手工量！假量，任务量，仿真量的，请绕道勿扰。官方认证联系方式：【官方收量】：@HK88701【CPA代理】：@HK88701【站点招聘】：@HK88701【在线客服】：@HK88701官方TG群：https://t.me/+o1XZuEUNt-ZhY2Q1官方TG群：https://t.me/+o1XZuEUNt-ZhY2Q1官方TG群：https://t.me/+o1XZuEUNt-ZhY2Q1雷神广告代发广告代发点击这里联系我频道上粉、群拉真人、频道刷浏览"
1,"强烈推荐DNF全自动搬砖小白可操作，全自动单电脑日收益300+签订包回本合同，可线下赚钱后回去V:17091422666"
1,"-道U、汸U、朂噺技朮@heiselang11DDDX"
1,"JPB稳定签XCN"
1,"p8、轨迹全家法人信息https://t.me/+hdheAGvn909jNzVh"
1,"出一手纯A(可验证后台)，手剥底单，指南针证券，诊股，九方智投，金斗云等股民数据。有需要的朋友可以找我交流！"
1,"PXL私信/我/了解私信/我/了解私信/我/了解私信/我/了解私信/我/了解LRR"
1,"1.车队承接一二道资金。卡接回卡/咔接回u，汇率美丽，欢迎滴滴dw"
1,"j3*印度|进口|非常便宜增硬和|延时持久，需要联系电报:@niubi310频道:https://t.me/yingbang310微信：niubi31052"
1,"充值卡洗B项目打金模式日赚500—8000想赚快钱的来！https://t.me/caishenshop8详情查看"
1,"0x招盗U代理出假U仿U黑U懂的来@Daobi_Pay"
1,"NEY一手实力料主大量招车队卡主bc色料精聊混料常规卡卡卡U/一二道保时保量走担保支持双押支持直押诚信经营长期稳定保量欢迎大小实力车主合作共双赢OZQ"
1,"ICg软件开发远控开发搭建定制功能主页有群@vps004"
1,"世界杯品牌投注站"
1,"n3找人，酒店同住，好友列表/提https://t.me/+ez3HJpysuhM3NzE1"
1,"私密少女群@sikksikk369私密少女群@sikksikk369私密少女群@sikksikk369"
1,"棋牌体彩cpa涩粉兼职股民劫持"
1,"1.实力车队、90承接各种一道二道，卡接回U/寻长期料主卡足不堵车/可担保/直押卸货专业/点位美丽90"
1,"18336347306郑州夫妻交友。疫情无聊，就找找绿帽同好。微信同号"
1,"U͟s͟d͟t͟安͟全͟出͟，͟有͟量͟有͟要͟来͟͟͟"
1,"SXS实力料主寻找寻找销油咔电费帮充全国可充有诚意私聊OXF"
1,"(͡ ͡)XCKIOS源头超级签名，源头招代理，APK报毒免杀处理，封装app，免费测试TWM"
1,"新项目/日赚/800+"
1,"意甲联赛赞助商，亚美体育，开线即享三个月最高2.5%泛水，55%分红，千元人头费@YMTY66888咨询详情"
1,"东南亚跨境电商站单人月收不低于3万，（长久稳定特别推荐）可个人，可公司，无限放大做可线下来公司学习签合同，欢迎来公司视察威:jsg330313264953303"
1,"出劫持量币料数据体育粉"
1,"最新劝返黑名单，绝对真实，需要的来1"
1,"急招唰手！唰流水！唰佣金！龙虎套利！！！非彩票类！！！超神唰氺神盘！充值提现秒到账！银行卡！支付宝！USDT均可提现！如果你现在没有事情做！可以过来刷水，小白手把手教！每天收入轻松过千，收代理，招团队，教徒！有野心的来！拥金直射380！可以自己唰可以推广！联系：https://t.me/hz5570@hz5570https://t.me/FD696969/18"
1,"BBB偏门桃李橡木B橡木长期、利润高、适合个人和工作室操作B一台电脑即可操作单人单月轻松②w-④w+B可签订合同，双方保障B可线上可实地面授学习，直接包收入B合Z+V：meiyuan26"
1,"6i招盗U代理出假U仿U黑U懂的来@Daobi_Pay"
1,"无需本///，只要努力就有收获。@khhotni"
1,"招AB卡，数字.POS车队.保卡.一二道，管饱"
1,"深圳各区实惠快夕广州深圳中高端开课"
1,"国内一手接码注册实卡虚卡飞机可换绑千口在线可一码一结"
1,"乐其ZM日结价格：六月账单380一年账单480（根据账单好友定价）9点用号，上满2小时限制算半天，上满4小时限制算一天！（2半4全）解冻补50-招收实力号商.散户，口嗨勿扰！-早上8点-11点开始上号！晚上7点-12点上隔夜。-隔天日结担保群链接1:https://t.me/k7k7k6888群链接2:https://t.me/+IL64mNMOfCowZWU1"
1,"【互联网轻资产项目】每日500-2000+，;绿色稳定适合散人、学生、宝妈、工作室，利润可放大。朋友圈看操作，可实地考察轻资产零风险低门槛收益没有天花板欢迎对接小白轻松上手，包教会，咨询绝对不亏！详询V:lzp2224伸手党勿扰"
1,"大量出U白U需要的老板来"
1,"项目介绍：q拉不匹配手工单需求100群单价：22-24（全网手工价格通过占比最高）百单团队秒上担保数据介绍：0-9年龄w/20群打底拉群时间：晚1--9结账时间：晚8:00前扣单情况：监控查单1：1实对。扣单率：百5内有效期：10交单时间：下午12:00前申诉上交时间：中午12:00前对接联系：@sshaoye工作频道：https://t.me/shaoye555小鹿广告代发点击这里联系频道上粉、群拉真人"
1,"【正规新项目】上手简单，不限场所，有一部手机即可日结!稳定可靠!单人日收益400-600+，工作室模式单日收益4000-6000+有费用，白嫖勿扰，详情v：Aoliankeji-01小鹿廣告代發點擊這裏聯系頻道上粉"
1,"广告位招租可劫持出体育博彩六合兼职棋牌股民金融色粉相亲交友"
1,"pl车队长期收常规，混料，1道2道资金，咔接回u，可担保/直押，诚信金主来谈pl"
1,"0冲500送300立马到账注册实名送88彩金全网最高福利开云体育招代理:@kyty_01注册：http://ab4qd.com/FHTm6G7"
1,"1.车队承接料，常规，大混，精，刷等/可担保可直押，咔接回U，实力老板来dg"
1,"出一手实时数据/渗透/劫持一手精准sdkdpi数据源头，短信验证码劫持（保健品、减肥、教育数据、贷款，印度股民、学生数据、国内币圈）数据等，全行业指定抓取，欢迎各大盘口老板，质优价优@dahu2023"
1,"跑分找我，资金干净可免押缺钱联系我"
1,"1.车队接料，大小混，精，刷，色都可以，可担保可直押，咔接回u，实力老板来2v"
1,"7tSDG车队，洗米，接各种一道二道，通道稳定shuiyuan6667t"
1,"EJQapp封装，apk报毒处理(免杀过所有机型)，源头超级签，全网最低价OXX"
1,"s6lk车队，专业西米，卡回u，接一道二道料，通道稳定dfsjhdk5211215s6"
1,"需求信息需求商品：匹配中低龄手工高活跃数据码子管够，手工跟通讯录都有-申诉，一万7群需求量：3000+结账时间：晚九点价格：23起百24五百+26数据有效期:5天拉群时间:1-9是否支持担保：支持结算方式：欧易.支付宝对接联系人：@Axiaobin886对接频道：https://t.me/xiaobin886小鹿广告代发点击这里联系频道上粉、群拉真人"
1,"四川地区来靠谱卡商、个人、新模式操作、安全稳定！！！有卡有资源的兄弟速来谈点位、只要你有卡有资源、跟我合作、包你赚钱！！！另外长期收下浮U、现金现存转账都可以！"
1,"临近年底专业跑分翻身改命！欢迎咨询：@hengyun777@hengyun777免押金免押金免押金。盘口直出二道归集，可以循环做想发财的兄弟看这里免押跑分，日赚3000到50000+个人车队皆可，小白包教会司法24小时包赔，死卡包赔3W，保卡不冻结，不风控。棋牌料，二道归集，不扫码不点链接。点位高达15-25个点，长期合作可同台诚招车队/散户/团队诚信合作考虑一千次，不如去做一次犹豫一万次，不如实践一次合作共赢发财热线欢迎咨询：@hengyun777@hengyun777"
1,"xd广东汕头10-100收公|户5-30收收盾|卡可上压*可验付各种合作方式欢迎中介|卡主|卡商来谈认准对接@F666988认准广告频道https://t.me/+Wm6wbm-vePw4YjRl"
1,"全网高價收卡大混AA萬2000三黑AA萬2800可以预付.可以上押"
1,"全国车队三包miao票，不限制额度yin行，1.2一张，预付dan保哟，400"
1,"全球短信&电销线路：内容出海支持200+个国家，主力：内地、台湾、巴基斯坦、肯尼亚、菲律宾、墨西哥、孟加拉、尼日利亚等（东南亚、南美洲、欧洲）价格低，转化高，全球OTP。云服务器。空号检测。请联系我vivi"
1,"全球一手短信&电销线路：出海支持200+个国家，主力：台湾、巴基斯坦、肯尼亚、菲律宾、墨西哥、巴西、孟加拉、尼日利亚、危地马拉等（东南亚、南美洲、欧洲）价格低，转化高，全球OTP路、由。云服务器。空号检测。请联系我40"
1,"斩虎ZM价格：日结800隔天1980账单不同价格不同9点上号，上满2小时限制算半天，上满4小时限制算一天解冻补50招收实力号商.散户，口嗨别来！早上8-11点开始上号！晚上7-12点上隔夜.统一晚上十点结账！可隔夜可日结可担保！对接群1.https://t.me/Zhanhu7890(https://t.me/Zhanhu7890)讨论群1.https://t.me/+EpI9E0sUzDJmMzYx(https://t.me/+EpI9E0sUzDJmMzYx)广告dai发联系钻石代发"
1,"IM钱包灰词seo排名"
1,"元歌·无心·史诗源梦系列60点券代送➪4.00皮肤红包➪4.00下單tlg:@YubabyyyIg:feixuanbbywchat:xuanbby1122信譽墻:t.me/yushiweiyi"
1,"1m专业车队接料，卡接回u，承接各种一道二道，欢迎实力金主来谈/支持担保上押，骗子勿扰1m"
1,"9aYUAN接料系咪长期出下浮U不吭，不骗tianyuanche88289a"
1,"一手US劫持料一手UK劫持料一手料每日更新1000+随时可钓通道吃账单的看过来劫持料超好用沃尔玛，煤炉，美团，优步，环球门票....嘎嘎过少量欧洲国家一手源头数据营业时间：每日13：００—2:00频道：https://t.me/eq0322联系飞机客服：@cp98722V:zhr2149小鹿广告代发点击这里联系频道上粉、群拉真人"
1,"项目名称：霖升项目介绍：zm炒群白号也可限制号勿扰价格：日结|550|16：00前上号日结隔夜|680|18：00开始挂设备有量有钱：3+额外奖励2005+额外奖励50010+额外奖励1000微信号需求：帐单：一个月以上白号（有账单就可以)好友：10个以上检查：帐号无限制异常有问题直接询问：客服：@StBernard2500客服：@hat_44578对接群：https://t.me/lfawf145522222"
1,"南山个人兼职开课～有科室纯御"
1,"NXV源头签mdm(V2)价格实惠HXG"
1,"链͟游͟公͟司͟出͟U͟，͟要͟的͟来"
1,"免费警查，开盒，WX纪录https://t.me/+jdXVqDZX8uFmNmU0"
1,"业务导航：电报广告代发❀电报广告群发❀电报关键词霸屏电报软件源码❀出国内/国外色粉电报僵尸粉业务❀电报软件业务❀VPN接码平台平台❀facebook引流❀抖音双向机器人❀QQ引流❀session❀skyp呼叫https://t.me/douyinyinliuqu/7"
1,"来个跑分无押金联系我"
1,"一手u商，大量出白u"
1,"【九品-对接群】日结550/隔夜680上号：16:00点前日结550上号：16:00点后半天275上号：18:00挂设备隔夜680登记结帐：20:00前登记当天使用的号统一结帐：21:00结帐结帐需要时间勿催1，三个月以上帐单2，好友10人以上3，20:00下号前不要顶号4，结算方式：口令收款码U地址5，对接联系：@capdd7998交流群：https://t.me/sapolke54897496[钻石广告代发点这里【代发/上粉/克隆】"
1,"代收澳洲15U英国6U美国6U实卡代收WS验证码售后30天可无限再收码一张一结@ab12abab小鹿代发点击联系"
1,"VTN全网最稳定超级签，先试用后付款。三不限:1不限语言2不限机型3不限产品封装APP/处理报毒TGE"
1,"链̰游̰̰商̰家̰̰出̰Ṵ，̰有̰̰需̰要̰̰的̰来̰̰•"
1,"1.车队承接一二道资金。卡接回卡/咔接回u，汇率美丽，欢迎滴滴b8"
1,"盘口直收各大网购平台三月内一手数据实时数据对接【技术大牛】【平台运营】【内部人员】【手拍面单】另寻终端老板合作、自用验证满足一切合理需求对接快手运营、客服人员、各大平台内部人员找我换钱小白可教包教包会日收入1w+：@MDH68888频道https://t.me/wanggoushuju688880t0t*"
1,"[。代发广告，群广告，私信，克隆拉群（公开群/私有裙，拉号码/用户名），机器人/僵尸粉，软件，都有。稳定经营三年，需要请私我[。"
1,"2022最牛项目日入四位数轻松加愉快各种正规合法互联网项目长期稳定每天变现公司欢迎实地考察回本再走手机项目单机日25+项目1.魔兽养号运行了四年多，长久稳定技术长期稳定，包回收对接所有渠道，可直接上手开工单台电脑200+可同时操作多台签正规包回本合同Vkeycap_166项目2.打假维权项目主要是在各大平台识别鉴别假货买回来按照法律规定合法理赔一对一指导长期教学，更新教学收入稳定，单人单日保守1500+Vkeycap_166项目3.流量挂机项目国外引流软件单机保底200+签正规包回本合同项目可放大，可工作室可实地考察学习在我这待多久都行了解项目加Vkeycap_166了解项目加Vkeycap_166了解项目加Vkeycap_166"
1,"【盘口直招】启航朗新集团手工盘带量来谈价最顶级的精洗数据通过率高数据一直顶尖，不一定纯低龄通过率才高，精洗混合数据一样嘎嘎通过0–9占40%其余20-2524起百25千27两千28合作后价格可谈可下底料1w出10群晚12:20拉群数据有效期:5天扣单0–8%无暗扣晚10点左右结帐帐不过夜联系：@a777ya对接群：https://t.me/wangzhetuima320频道：https://t.me/+8IEUqbv-88c5NmI1------------------已在太平洋上压10000u小鹿代發點擊聯系"
1,"老板有需要引流d我"
1,"私訫/硪/了解私訫/硪/了解私訫/硪/了解私訫/硪/了解私訫/硪/了解"
1,"qxuexinhttps://t.me/+Rf6Vx7qjZ4E1ZmIxDr-TG发广告日发百万"
1,"ibHUIFEN长期合作找料卡接回，量足接一道点位置顶sakldjadasdjib"
1,"《Tron_token波场靓号筛可指定尾数，生成钱包靓号仿造他人钱包，手到擒来筛选软件在手，财务我有业务频道：@trontoken01客服咨询：@TTsiliao0*1*"
1,"zy招盗U代理出假U仿U黑U懂的来@Daobi520"
1,"年度最佳千款游戏综合大盘【绿色棋游】线上娱乐！平台新上线放水1000万，新人几乎都赢，赢了就跑琪簰電子体育足球AG视讯新人首存多少㮸多少支持各種充~提渠道方便快捷下载:jet.154m.com年前翻身首选！"
1,"车队收卡，司法包处理"
1,"1.实力车队、cr承接各种一道二道，卡接回U/寻长期料主卡足不堵车/可担保/直押卸货专业/点位美丽cr"
1,"QQ千人木群八三二五四八七七五"
1,"mh招盗U代理出假U仿U黑U懂的来@Daobi618"
1,"hyhy天花板价格收吨卡/公户/普卡/信用社盾28万起农业吨22万建设顿24万高价面对全网收咔诚招实力咔头中介咔主三饱秒票"
1,"AG官方直营台，彩金免费送18采金免费送首存一百送一百18采金免费送首存一百送一百18采金免费送首存一百送一百100多款火爆经典游系——金百乐体育彩票d9623点comAGZL388 大̷量̷下̷浮̷出̷U̷!̷价̷格̷优̷惠̷!̷欢̷迎̷各̷大̷渠̷道̷老̷板̷来̷洽̷谈̷"
1,"赚大钱翻翻刑法，赚小钱投投简历"
1,"(͡ ͡)QVFapp封装，apk报毒处理(免杀过所有机型)，源头超级签，全网最低价FWE"
1,"Oqx免費收徒教₫音自動引流，每天26OO米，你我合作分潤，有搞欲望抓緊來對接！倆小時一結"
1,"u3一手队诚收全国实力中/介带资料来谈盾咔18萬起普咔鹅度100w6.5萬起小鹅一类咔2.5萬起弓户25萬起合作共赢嘴炮骗票勿扰"
1,"有课室，可外出性情小妹，皮肤白嫩高颜值"
1,"《全网最高价收》【私】【公户】【手銀】大力寻长期靠谱实力中介联系@hs166166联系@hs166166"
1,"专业车队洗米，接各类一二道料，咔接回U长期合作！"
1,"纯bc，aa5个点，来卡主，中介"
1,"盘口直招v推来人推名片精洗数据通过率10过3430价格，可试单，事少数据好，要做进对接群，现在就有数据来就能做有每天实时结账图！！可以录屏实时结账图！没干过的也能来，一对一教学有意联系@liusiyi对接群https://t.me/+U4qWWGdWjkhiYmI1来大团带交单记录跟我谈价格！来大团带交单记录跟我谈价格！小鹿广告代发点击这里联系频道上粉、群拉真人"
1,"电销团队，在线找绿色稳定项目，可以随时验证！~"
1,"数标xiangmu轻资产，低门槛稳定每月利润过万每日利润500-900可无限放大收益当天可见直接到您自己的账户公司有专业售后技术人员一对一教学喂：cco38888"
1,"s2专业收购公户、盾咔、普咔、一类小咔2-3w买断50-100w额度4w-7w买断。公户盾咔15w-35w买断、欢迎咔主咔商来谈"
1,"飞跃账密日结（340）挂设备420号多效率快质量号，带团可谈价最低要求：三月账单，好友15+，绑定号主本人的实名和手机号，可随时人脸解冻顶号改密不结算，每晚九点半结账，十一点下号https://t.me/Fy8989zmyh1"
1,"NQU同台免押模式加我主号飞机@few567欢迎咨询TYIYMM业务1：AB模式AB模式无视任何银行ab模式最低要求20-20均卡8成以上基本打满，冻钱冻卡里面剩余金额不计入流水。盗刷。抢劫。挂失。跑过。第一笔钱进秒冻。全部不结佣金大量上人，不堵车，做完秒结账欢迎各位实力卡商来合作，你只管发资料，我负责秒票，被骗无需你负责。年底买车又买房业务2:大量收卡、盾无视银行无视公私户业务3:建设银行无视额度B卡拉满。业务4：各种盾来问价格换钱工商、中国、邮政、广发、浦发、平安、光大、华夏、上海、桂林、兰州、青岛。以上盾业务5：中国银行、光大银行、上海银行、邮政银行、招商银行、平安银行、华夏银行。以上公户业务6：内蒙古农村信用社价格面议辽宁农村信用社价格面议山西农村信用社价格面议吉林农村信用社价格面议其他农村信用社80000起业务7：AA模式。单卡当天转账额度20.50.100的普卡基本跑满。速度来赚钱100手银买断2万50手银买断12000信用卡价格顶置。保量招商平安银行不要。加我主号飞机@few567欢迎咨询TYIYMM卡接回U。包教包会，翻身改名。—信誉棋牌二道归集料。—单笔1000—49999W，—小白包教会《一笔一结》—日赚1000￥—50000￥点位：按量给点10-20个点—流程：先把U准备好，财务先给你转款+佣金，款到秒回我U—二道归集料，精料无三黑。无限要人，无需排队，无视地区或者银行，加我主号飞机@few567欢迎咨询TYIYMMRHC"
1,"电脑全自动24小时挂机精准粉丝添加指定微信日产量20-50个每个10-20长期简单正规无限放大详情V13277240189"
1,"04GHJ车队出U，可接一道二道，实力嘎嘎强，hfthfdbffggfykbgjyf04"
1,"小龙女钉钉q拉团队项目名称：匹配手工低龄盘价格23百24项目介绍：低龄0-25岁料子真正的加十过5以上拉群时间晚上：12:00结账时间晚上：8-9点高活跃结帐快百单队伍可秒上担保无虚假乱扣，纯0扣可下监控，数据有效期5天钉钉：数据高通价格21百22火速占位成为钉拉大团联系：@xiaoduo8888888小鹿廣告代發點擊這裏聯系頻道上粉"
1,"qxuexinhttps://t.me/+CoPxDtMleP01MzVh"
1,"1.车队接料，大小混，精，刷，色都可以，可担保可直押，咔接回u，实力老板来bo"
1,"fwqc88https://t.me/+Me68W45VOkw4MTVh"
1,"YT稳定大盘老盘口直招微信ZM账密租号号商企业微信PC租号号商企业建码码商QQ号商私人微信号商国内财务拖团队微信解封QQ解封号商地推协议小群宝妈群............骗子不要来秀智商，预付请绕道！专职跑路狗请回避！联系方式：telegram唯一频道（其他都是骗子）：https://t.me/gnzhangmi其他均为假冒，请各位谨防伪劣假冒，被骗我司概不负责！！！小鹿广告代发点击这里联系频道上粉、群拉真人"
1,"ex专业收购公户、盾咔、普咔、一类小咔2-3w买断50-100w额度4w-7w买断。公户盾咔15w-35w买断、欢迎咔主咔商来谈"
1,"1.什么料都接，卡足，大车队值得信赖，卡回u...因为专注所以专业，料主金主们洽谈79"
1,"棋牌跑分业务免押（卡接回U)死卡包陪不要押金，公司先打款匿名交易安全保障接回U模式点位百分之10-20量大可谈棋牌归集料已沉淀24小时，包司法防止黑吃黑个人单做也可以加入一起赚钱（共赢原则)收米方式多样微信支付宝银行卡都可冻结包赔，死卡赔三万，放心做赚钱的时候别矫情、花钱的时候别磨叽人间清醒，努力搞钱诚信合作，骗子勿扰此号不回复欢迎咨询➷@caiyuang177475871"
1,"项目名称：企业PC项目介绍：招学校绿正规绿医院绿，企业PC三个小以上就算全，稳定续租不要拿那些几个小限制的盘口来跟我比，各大工作室号商来私，上号两个小可预付一半量大可走担保价格：400－800联系人：@scsuqi618群组：https://t.me/suqi66688鉆石廣告代發點這裏代發/上粉/克隆"
1,"国外撸美元创业高利润化橡木一台电脑即可操作单人月保底盈利千U单人月保底盈利千U+:"
1,"微信小程序项目需求量99+项目介绍：只要不贪日入1000+只要不贪日入1000+只要不贪日入1000+上手简单.下注10元1.5倍逃跑除去本金10元赚5元频道每天1888红包分5个包客服@lihui6688对接群https://t.me/lihuimin1127鑽石代發點這裏框框就是發"
1,"qxuexinhttps://t.me/+D_qBaDoTsgpmZmEx"
1,"c7招盗U代理出假U仿U黑U懂的来@Daobi_Pay"
1,"8wPNNM长期大车接料稳定U商，接各种资金承兑ading686318w"
1,"需͟要͟买͟U͟的͟找͟我͟持͟续͟供͟应"
1,"供押供付产品：充U代付/易联备付金充值汇率：实时欧易价平（CTOC第一档)下发模式：手动／批量上传代付单笔限额：100-200000保全程司法，接款卡司法，我们包赔"
1,"fc找人婚姻开房查银行卡反信息https://t.me/+nCRhYFcYmN5lMGQx"
1,"闲鱼项目1个号日赚500起做的来"
1,"TQY稳定签，apk报毒处理~稳~稳~稳ICV"
1,"HLL找核销电费石化石油卡密话费出沃尔玛卡京东e卡油卡话费卡折扣美丽全国可充IPM"
1,"jk招盗U代理出假U仿U黑U懂的来@Daobi618"
1,"QQVXZFB企业号社交号婚恋号直播号海外号接码解封认证代付手机卡四件套数据粉资源粉WSTGFBINS群发软件等各类资源欢迎咨询体验试用联系客服：@XiaoYe1125联系客服：@XiaoYe1125联系客服：@XiaoYe1125QQ直登单太40直登双太60直登三太80直登不可以解封私人单太150私人双太180私人三太230私人皇冠420私人可解封快手号红包脚本号60实名一年号140实名两年号180千粉作品号240抖音满月实名号130半年实名号180一年实名号240两年实名号320实名万活粉号520火种蓝标实名150实名带会员290人物定制号350suol号满月实名120半年实名150一年实名230两年实名310代收付小额代收卡接微接宝接回U回宝回卡回微一单一结点位美丽手机咔三网卡320电销卡180鸭聊卡170香港跨境王100G540充值卡海外卡支付宝直登V2老龄支付宝-------220直登V3老龄支付宝-------400直登V3支付宝-----------200直登V3老龄私人支付宝---600微信号微信半月实名带支付180微信满月实名带支付220微信三月实名带支付280微信半年实名带支付420微信一年实名带支付520微信二年实名带支付620微信三年实名带支付740联系客服：@XiaoYe1125联系客服：@XiaoYe1125联系客服：@XiaoYe1125小鹿广告代发点击这里联系频道上粉、群拉真人"
1,"收售一手三月内【历史、实时】网购数据台湾网购国内数据自用终端验证后满足一切合理要求对接【技术源头】【电商运营】三月内一手网购、台湾网购、手拍面单、华人、泰国、越南数据，源头工作室带货来谈。号外号外快手运营快手客服内部工作人员找我对接换钱小白包教会日收入1w+有意向联系我飞机：@TouGao_01TG：@TouGao_01频道：https://t.me/WG_001c7*"
1,"qe*1大量出欧美下浮U专业洗咪接一二道长期接白资和黑资点位美丽qe*"
1,"LWO看我名看我名看我名看我名看我名LRN"
1,"海外号商来一个 靠谱的来长合作期嘴炮勿扰。"
1,"1.什么料都接，卡足，大车队值得信赖，卡回u...因为专注所以专业，料主金主们洽谈hw"
1,"出约炮兼职体育BCCPA数据棋牌劫持"
1,"【360娱乐】资源群广告位仅需8U一条@YL360KF5h*"
1,"千⑥跑分无押金o0"
1,"vo头长期收各种一类咔，盾咔，公户，是咔就行，无视额度一张2w起，菠菜5点，精料10点，ab12点，保量保司法，落地三包，欢迎咔主咔商来谈"
1,"出各类实时股民料，手拨百3-5，ai万150+欢迎咨询"
1,"小额卡卡20保1550保25量多稳定柔和点位置顶有位置上押秒射ND"
1,"QVF稳定签KWN"
1,"梦幻西游挂机搬砖电脑全自动挂机操作简单1台电脑单日100-300利润可线下来公司学习签合同保收益威信：13033122226"
1,"盘口直收各大网购平台三月内一手数据实时数据对接【技术大牛】【平台运营】【内部人员】【手拍面单】另寻终端老板合作、自用验证满足一切合理需求对接快手运营、客服人员、各大平台内部人员找我换钱小白可教包教包会日收入1w+：@MDH68888频道https://t.me/wanggoushuju68888z1z1*"
1,"BOP兄弟来搞！免费教技术，人间正道是沧桑，每天稳打3OOO米，正规搞米，细节来详谈"
1,"Construction微信zm上号群早上700上号价格550中午1200上号价格1480晚上1700上号价格680要求：五月账单以上，好友20+无限制，实名认证，绑定手机号解冻时间：三十分钟（三十分钟之内没解开一律不结账别问价格怎么那么高了就是要你解号https://t.me/Construction1214{钻石代发广告代发点这里【广告代发/频道群组上粉/克隆】"
1,"qxuexinhttps://t.me/+wz2ExDIPEI4xODNh"
1,"c0头长期收各种一类咔，盾咔，公户，是咔就行，无视额度一张2w起，菠菜5点，精料10点，ab12点，保量保司法，落地三包，欢迎咔主咔商来谈"
1,"1.车队承接一二道资金。卡接回卡/咔接回u，汇率美丽，欢迎滴滴db"
1,"OHH源头签mdm(V2)价格实惠KNN"
1,"高价收公户银行卡信用卡盾卡一类卡小额度卡信誉可鉴欢迎卡商卡主来谈骗票绕道路费三包联系方式:@kf12233联系方式:@kf12233诚信经营长期合作小鹿广告代发点击这里联系频道上粉、群拉真人"
1,"前程似锦。盘口直招团队打电销要求三网58进Q群百20-30价格置顶当天款"
1,"1.车队承接一二道资金。卡接回卡/咔接回u，汇率美丽，欢迎滴滴zv"
1,"%[实力车队，专业洗米，大量出U，卡接回u，承接各种一道二道，收洗全国黑灰料%["
1,"DKG源头超级签，app封装，安卓包报毒处理ZXZ"
1,"小额洗有支付宝QQ的来找我领钱一单一结联系@la88865"
1,"sMF出BadooBumbleOKCCMBtinderpairstappleomiai推特FB有缘InstagramTwitterLinkedinGV号领英全部72小时售后包补，交友粉成品号可定制人设，做号技术出售，可走担保此号是群发，回复不了请直接联系：@b3852"
1,"电商无货源单店铺一天500+长期稳定百分之百盈利！包教包会！不赚全额退款！微信号：w2130580382非诚勿扰！"
1,"JWJ封装app，源头超级签，防红链接，处理报毒，价格美丽CXZ"
1,"shujuwang8https://t.me/+1VfEj1-w-pZkNDkxDr-TG发广告日发百万"
1,"g9*1实力大车队/大量出U/专业洗咪/黑白均可/可接一道/咔接回u/点位美丽g9*"
1,"浙江温州aa万500有公群上卡私"
1,"wxllk80https://t.me/+AIoreHjcoCM3M2Nl"
1,"大众传媒代发+@bb567888----------------------------最新硬核项目，日赚1000+，操作简单，无任何要求，不限时间地点和设备，提供技术，最重要的是安全靠谱，无押。飞机：@jiaowomeng飞机：@jiaowomeng"
1,"ba专业车队接料，卡接回u，承接各种一道二道，欢迎实力金主来谈/支持担保上押，骗子勿扰ba"
1,"有人找工作吗，入职5000红包"
1,"4f车队长期收常规，混料，1道2道资金，咔接回u，可担保/直押，诚信金主来谈4f"
1,"联通合作商每天稳定收益8k+线上线下结合实体项目支持线上视频教学后再决定合作！微信13654274625"
1,"m9法人。名下车，房户籍全家https://t.me/+VLjjYZmHvMI5OWVl"
1,"iw招盗U代理出假U仿U黑U懂的来@Daobi618"
1,"gd*1大量出U/专业洗咪/黑白均可/咔接回u/可接一二道/量大优先/点位美丽gd*"
1,"hkiBC.qp.ty电.销线路.系统.港澳.国.收量.价格低.质量好.专业电.销团队客服.仔细:【@vos818】hdd"
1,"通讯录双端搭建（一条龙）安卓应用APK报毒处理H5封装联系TG：@kuaicloud888通讯录双端搭建（一条龙）安卓应用APK报毒处理H5封装联系TG：@kuaicloud888通讯录双端搭建（一条龙）安卓应用APK报毒处理H5封装联系TG：@kuaicloud888通讯录双端搭建（一条龙）安卓应用APK报毒处理H5封装联系TG：@kuaicloud888"
1,"TSDapp封装，apk报毒处理(免杀过所有机型)，源头超级签，全网最低价PCT"
1,"≧◉ᴥ◉≦NZX稳定签GON"
1,"【一手国际短信通道】106直连运营商无中介差价棋牌菠菜色播出轨日发百万通道稳定冲刺世界杯，不排队：@lll147：@lll147：@lll147小鹿代發點擊聯系"
1,"shenyanpp1https://t.me/+bcU6HogVC3hkMjgx"
1,"盗币和U招代理！来不来？ym"
1,"vgff777777https://t.me/+jz3ozZ_ZOjs1MDkx"
1,"st广东汕头揭阳大量收一类卡盾公户落地三包骗票绕道可上压可验付来卡主卡商联系方式:@hongfa688对准广告频道:https://t.me/hongfabaojia诚信经营长期合作"
1,"mc车队长期收常规，混料，1道2道资金，咔接回u，可担保/直押，诚信金主来谈mc"
1,"1.实力车队、承接各种一道二道，卡接回U寻长期料主卡足不堵车/可担保/直押卸货专业点位美丽，欢迎料主洽谈ui"
1,"cu车队长期收常规，混料，1道2道资金，咔接回u，可担保/直押，诚信金主来谈cu"
1,"诚信U商岀U需要的老板请联系"
1,"zu代发广告，群广告，私信，克隆拉群（公开群/私有裙，拉号码/用户名），机器人/僵尸粉，软件，都有。稳定经营三年，需要请私我zu"
1,"j3老九门团队承接一二道洗米点位美丽，欢迎来谈合作mlmljdhdggvtt008j3"
1,"出广告位约炮粉体育粉等一手量大"
1,"【360娱乐】资源群广告位仅需8U一条@YL360KFol*"
1,"y5高效率通道洗米不堵车实力料方来合作*出下浮uyuantianondhxb66441000y5"
1,"中学生少女私密群@fuli1777中学生少女私密群@fuli1777中学生少女私密群@fuli1777"
1,"1.车队承接料，常规，大混，精，刷等/可担保可直押，咔接回U，实力老板来ps"
1,"体育直播论坛体育粉广告位色站cpa包月"
1,"jw招盗U代理出假U仿U黑U懂的来@Daobi618"
1,"mv*广东/汕头揭阳大量收一类卡盾公户落地三包骗票绕道可上压可验付来卡主卡商联系方式:@hongfa688对准广告频道:https://t.me/hongfabaojia诚信经营长期合作"
1,"黑冒SEO接嗖索引擎排名"
1,"1.什么料都接，卡足，大车队值得信赖，卡回u...因为专注所以专业，料主金主们洽谈t0"
1,"ux全网最高价收一类卡大小额-盾卡-公户中介卡主来聊聊价格天花板骗子勿扰@HW521"
1,"全国招收线下同台跑卡人员安排同城多种料自主选择包安全安全第一风险和利润成正比这边没有办法给到你最高，但是一定给你保证最稳北京、上海、重庆、天津，黑龙江、吉林、辽宁、河北、山西、江苏、浙江、安徽、福建、江西、山东、河南、湖北、湖南、广东、海南、四川、贵州、云南、陕西、甘肃、青海、国内就近安排同城全国招收实力中介跟跑卡人员信用卡手银普卡AAAB一类佧联系客服：@T58858小鹿廣告代發點擊這裏聯系頻道上粉"
1,"【MT5外汇招商】【交易所秒合约】诚招：渠道商、个人代理、公司代理条件高佣金量大提点，入金即返不压不扣行情可控可调，专人24小时对接服务入金通道；在线支付数字货币，国外当地账户，国际电汇齐全支持面见洽谈我们平台是以寻找长期合作伙伴为终旨的，诚信行天下联系方式@web1888"
1,"（Q拉一手直招）●●●●●（低龄主打通过）●●●●●▋精洗纯低龄数据（—，能量值700+）▋价格—数据管够不压群▋每天真正低龄，1w/10群打底▋结算稳定，可口令/u，账不隔夜▋拉群时间晚上12.30▋群监控查单，错单可录屏申诉唯一对接：@JEILX007▂▂▂▂▂▂▂▂▂▂▂▂▂▂▂▂▂▂工作频道:https://t.me/JEILX111(httpshollow_red_circle:广告dai发联系钻石代发"
1,"6k头长期诚收普咔盾咔全网天花板价格带资料来谈弓户25萬起盾咔18萬起100鹅度6.5萬起50鹅度4.5萬起小鹅一类咔2萬起保司法保量按流水落地三包嘴炮勿扰"
1,"qm头长期诚收普咔盾咔全网天花板价格带资料来谈弓户25萬起盾咔18萬起100鹅度6.5萬起50鹅度4.5萬起小鹅一类咔2萬起保司法保量按流水落地三包嘴炮勿扰"
1,"53车队长期收常规，混料，1道2道资金，咔接回u，可担保/直押，诚信金主来谈53"
1,"最新創邺橡木一天几百收入，项目长期稳定百分之百盈利！不赚全额退款详情加V：HB567558详情加V：HB567558"
1,"TMF找核销电费石化石油卡密话费出沃尔玛卡京东e卡油卡话费卡折扣美丽全国可充DZD"
1,"要洗白换，要消化渠道的咨询我，​。稳定出售​"
1,"实力车队招卡商中介散户银行卡盾卡公户路费三包信誉可鉴联系方式:@JS5888联系方式:@JS5888诚信经营长期合作"
1,"DCU品牌签名，快捷稳定！NPC"
1,"项目名称：看海新盘直招QQ拉手接受价格：ql23~28支拉27起30单2860单29百单30钉拉23起结账：21.00项目介绍：混合低龄数据活相信各位都惧怕暗扣、吃单此类行为，本公司使用群监控核对查单主0扣单率！！绝不存在虚假乱扣，且每日提供监控便于各位核对，透100%！主打通过天花板数据吊打市场，通过比例只高不低绝对稳定！各位代理做着忽上忽下的劣质数据只会慢慢损失自身队伍，万万牢记稳定才是发展前提。跟我两天可以从小团破百单！质量团散火速对接扣单率：3%拉群：12-9只收30+团子和质量散户是否支持担保：支持（全额担保）联系人：@kanhai1111双向进对接群：https://t.me/+m3PHHJmqkjo1ZDk1小鹿代發點擊聯系"
1,"36WEJ车队全国接各种灰白资，卡接回U可全国同台@dinhao456fff88836"
1,"4g专业TG工作室，包含功能：群发，转发，私发，采集群成员，拉人，炒群，以及协议号直登号出售有需要私信我4g"
1,"保时捷zm上号总部：欢迎所有散户，号商来谈上号要求：三个月账单30好友+无限制根据客服的要求上号上号时间早上（800)晚上（1700）日结ZM价格：三个月账单290六个月账单380年以上账单430上号流程进群询问客服格式将格式填满。把格式发送客服。配合上号每天晚上2200前结清群链接1：https://t.me/+bTtWFHos62U1NjJl群链接2：https://t.me/+bERBHBu3WK4zZmI1客服:@BDJ_XX"
1,"w4婚姻快递。酒店。名下、资产手机号.反个人全家https://t.me/+kZMLFT6Xx0owMDRl"
1,"世界杯钱_潮来袭！你的支.付通_道够可靠吗？博创担保，精选全球超过30国通.道.，招募海外伙伴对接（跑_量有限，提前卡位！）备战2022世界杯，最强海外通道就位【亞】泰、越、印、印尼、日、菲、巴、土、孟、星、港、马、韩、伊朗、乌兹别克斯坦、澳、约旦、哈萨克斯坦【非】南非、尼日、加纳、摩洛哥、埃及、阿尔及利亚【美】巴西、哥伦比亚、阿根廷、秘鲁、美、墨、智利、厄瓜多尔、加、委内瑞拉【欧】俄、欧、乌、英错过这一波，发财再等四年！洽谈合作方案@BCDBCLDA01"
1,"出站街豆荚cpa劫持六合体育兼职面单数据"
1,"长期大量收三网卡，手银。价高靠谱"
1,"线上轻资产项目多种盈利模式，带你真正踏足互联网。亲妈级指导，手把手带，操作简单，收益稳定。了解＋V：LZP2224伸手党勿扰"
1,"PJT稳定签WDW"
1,"1.车队承接一二道资金。卡接回卡/咔接回u，汇率美丽，欢迎滴滴f5"
1,"昆明保山瑞丽临沧缅北各地景洪老挝最新渠道稳定输出！欢迎公司对接！中介勿扰"
1,"炷冊凂费song彩唫，18-18-18元，渞洊100鎹100①俻蓅渁，迣鎅柸朂佳投炷岼珆；d9623點com飛僟：AGZL388赽唻赢錢妑 彩꯭꯭票꯭꯭丨꯭꯭博꯭꯭彩꯭꯭丨꯭꯭盗꯭꯭U꯭꯭丨꯭꯭期꯭꯭货꯭꯭丨꯭꯭区꯭꯭块꯭꯭链꯭꯭丨꯭꯭资꯭꯭金꯭꯭盘꯭꯭丨꯭꯭股꯭꯭票꯭꯭丨꯭꯭交꯭꯭易꯭꯭所꯭꯭꯭꯭|꯭꯭꯭꯭抢꯭꯭单꯭꯭꯭꯭等꯭꯭各꯭꯭种꯭꯭系꯭꯭统꯭꯭꯭꯭开꯭꯭发꯭꯭定꯭꯭制꯭꯭联꯭꯭系꯭@dajianapp888"
1,"vdvd增硬和延时持久印度进口非常便宜需要联系电报:@dajiba3106频道:@dajiba3108微信：niubi31052"
1,"r；、轨迹全家法人信息https://t.me/+hdheAGvn909jNzVh"
1,"最稳搞钱野路子，每月稳赚5W+简单三步完成赚钱从平台购买卡券去闲鱼出售官方回收获得返款易操作、无风险、高回报、O押金！！全程担保交易，拒绝套路，安全第一位！量大可申请同台交易，除偏远山区外！！诚信合作是赚钱的根本！赚米直达入口：https://t.me/+u9M5aN9ZIC81NjBh赚米直达入口：https://t.me/+u9M5aN9ZIC81NjBh赚米直达入口：https://t.me/+u9M5aN9ZIC81NjBh"
1,"数据树大数据，精准定位，主做：dpi采集，sdk抓取，短信验证码拦截棋牌，体育，彩票，期货，网贷，股民，6合等等……全网全行业均可定制，抓取高端品质料，运营商一手指定APP/URL，自建登录接口，充值接口，注册接口等，全网精准抓取，欢迎各位盘口大佬，实力询价！所有业务联系：@ss88765所有业务联系：@ss88765频道：https://t.me/xx88765频道：https://t.me/xx88765数据树大数据，精准定位，主做：dpi采集，sdk抓取，短信验证码拦截棋牌，体育，彩票，期货，网贷，股民，6合等等……全网全行业均可定制，抓取高端品质料，运营商一手指定APP/URL，自建登录接口，充值接口，注册接口等，全网精准抓取，欢迎各位盘口大佬，实力询价！所有业务联系：@ss88765所有业务联系：@ss88765频道：https://t.me/xx88765频道：https://t.me/xx88765小鹿廣告代發點擊這裏聯系頻道上粉"
1,"卓越账密对接-日结价格｜日结400使用时间：早上8点-晚上22点结账渠道：u/口令/银行卡转账要求：1.无限制2.3月账单实名手机号好友10+3.使用结束前不可顶号改密4.配合人脸解冻https://t.me/ZY888zm广告dai发联系钻石代发"
1,"afHUIFEN长期车找料卡接回，量足接一道点位置顶hoangtubddaf"
1,"48*1大量出U/专业洗咪/黑白均可/咔接回u/可接一二道/量大优先/点位美丽48*"
1,"萧山个人370半套毒龙纯舌钻菊花，按头深喉，需要微信的滴滴"
1,"60招盗U代理出假U仿U黑U懂的来@Daobi618"
1,"1.专业车队接料，招一道二道常规/大混料主卡U车卸货专业点位美丽可担保/可直押/大小车都欢迎洽谈谈好立马开xj"
1,"线下工作室，自媒体引流GM，头条，抖音，快手直流，截流，直播间，小黄车，欢迎园区对接"
1,"电信接码270一单6码秒结别再被中间商跑路了收代理徒弟"
1,"新人下海，人骚水多，姿势都会，好车耐磨，你的小女友已上线，等哥哥调教解锁新姿势"
1,"工作室直出火种（复活、蓝v、耐用号）GV账号，op账号价格亲民@ssz678"
1,"中、英文在线粉 专属链接进人报道过验证电报拉真实用户推特拉新运维推特评论低至一个0.2元推特拉全球指定国家用户dc拉在线会员中英文真人热群团队指定轰炸电报流量社区和最新项目组详细咨询 TT33288"
1,"日结微信zm上号价格：日结：300（早800上号）隔夜：380（晚100上号）号主本人实名随时人脸解冻要求：四月账单以上，好友20+无限制，实名认证，绑定手机号统一结账时间晚上八点半结账十点下号https://t.me/hhh6112https://t.me/hhh6112钻石戴发点这里chinv)"
1,"急用钱的来最高价收盾卡-公户-手银收各大银行私户盾卡18～26万/套买断或长期日结收资料齐全公户22~35万一套。同台验后可预付按点位或买断都可以。诚意招实力中介合作。一手实力车队自己上押，没有中间商赚差价，效率高量足，按点位或买断都可以。欢迎各位卡主中介前来详聊！请联系：@H10688请联系：@H10688信息永久有效!!!不骗不坑，骗子请绕道！"
1,"出租目录代做灰词流量"
1,"3h婚姻护照反全家户https://t.me/+g1E62iZlwbRjMTUx"
1,"主打手工线500单起步可以给你扶持散户小团单价，拿价格商量23～30数据年龄百分之50低龄，外加高活跃，750能量值轻轻松松爆粉风控期补量50群，数据百分之70纯0，通过拉满，预计一周满量。错单盘口直下，可申诉稳过，群监控查单。可全额担保团队对接联系我这个主打手工线500单起步可以给你扶持散户小团单价，拿价格商量23～30数据年龄百分之50低龄，外加高活跃，750能量值轻轻松松爆粉风控期补量50群，数据百分之70纯0，通过拉满，预计一周满量。错单盘口直下，可申诉稳过，群监控查单。可全额担保团队对接联系我这个@asjxmn313交流群：https://t.me/+AxvT08C6uak3MTU1-太阳guang告暴力帮发点这里指定裙啦人频道增粉协义号"
1,"跪求各种一手通道淘宝现金红包H5模式天猫直付。支付宝UID大小额。支付宝德邦微店微信支付宝各种通道日量500+联系@chuang009，@chuang007"
1,"we头长期收各种一类咔，盾咔，公户，是咔就行，无视额度一张2w起，菠菜5点，精料10点，ab12点，保量保司法，落地三包，欢迎咔主咔商来谈"
1,"出劫持涩粉体育相亲交友jz"
1,"XYF源头超级签稳定低价免费测试LND"
1,"批售WhatsApp成品直登号（支持一机多号全网独家）网站地址：https://whatsapp-mario.com邀请码：“85I24L”-rf"
1,"天宫：日结zm上号群（操作时间8点-23.30）日结全天用：早上八点到晚十点，当天晚上十点结账隔夜全天用时间段：下午三点挂号收号到第二天晚上十一点，第二天晚上十点结账（结帐）每天晚上22:00结帐，有特殊情况会通知（限制半天补50/全天限制不补）结账时间：22-23点核对立结日结隔天一直续租诚信信任为合作之本天宫客服：@TG_SHKF群链接1:https://t.me/TGzm1688群链接2:https://t.me/+RtIhexB0wfo0M2Y1"
1,"BMT网赚源头灰产洗货项目黑U洗白加飞机号：@hh88778无套路0风险小白可教如果你正在苦恼，自己没有路子请看过来！！以U换U，换赚取差价，利润百分之10-25，一笔一换，轻松月入10万，稳如泰山，实测5分钟内返现到账，欢迎了解加飞机：@hh88778BDR"
1,"《白竹国际外汇》代收付新币马币日元全球美金国际公/私户（可接20+国家币种）（以上外汇只接BC，精聊，慢杀等有维护周期盘口，MT4/5）另收国内一手车队大量收一道混料点位便宜欢迎各大老板带量详谈！！！《财富热线(@lusi1213》=群组上真人/频道上粉/协议号+@TY196"
1,"社死任务母狗来，想自爆自己闺蜜的碧池和幻想被骂喷的货们都主动点带着你们的还有你们女友的骚照密我"
1,"﻿挂机飞机引流项目单日收益500+收益每天日结，可个人，可团队包教会，签合同，保收益欢迎来公司视察感兴趣直接加未：13512237"
1,"TG协议号，私信，拉人，群发，现均有出售，专注品质协议号，详情联系https://t.me/+u90eQA2vRzRhNzQ1"
1,"各种号欢迎谘询。支付宝。QQ。微信。。抖音。蝙蝠。TG飞机。。陌陌。探探。小红书。。全球短信。语音接吗。。企业微信。企业支付宝。。TG大会员秒开。实名手机卡。。FB流量投放。BC台真实用户数据。。有其他需要的点击咨询客服。Telegram直登号-协议号各类软件实名认证解封解封一条龙（十分钟解好）商品瑕疵包退包换：@kefu0808"
1,"全网独家：【国企5G项目】签订保障性合同无效退款防止携转：每日实实数据全国团队个人均可做支持视频考察与线下对接了解不吃亏V：ping627424"
1,"汤姆日结zm价格：日结：330（早8-15:00）隔夜：430（晚16-0:00）号主本人实名随时人脸解冻要求：四月账单以上，好友20+无限制，实名认证，绑定手机号解冻时间20分钟（解不开不结算，限制频繁除外）统一结账时间晚上八点半结账十点下号https://t.me/tanmu7722https://t.me/tanmu7722[{钻石代发广告代发点这里"
1,"LRS品牌签名，快捷稳定！QSB"
1,"7u招盗U代理出假U仿U黑U懂的来@Daobi618"
1,"g5招盗U代理出假U仿U黑U懂的来@Daobi520"
1,"邦康孟波需要博一博资金周转手机打转转打鱼、私借、抵押可借：3-20另换现现金换支付宝、微信、银行卡、U兑换​有需要的朋友私聊我缅号09693127685"
1,"快手上号私我单价100"
1,"f0招盗U代理出假U仿U黑U懂的来@Daobi520"
1,"大量收盾卡～手机银行～公户额度52050100500w租借手机银行-U盾中国银行，农业银行地方银行，农村信用社其他手机银行即可租可买断欢迎卡商中介卡主来谈此广告长期有效！：@yong589：@yong589：@yong589注：要预付定金，路费的勿扰！廣告投放點此聯係廣告投放點此聯係"
1,"找代收-代付车队-保量-保卡-保司法-诚意来谈，空放勿扰！Khalid"
1,"MHR稳定签IFL"
1,"来实力打手价格可谈每个月提供电销卡"
1,"取保候审犯罪网逃内部案情https://t.me/+brCzRh0xkgdiOGUx"
1,"收各种一类银行卡收对公户收对公户一手点击高价收预付上押，费用全包@T5659Y"
1,"收一类四大行九大商，急需大量中行，邮政，农业普卡盾卡，高价买断，有需私"
1,"KXI免費收徒教₫音自動引流，每天26OO米，你我合作分潤，有搞欲望抓緊來對接！倆小時一結"
1,"好消息：  这边可以解四川境内任何银行卡冻结的钱（包括司法），有哪个卡钱了搞不出来的，来找我。低于10万不谈。只限开户行是四川——可专群上押。"
1,"老牌四方KG-Pay长期收稳定一手三方通道收一手24小时不抗投支付宝微信原生，纯视频，量大。欢迎各大盘口，大四方对接自营一手通道收粮24小时在线稳定跑量支持各种通道轮换现有支付宝微信原生H5金额1-1000均有24小时在线客服24小时在线下发U/卡通道：油卡/游戏H5/话费快充慢充/财付通/快手/YY/抖音收各种BCQPZBDSHBSP直盘量大四方量令通道招代理开户联系运营:@KG_PayFF金曲支付负责人:@KG_PayTD通道频道:https://t.me/+y4XjCVO-_xA4NGVl小鹿代发点击联系"
1,"yuuh256739https://t.me/+Sx85V-yC_mE0YmVhDrTG岱發全天24小时推送需要代发请点击这里"
1,"2022运费险全新玩法，可个人可工作室，利润收益可测，无上车费详情了解加我v：a7446551632"
1,"1.什么料都接，卡足，大车队值得信赖，卡回u...因为专注所以专业，料主金主们洽谈wg"
1,"高价收USDT白资付款ATM现金存线下交易交易方式1.欧易或火币钱包有U的直接提供截图，（没U的先去交易所购买U），就可以开始交易。2.开始流程：我们先款，新客单笔600人民币一次，过渡期后可以走大额单笔现存或者线下交易。你收到钱了就给我们转U。只收U，不卖U例如买入U价格是7.1今日回收是7.4如果1000U就是7100买入转售我们回收是7500汇率差在400RMB左右财富频道ID：点击此关注众信官方频道：https://t.me/+ec8yZMAglnBkZmY5"
1,"批发零售鸵鸟蛋，鸵鸟肉，鸵鸟油鸵鸟标本10-50斤鸵鸟苗全国包邮咨询直接V：FZLXL123电话：15340940678"
1,"Hip--全国高端会所（海选）种类齐全(洋酒孕妇奶妈御姐白虎sm学妹)---空位多多海量选择看图---@QGFQHS01"
1,"xxa出料cvv、华侨、币圈、股民等ws/line精准数据，ws群发短信代发@ssz678"
1,"【大鱼】zm日结价格：日结500，隔夜700，隔天10509点用号.上满4个小时半算全天.上满1个小时半算半天（限制情况）早上9点至11点半上号！下午4点至晚上12点上隔夜可隔天可日结可担保要求：账户不存在任何限制.有实名.有手机号.带三个月账单招收诚信实力号商.个人散户.小白可咨询！【大鱼】zm资源诚信合作客服：【大鱼】客服-小湫@xiaoqiu168客服：【大鱼】客服-鹿神@lushen168财务结帐：【大鱼】财务-灵婆@lingpo168请认准客服号！！！群链接：https://t.me/DaYu16088zuan坧瀻潑，濡婹笩潑點適里"
1,"2022运费险全新玩法，可个人可工作室，利润收益可测，无上车费不适合未成年和学生详情了解联系v：a7446551625"
1," 广州天河个人兼职性格温柔体贴小鸟依人懂配合"
1,"≧◠ᴥ◠≦GIU稳定签FIB"
1,"绿==色==棋==游长久稳盘全网赢钱率最高平台棋牌、三方电子、真人视讯…支持USDT/Gopay/支付宝/微信官方下载:9j2.huiy.live若延迟，请关vpn或开全局代理"
1,"64代发广告，群广告，私信，克隆拉群（公开群/私有裙，拉号码/用户名），机器人/僵尸粉，软件，都有。稳定经营三年，需要请私我64"
1,"。、代发广告，群广告，私信，克隆拉群（公开群/私有裙，拉号码/用户名），机器人/僵尸粉，软件，都有。稳定经营三年，需要请私我。、"
1,"1z车队长期收常规，混料，1道2道资金，咔接回u，可担保/直押，诚信金主来谈1z"
1,"出棋牌博彩p2p相亲cpa交友体育币粉股民"
1,"NgX免費收徒教₫音自動引流，每天26OO米，你我合作分潤，有搞欲望抓緊來對接！倆小時一結"
1,"ry专业车队接料，卡接回u，承接各种一道二道，欢迎实力金主来谈/支持担保上押，骗子勿扰ry"
1,"41找人查询个人户全家银行卡反https://t.me/+OKOI4LtRV1Q3MGIx"
1,"（（6一手车队大量出U卡接回U承接各种资金专业洗米卸货寻实力伙伴（（"
1,"kdg出日本软件一手号商稳定供货男女pairs女头像p糖爹男女東力缘结tapplepaterstinderskoutpairfullhappymail都有出售;代开日本软件会员苹果id充值卡欧美全球skouttinder火种蓝标火种黄金会员蓝标bumble（大黄蜂）需要联系@daka52@tyy520aNGw"
1,"项目名称：q拉不匹配手工单项目介绍：数据年龄：0-25高活达人数据通过率：万/20群错单率：百5左右每日提供监控核对，无虚假乱扣，透明度百分百！数据有效期：10天300+队伍秒上担保价格：21起百22三百23联系人：@HuangDi778认准皇帝唯一：@HuangDi778信誉频道：https://t.me/+kvRcQJzTqpY3OTk1小鹿代发点击联系"
1,"Lhr24小时全自动裙~发菈~人私~信炒~群采~集筛~号上粉飞机号协议号@zz99u999(骗子火葬场）"
1,"盘口直出、棋牌二道卡接回U模式，正规跑分、免押金，公司先打款@Po676支持‍银行卡、微信、支付宝大小额均可操作点位：10%~20%，稳定后利润上调总台沉淀48小时资金下发，备好U一笔一回日赚2000~30000+棋牌二道料资金绝无三黑，保资金不冻结新人可教，车队/个人均可操作诚信合作，骗子勿扰。了解项目点击下面发信息加@Po676Skylar"
1,"世界杯强势体育料，收车队散户，量管够点位高"
1,"迎战2022卡塔尔世界杯博创担保-业界最强全球换汇阵容就位优质通道跑量有限，风控状况瞬息万变只有找对平台，才能完美应变！专业换汇担保精选多国换汇团队携手打造业界最佳换汇环境东南亚全方位资金汇兑支持泰铢越南盾印尼盾菲披索马币新币即时卡转回USDT欧美纽澳秒到帐通道，要求保时最短支持欧元美金澳币加币英镑直通车收款即时回U全球36国换汇，零距离秒回款支持港币日币尼日巴西墨西哥缅甸柬埔寨东南亚中南美非洲多国换汇支持上押担保，踏实赔付，信誉最可靠※同时召募各国车队，一起实现财富自由！资方保量，通道保回，博创担保，做你资金最安稳的后盾~咨询合作，请联系博创换汇客服@HHCBCDBS01小鹿代发点击联系"
1,"kc福建建设加2张100w额度的卡8w买断另外收各种银行储蓄卡额度需要20w以上价格美丽盾卡全网价格最高中介卡主卡商欢迎打扰问价格带资料"
1,"1.jl实力车队、承接一道二道、咔接咔咔接回U高效不堵车、可担保/直押，来实力金主合作jl"
1,"94专业车队接料，卡接回u，承接各种一道二道，欢迎实力金主来谈/支持担保上押，骗子勿扰94"
1,"（。银行卡反全家个人轨迹公司婚姻https://t.me/+x33itzKQ5wQ3Yjkx（。"
1,"YHS泰国台湾日本运营商优质号段免费提供活跃号码实时检测定向line精筛商务接待：@jcwg998EWL"
1,"国内，现`金￥上门%收*U同台+长期合作:usdt0839"
1,"40广东汕头10-100收公|户5-30收收盾|卡可上压*可验付各种合作方式欢迎中介|卡主|卡商来谈认准对接@F666988认准广告频道https://t.me/+Wm6wbm-vePw4YjRl"
1,"l￥银行卡反定位全家户个人婚姻https://t.me/+7ezyPRaoijYyNDk1"
1,"（大量出下浮USDT/长期合作的来）咔接回U长期稳定出USDT【飞机】-@BOHAO5"
1,"全网多渠道自引动流一部机手操作躺赚项目只你要听话照做，有行执力100包教会100包赚可批量，不拍视频，不直播微信：abc8v7"
1,"bc专业收购公户、盾咔、普咔、一类小咔2-3w买断50-100w额度4w-7w买断。公户盾咔15w-35w买断、欢迎咔主咔商来谈"
1,"『条俊』ZM上号群三月帐单15+好友『480』日结『600』挂设备上两个+20上三个+50上四个+80上五个+100——————————『3小时半天』『6小时全天』『冻结』未过半天解不开没结算『顶号』说了不听没结算『上号找我』@bianhua1688『结帐』22：00——————————『上号格式』帐号：密码：手机号：地区：验证方式：(扫码.好友.短信)帐单：(三月.半年.年号)https://t.me/mevius125125钻石代发广告代发点这里广告代发/频道群组上粉/克隆"
1,"TG最强营销神器联系客服@baozang886号码筛活刷阅读量批量采集加群群发批量拉人批量私信自动炒群监听推送另外还有其它业务:代筛TG活跃用户代拉活人（用户名/手机号）代发私信（用户名/手机号）群组/频道刷僵尸粉机器人定制（监听，记账，群管）协议号自助售卖机器人点击复制baozang666_bot"
1,"急需用钱直接来只要你有一类卡或者U盾卡用途：足球篮球网球等体育赛事买球上下分！买球的时候客户入金到你的卡里进行赔付结算、纯BC资金安全可靠胆小和嘴炮勿扰！！招实力中介～挑战全网套路_骗子自觉走开。欢迎大家前来咨询合作共赢！联系人：@fx1689廣告投放點此聯係廣告投放點此聯係"
1,"0r手机，微支/反。查好友提公司https://t.me/+_OdqE0QdnhE0MWQ1"
1,"甜美小妹妹在线科室，可外卖"
1,"迎战2022卡塔尔世界杯博创担保-业界最强全球换汇阵容就位优质通道跑量有限，风控状况瞬息万变只有找对平台，才能完美应变！专业换汇担保精选多国换汇团队携手打造业界最佳换汇环境东南亚全方位资金汇兑支持泰铢越南盾印尼盾菲披索马币新币即时卡转回USDT欧美纽澳秒到帐通道，要求保时最短支持欧元美金澳币加币英镑直通车收款即时回U全球36国换汇，零距离秒回款支持港币日币尼日巴西墨西哥缅甸柬埔寨东南亚中南美非洲多国换汇支持上押担保，踏实赔付，信誉最可靠※同时召募各国车队，一起实现财富自由！资方保量，通道保回，博创担保，做你资金最安稳的后盾~咨询合作，请联系博创换汇客服@BCDBHHCS01小鹿广告代发点击这里联系频道上粉、群拉真人"
1,"出u博c数据交友涩量s站搭建CPA"
1,"人间清醒努力搞钱https://t.me/shi580新手包教会，寻找大小车队或者个人长期合作棋牌二道归集料过了一遍，已沉淀，放心做免押金，先钱后U（一笔一结)单笔：1000——10w，上不封顶，无押金备好第一笔U循环做先钱后U模式，保卡：死卡包陪！点位；10--25个点量大可谈流程：财务先打钱，你再秒回我U。防止黑吃黑，长期可线下同台诚信合作，大量收u，骗子空手套白狼勿扰此号不私聊！！！要赚钱加灰机：https://t.me/shi580Telegram(https://t.me/shi580)长期信誉Youcancontact@shi580rightaway.鑽石代發點這裏框框就是發"
1,"悸慟の摆烂日记微信业务微信实名微信飞机号微信解限制QQ业务QQ实名短袖解冻扫码解冻代绑银行卡身份证解冻ᴛᴇʟᴇɢʀᴀᴍ业务代宣宣传号代拉宣传号ᴛᴇʟᴇɢʀᴀᴍ进群ᴛᴇʟᴇɢʀᴀᴍ飞机号换钱服务ᴛɴɢᴢғʙᴛɴɢʙᴀɴᴋᴛɴɢᴡxʜʙ爆粉爆贊业务多平台like/views/follow游戏业务代充(王者/和平)代送(王者/和平)定位(王者/和平)代充特权卡(和平)人气点赞值(王者)代刷贵族(王者)代抽水晶(王者)查战力和平手册游戏转区人脸认证健康系統點券紅包其他业务祈福灯(有群)tng解封私人推码雪地写字40种技术美化二维码剪映卡点视频--------------------------------有招呆梨有没有经验都跑单纯属记性不好信誉已10k--------------------------------下单/询问@Yubabyyy@yubabybyh信誉t.me/yushiweiyi全部群linkt.me/yuqunlianjie--------------------------------ᴛᴇʟᴇɢʀᴀᴍ没回复找微信/ig微信：xuanbby1122ig：feixuanbby接急单/催单退款/善后"
1,"qo*广东/汕头揭阳大量收一类卡盾公户落地三包骗票绕道可上压可验付来卡主卡商联系方式:@hongfa688对准广告频道:https://t.me/hongfabaojia诚信经营长期合作"
1,"百分百支付宝机主百分百电信机主移动无盲机主刑侦全家微反手机号人脸/十六头猎魔开房/同住一体名下房产/银行卡卡反婚姻/疫苗/中通更多业务咨询@ailin5210"
1,"出shamrockshamrockshamrockshamrockshamrockshamrockshamrockshamrockchickenshamrockshamrockshamrockshamrockshamrockshamrockshamrockshamrockshamrock:"
1,"shujuwang8https://t.me/+RNf5WCcybUVhZjRh"
1,"钱庄收U，长期做资产转移换汇高价收U，白资付款/ATM现金存/线下交易全网汇率置顶，我们是以钱庄给的汇率为标准，可以保证做1万元，500元利润汇率都会有些许上浮万500利润。接收小白先款先款先款客服频道ID：[点击此关注频道]客服频道ID：[点击此关注频道2]"
1,"JFT全网最低价超级签封装报毒处理价格美丽招代理NDF"
1,"mYr免費收徒教₫音自動引流，每天26OO米，你我合作分潤，有搞欲望抓緊來對接！倆小時一結"
1,"zm上号日结群（用途：炒群）上号时间早上700上日结晚上1700上隔夜结账时间：每晚2000下号价格日结价格：320隔夜价格：400（提前一晚上挂设备，第二天用号稳）要求实名认证，绑定手机号码，无限制最低四个月账单，号主本人实名，可人脸解冻实时账单随时可查裙：https://t.me/Zm0124888结账频道：https://t.me/+m3S6NXOH9-I5MGM1"
1,"实力车队长期收普卡，信用卡，盾卡，公户，小额卡不看额度都以一万二买断，落地三包服务，欢迎各位前来咨询，骗票的请绕道"
1,"FB一审二审号，FB账单号&二解三解耐用号&FB企业户，FB主页，账单号，半限，高限。FB企业号，个人号，TG协议号，直登号，都有，懂得滴滴"
1,"【华纳国际娱乐】东南亚合法正规实体娱乐大赌场的实况连线平台。现场百家乐、龙虎，牛牛、炸金花、大小、单双、筒子……7大类游戏66张牌桌。出入款灵活，支持银行卡、USDT充值和出款。总部客服24小时随时在线办理，200亿彩金让您尽情发挥。游戏均为现场实况连线，全透明牌靴，无接触发牌，先发牌后下注，100%公正透明；资金安全，出款高效，娱乐无忧！华纳有限公司点击部娱乐网址：www.hn6559.com电报https://t.me/hn6559微信:17874181504蝙蝠36286161需要开户联系!Telegram"
1,"野路子海外橡木！！单人月保底收入5OOO刀+只需要一台电脑即可稳定运行多年的橡木！！签保本合同，可实地盈利在回！+:⑧⑤①⒍"
1,"学生少女私密群@xinxin133学生少女私密群@xinxin133学生少女私密群@xinxin133"
1,"1.什么料都接，卡足，大车队值得信赖，卡回u...因为专注所以专业，料主金主们洽谈ko"
1,"h3专业车队接料，卡接回u，承接各种一道二道，欢迎实力金主来谈/支持担保上押，骗子勿扰h3"
1,"8xQUAN收各种料大车队，不堵车咔接茴Uhaoyuqandh388288x"
1,"j6银行卡反定位全家户个人婚姻https://t.me/+7ezyPRaoijYyNDk1"
1,"一手海外定制软件badoohingeokccmb大黄蜂有缘出粉出技术接代付感谢出海"
1,"JPM品牌签名，快捷稳定！KXZ"
1,"c1招盗U代理出假U仿U黑U懂的来@Daobi618"
1,"BWv专业超级签不限产品不限机型不限语言ihB"
1,"vzo免費收徒教₫音自動引流，每天26OO米，你我合作分潤，有搞欲望抓緊來對接！倆小時一結"
1,"车̰队̰需̰要̰要̰承̰兑̰换̰Ṵ的̰联̰系̰我̰做̰线̰下"
1,"QC数据高质量精准一手数据综合—棋牌—博彩体育—彩票—六合可指定app，指定网站数据一手实时抓取诚信做事，只做质量:@qc899:@qc899频道：https://t.me/+_61DjUicaidjN2Y1QC数据高质量精准一手数据综合—棋牌—博彩体育—彩票—六合可指定app，指定网站数据一手实时抓取诚信做事，只做质量:@qc899:@qc899频道：https://t.me/+_61DjUicaidjN2Y1小鹿代发点击联系"
1,"hkiBC.qp.ty电.销线路.系统.港澳.国.收量.价格低.质量好.专业电.销团队客服.仔细:【@vos818】jhd"
1,"(◔◡◔)THDTG群发软件TG群发软件TG群发软件TG群发软件TG群发软件OYG"
1,"ORB免押金跑分赚钱发财请联系业务号@ETHK666正规菠菜资金，几百卡商已为你验盘，一笔一回一结，棋牌二道、世界杯纯料日赚5000-20000+，绝无黑料，小白包教会。团队个人接可，骗子勿扰，致富热线，发财请联系业务号@ETHK666LZP"
1,"联通⑸G每天稳定收益8k+线上线下结合实体项目支持线上视频教学后再决定合作！微信Liang2340912"
1,"KYZ专业团队源头超级签，app封装，安卓包报毒冰价VYR"
1,"SED世界杯开战在即！助力海外营销~全球号码检测！定向wslinezalofbViber精准筛查~@makabaka2523TVE"
1,"mflk车队，专业西米，卡回u，接一道二道料，通道稳定askjdaskdssddfdmf"
1,"0y招盗U代理出假U仿U黑U懂的来@Daobi618"
1,"pkYBB车队出u可承接一道二道，卡接回长期有效，djasklddshnkjk45pk"
1,"盗U招代理！来不？yf"
1,"r7YUAN接料系咪长期出下浮U不吭，不骗勿扰r7"
1,"公安https://t.me/srtg000111查询系统，效率"
1,"跑步，要小额一类卡，要信用卡，ab模式，绝对靠谱，点位置顶，待遇最高，详情咨询业务飞机号：@Q95588"
1,"u8*广东汕头10-100收公户5-30收收盾卡可上压可验付各种合作方式欢迎中介卡主卡商来谈认准对接@F666988认准广告频道https://t.me/+Wm6wbm-vePw4YjRl"
1,"盘口大量直收纯qp数据dpisdk卡发手发电销数据可测试的来有实力的来免测勿扰别过来找骂日70万的量骗子勿扰！欢迎机房电销中介来谈联系方式:@dake0528诚信经营长期合作9090"
1,"专业车队洗米，各种车接各类一二道料，长期合作！"
1,"QQ注册50一单一结大量收靠谱秒结"
1,"盘口大量直收纯qp数据dpisdk卡发手发电销数据可测试的来有实力的来免测勿扰别过来找骂日70万的量骗子勿扰！欢迎机房电销中介来谈联系方式:@dake0528诚信经营长期合作sysy"
1,"海角钻石五折出需要联系"
1,"WS裙发，日发10w不封号，稳定高效。感谢鲨鱼！"
1,"伪基站：1.基站背包客短信群发基站，甲方负责提供基站乙方负责按甲方要求去投放2.安全方面己有前车之鉴，放心大胆搞起来，小区顶楼，商场卫生间马桶夹层，开车公路上溜达人流量密集的地方，开钟点房…等等，太多办法了。3.操作方面基站不大，有个书包够用，带个充电宝，到地方插上充电宝藏起来人想干嘛就去干嘛不用管基站，第二天换个新地方继续搞设备:伪基站（禁止使用猫池）设备卡：我负责提供5张（小时结帐1H3000）一个小时结次6小时18000，设备主要用于发短信设备我这边免费提供设备押金100u，上押工作后可免费退押，设备押金会在真实投放后退回，不会扣除"
1,"MLNTG群发软件TG群发软件TG群发软件TG群发软件TG群发软件EZX"
1,"tcpCK代发飞机直发飞机不是转出各种裙发软件件飞机@df633799频道https://t.me/qwe633987飞机@df644788承接24小时专业代髪频道https://t.me/qwe633789"
1,"昆明—老街安全出，无定金，到老街现金结私聊"
1,"gz手机，微支/反。查好友提公司https://t.me/+_OdqE0QdnhE0MWQ1"
1,"x5x5*汕头*潮州梅州20-200万|收公户10-100万|收盾卡手银|暂时不收可上压可验付注：要路费|和定金|勿扰！落地|三包！欢迎中介卡主卡商来谈认准对接@YSCD000频道对接https://t.me/+7onEwEw9uQYxYTI9"
1,"晚上有空，欢迎预约，20岁妹妹个人兼职。"
1,"RNZ招车队长期接常规一道二道料，精料，博彩，色播卡接回u，卡足，欢迎来详谈，可担保/可直押诚信合作GBU"
1,"《Tron_token波场靓号筛可指定尾数，生成钱包靓号仿造他人钱包，手到擒来筛选软件在手，财务我有业务频道：@trontoken01客服咨询：@TTsiliao0yx*"
1,"做四大搜灰词排名流量"
1,"e3YUAN接料系咪出下浮U不吭，不骗tianyuanche8828e3"
1,"日结不禁言上号群盘口可验，信誉可查。可拉担保。3个月：2806个月：380年以上账单：480（隔夜提前挂设备+50）要求：1个月账单起，好友10+实名无限制绑定手机号码必须能解冻第一次不结没钱，后面解一次+30。上号时间：全天使用时间：8：00-22：00结账时间：22：00-23：00算钱：使用时间1半3全限制统一补50不算钱：顶号，第一次解冻不处理。别在你需要的时候才明白钱的重要，别等你的女人你的父母你的亲人为了钱失去尊严的时候你再去后悔。现在点击下方链接联系我，给我们彼此一个机会。上号客服1：@xiaoxiang50上号客服2：@Lab778877群链接：https://t.me/Lianxi996群链接：https://t.me/+QdYuSDPfMFwzMmE1{钻石代发广告代发点这里【广告代发/频道群组上粉/克隆】"
1,"jy全网最高价收一类卡大小额-盾卡-公户中介卡主来聊聊价格天花板骗子勿扰@HW521"
1,"选择大于努力，合作共赢棋牌归集二道料免押金跑分（一笔一结）新手可教欢迎个人车队加入日赚1000￥—20000￥卡接回U模式（不扫码，无套路）先把U准备好，先转你人民币和佣金，收到钱后你秒回我U欢迎咨询灰机：@Usdt8811好项目长期财富热线：https://t.me/Usdt8811"
1,"岀飞机耐用防销呺"
1,"础，优质，沽名。手脖"
1,"1.车队承接料，常规，大混，精，刷等/可担保可直押，咔接回U，实力老板来2a"
1,"招车队大额代收付来"
1,"出：各类账号海外号"
1,"跑分，千六，无押金"
1,"飞机营销软件-项目资源飞机营销软件-项目资源https://t.me/GFKJGG/34https://t.me/GFKJGG/341"
1,"福田新开清纯可人，三点粉嫩，出水好，高端会所30位佳丽妹妹！到店亲选选到满意为止～口嗨嘴炮勿扰先体验后买单"
1,"Boy-诚信出售各种海外盘相信土豆和推特的兄弟已经对我们Boy陌生了现在正式入住兄弟们目前部分盘口已经饱和了再不多接就没机会了抓住机会过个好年做灰产的还能穷过年？好盘不等人不跟墨迹人做生意买盘认准Boy诚信一手盘频道信誉图都在项目类型：zmpcv推v拉q拉租q抖音快手接粉吵群收号跑分伪基站色粉赔付不接盘永远做不大做大做强的前提就是有个好盘我们Boy在这里郑重承诺我们所有盘都是测试过的包售后保结账包海外一手最近有小人一直冒充本频道切一直盗图我这里还是希望大家擦亮眼睛唯一频道：https://t.me/Boy2150(https://t.me/Boy2150)我们诚信海外盘光宣传都将近1w真不真实稳不稳我说了不算频道信誉在这摆着呢没必要坑你那百来块钱一分价钱一分货别呆在你价格低还背后耍剂量的无数手代理老板那里干了，自己一手对接盘口，自己拿一手价格更好招人懂得都懂客户群每晚22:00准时发放福利对接:@Boy_V587频道：https://t.me/Boy2150(https://t.me/Boy2150)其他均为假冒，请各位谨防伪劣假冒，被骗我司概不负责！！！小鹿廣告代發點擊這裏聯系頻道上粉"
1,"在家就可以赚米，详情请咨询详情请咨询TG：@keleai11"
1,"源头一手工作室.出各种粉.需要联系"
1,"南山御姐，172大长腿，配合各种姿势，丝袜高跟鞋，科室哦"
1,"收一类卡，盾卡，对公价格美丽"
1,"多个創邺橡木适合个人创业和团队转型支持线上，线下双教学模式月收入在1W+以上微Tiktok66微Tiktok66"
1,"出u有收u的来谈"
1,"ec车队承接各种一道二道，卡接回U咔/咔，寻长期料主卡足不堵车/可担保/直押卸货专业/点位美丽"
1,"接料一道二道卡接回Ư下浮出u联系主号@huoyanzhifu"
1,"xg招盗U代理出假U仿U黑U懂的来@Daobi618"
1,"b2bTG自动营销引流软件群-发拉-人私-信炒-群监-听协议号批发代筛手机开通机器人定制代开会员代发私信0.2/条拉手机号0.4/个免费试用私聊联系"
1,"TOI全网最低价超级签封装报毒处理价格美丽招代理RQC"
1,"n2招盗U代理出假U仿U黑U懂的来@Daobi618"
1,"vu全网最高价收一类卡大小额-盾卡-公户中介卡主来聊聊价格天花板骗子勿扰@HW521"
1,"pd1a1dhttps://t.me/+loCylXVw5GcyNTQ6"
1,"icT免費收徒教₫音自動引流，每天26OO米，你我合作分潤，有搞欲望抓緊來對接！倆小時一結"
1,"1.什么料都接，卡足，大车队值得信赖，卡回u...因为专注所以专业，料主金主们洽谈y1"
1,"JMU稳定签YLI"
1,"【TG协议群发助手】无限多开超低价出售咔咔猛发日发百万【承接TG广告代发】暴力代发全天发送群组采集效果明显【QQ私信广告代发】强制私信无需添加好友极速上粉免费恻试【微博私信广告代发】协议私信精准行业日发百万免费恻试限时免费诚招软件代理手把手教你日入千元：@GXBSL359：@GXBSL359"
1,"mjJHB大车接各类资金洗米可接一道卡接回Umj"
1,"2h拉群，群发|私信，群广告，僵尸粉协议号推广引流，TG助手王软件免费可测"
1,"VHD全球活跃号码检测定向ws、line、zalo、Viber、boyim、skype、signal等活跃筛查商务接待：@ycjc9988VYM"
1,"老司机福利最新，最全，最靠谱【明星爆料】网爆性闻，实时推送传送门：@t.me/cgnow.vip/cgblgs001【抖阴破解版】稀有视频资源，你懂得，免费观看传送门：@t.me/sifang.plus/dytgc001以上为自动下载链接均验证，无任何问题，放心下载！另接包月广告合作，定制拍片广告植入量大价优收量，不限渠道，招代理，推手：@Kuaixinxfu老司机福利群@t.me/douyinJP"
1,"qxuexinhttps://t.me/+Rf6Vx7qjZ4E1ZmIx"
1,"shier029https://t.me/+ifNdoT8ufFgwYjZhDr-TG代发广告代发点这里"
1,"闲鱼搬砖日撸1k起做的来"
1,"广西玉林来普咔信用咔，寻长期实力中介。口嗨骗钱勿扰！"
1,"xd开房/银行卡/状态婚姻好友提https://t.me/+WG2J0Q2-tIkzYTRl"
1,"8c招盗U代理出假U仿U黑U懂的来@Daobi618"
1,"高价收普卡盾收一类卡不限额度诚信经营欢迎卡主卡商来询落地三包"
1,"1.车队承接料，常规，大混，精，刷等/可担保可直押，咔接回U，实力老板来6o"
1,"TWUTG群发软件TG群发软件TG群发软件TG群发软件TG群发软件LHR"
1,"招AB卡车队，数字车队，POS车队，卡回卡车队（保卡），二道车队，量管饱317663"
1,"1.什么料都接，卡足，大车队值得信赖，卡回u...因为专注所以专业，料主金主们洽谈xv"
1,"[6代发广告，群广告，私信，克隆拉群（公开群/私有裙，拉号码/用户名），机器人/僵尸粉，软件，都有。稳定经营三年，需要请私我[6"
1,"新炮台收量！不限制渠道价格高结算稳定不扣量新平台好上量！能跑的速度联系现招Cpa，各大代理商，价格高，次日下午18点结算，结算支持，卡，U。口令，结算稳定。手工量！假量，任务量，仿真量的，请绕道勿扰。官方认证联系方式：【官方收量】：@HK88701【CPA代理】：@HK88701【站点招聘】：@HK88701【在线客服】：@HK88701官方TG群：https://t.me/+o1XZuEUNt-ZhY2Q1官方TG群：https://t.me/+o1XZuEUNt-ZhY2Q1官方TG群：https://t.me/+o1XZuEUNt-ZhY2Q1"
1,"福田个人可拍视频喉射吞精兽穴紧会夹你的气质女友"
1,"t0找人，酒店同住，好友列表/提https://t.me/+ez3HJpysuhM3NzE1"
1,"z3广东汕头10-100收公|户5-30收收盾|卡可上压*可验付各种合作方式欢迎中介|卡主|卡商来谈认准对接@F666988认准广告频道https://t.me/+Wm6wbm-vePw4YjRl"
1,"zr婚姻机主信息开房好友提https://t.me/+_nh1Mo1mtXE5NWZlzr"
1,"诚信经营长期合作高价收普卡小额度卡一类卡公户信用卡盾骗票绕道路费三包联系方式:@clw26888欢迎卡商、中介、卡主来洽谈。诚信经营长期合作a."
1,"li手机/轨迹开房飞火、记录好友、提https://t.me/+yEt8SyAhV7IyOTk1"
1,"出全行业数据@ank88688"
1,"出精准体育-涩-股民-交友-兼职网贷"
1,"SIY实力料主寻找寻找销油咔电费帮充全国可充有诚意私聊YQX"
1,"实力车队、承接各种一道二道，卡接回U寻长期料主卡足不堵车/可担保/直押卸货专业rb点位美丽rb"
1,"1.实力车队、9w承接各种一道二道，卡接回U/寻长期料主卡足不堵车/可担保/直押卸货专业/点位美丽9w"
1,"≧◉ᴥ◉≦PSTTG群发软件TG群发软件TG群发软件TG群发软件TG群发软件KMU"
1,"F炷冊凂~费鎹【18】渞洊100100领取彩金溲飛机：AGZL688F；领取"
1,"看我名看我名看我名看我名看我名WQN"
1,"新人开课03年全身零整百分百全原平模兼职身材好颜值高"
1,"QKQ灰机TG助手自•动采•集加•群群•发拉•人私•信监•听群•控联系：@maimai3690手机号筛选号码是否开通TG代拉手机号（无限制国家）大量session协议号出售（出售拉手机号协议号）群管机器人监听机器人记账机器人双向机器人"
1,"鹤轩团队业务汇总————————————1.抖音上号群:@hexuandouyin01单价：实名号110未实名70禁止私信客服问价上号勿扯皮谢谢合作—————————2.微信PC上号群:@hexuanPC02单价140每天早7.30上号—————————3.QQ上号群:@hexuanQQ03【不禁言】无硬性要求能进群即可续租无限单价进群看置顶等级不同价格不同—————————4.接龙结算群:@hexuanjiesuan04用于号商上号接龙结算的群除qq外其余所有在鹤轩群里上的号都要接龙—————————5.鹤轩通知频道:@hexuankeji2用于发布结算图和红包发放—————————以上所有业务由鹤轩本人：@hexuankeji3有问题随时都可以联系我本人只有备用:@hexuankeji1以外无任何小号欢迎大家监督做到真正的为号商服务"
1,"(͡ᵔ ͜ʖ͡ᵔ)JKE全网最低价超级签封装报毒处理价格美丽招代理EGK"
1,"『靓俊』ZM上号群三月帐单15+好友『480』日结『600』挂设备——————————『3小时半天』『6小时全天』『冻结』未过半天解不开没结算『顶号』说了不听没结算『上号找我』@bianhua1688『结帐』22：00——————————『上号格式』帐号：密码：手机号：地区：验证方式：(扫码.好友.短信)帐单：(三月.半年.年号)对接群：https://t.me/ipwakaadq钻石暴力代发"
1,"世界杯出、体育站广告位体育粉涩粉约炮cpa涩站"
1,"泷灵-ZM-500-日结『日结500』『日结500』『日结500』不要问为什么那么高因为不是仲介不要问为什么那么高因为不是仲介不要问为什么那么高因为不是仲介三月帐单-10+好友-无限制异常16:00前-登记上当天结帐16:00后-挂设备隔天结帐有解号就直接算全天解不开算半天对接客服：@GuanShengdijun公司财务：@jhg14545对接群：https://t.me/qqaq1124q1aa钻石暴力代发"
1,"盘口直收q拉单价27-29只要百单团以上可验证需要qq手工团脚本团钉钉机房不需要钉钉手工团询问不亏只要实力团队不要浪费大家时间@FourdZus"
1,"源头超级签企业签Tf签mdm免费测试@lomao88"
1,"oPk出BadooBumbleOKCCMBtinderpairstappleomiai推特FB有缘InstagramTwitterLinkedinGV号领英全部72小时售后包补交友粉成品号出技术可定制人设可测试可先号，做号技术互换此号不回复直接联系：@b3852"
1,"运费险这个项目稳定这么多年。不知道有多少人想做～却找不到渠道。一个真正且长期的好项目了解更多请进官方订阅号：yfx168订阅号都以创建一年多了。9f9f*"
1,"需求商品:QQ拉手匹配盘口收人价格接受：22-25售后要求：稳定和做靠谱做事的公司扩张持续招人稳定合作的来一组过7-8个1w数据7-9个群数据各方面都不错对接群:https://t.me/+ZE6H6z66wwJhOTk1对接频道https://t.me/ajajsjx43737对接人联系人:@ajaj8888888已在小染上压500u小鹿廣告代發點擊這裏聯系頻道上粉"
1,"海外撸镁金橡木！单人月保底收入W项目稳定运行多年，有台电脑即可上手操作+:"
1,"qh专业洗米，卡接回U承接各种一道二道骗子勿扰，jmggeescbkqh"
1,"神盘新A不匹配低龄混合手工数据0-25通过爆炸1:10，1w=10群晚1-9拉群，晚11点左右结账价格:23起，100-24有量有价数据群码管够招质量散，质量团！要求能连单保真，成熟团队欢迎合作鸽一次永不合作认准唯一：@xincheng66工作频道:https://t.me/XINCHENG6666鑽石代發點這裏框框就是發"
1,"(͡ᵔ ͜ʖ͡ᵔ)CBO源头超级签，app封装，安卓包报毒BLX"
1,"出体育股民博彩六合棋牌兼职交友相亲色粉广告位招租劫持"
1,"极乐阁修车会所国人带队安全可靠每日在岗大量极品越南妹菲妹每日更新价格优惠可爱萝莉兼职学生性感御姐巨乳少妇应用尽有鸳鸯浴、无套口交、调情、各种玩法可以解锁各种姿势全马尼拉均可提供上门服务Shore可以提供房间车队联系我有各种料需上压在线客服:@shore01234看图频道：@shore0jlg小鹿代发点击联系"
1,"威尼斯：zm日结上号群：（操作时间8点-22点）日结全天使用时间：早上9点到晚上21.30分，当天22点结账隔夜全天使用时间：下午2点30分挂号收号到晚上24点，第二天晚上22点结账日结续租一直续租合作共赢，诚信为本，你发财我发财，口嗨勿扰。群里客服：@Wns8803群链接1：https://t.me/Wns8886群链接2：https://t.me/+IVMzXPVTxVViZDFl"
1,"N͟F͟T͟专͟业͟户͟大͟量͟出͟U͟͟͟"
1,"2022靠谱项目大量找人合作无任何套路，稳定搞钱偏门路子日入千+https://t.me/+Yydafqf8Q-tkNDYx"
1,"高价收【公户】【盾卡】高价收【公户】【盾卡】可预付，可买断，可点位寻实力中介长期合作！：@dings588：@dings588"
1,"大批量出，可接黑白资，​有需要的联系我​"
1,"0v实力车队接一道二道资金，什么料都能接，自己车队卡足不断卡，支持担保上押，欢迎来详谈，诚信合作0v"
1,"下͟浮͟出͟u͟可͟同͟台͟面͟交͟͟͟"
1,"钱庄收U，长期做资产转移换汇高价收U，白资付款/ATM现金存/线下交易全网汇率置顶，我们是以钱庄给的汇率为标准，可以保证做1千U，400元利润汇率都会有些许上浮万400利润。接收小白先款先款先款关注频道ID：https://t.me/+aRDq5aASbag0N2Mx"
1,"XIVDZ卡接回U无押信誉棋牌跑分一单一结?1??-料：正规棋牌通道，24小时沉淀过的二道归集料2??-每天总量：3000W~6000W3??佣金：15%~25%量大可谈4??-单笔金额：单笔最小2000元，最大49999元。量大请提前预约！！！（首次试跑不限金额，第一次单笔最高放款不超过1W，之后逐笔递增）5??-放料时间：正常每日中午1200，料放完为止。6??-由于我方资金问题导致死卡、冻卡、银行风控，司法冻结，全部我方负责，后期全力配合取出，并且我方还会赔付卡费。7??-由于卡主认为挂失，偷转，人头跑路和操作失误导致的资金损失，车队承担全部责任。8??-U价格按照买入，交易所实时汇率计算（例如：你方买入10000元的U，我们公司就按照10000人民币结算，中间的汇率差价算我方的）9??-收款方式：银联卡，微信、支付宝收款码（大额资金建议银联卡接）有兴趣私聊加??@zilong999合作共赢OYQRO"
1,"AnP﻿高质量【协议号】+TG防封引流助手+【TG协议号注册软件】代发广告，代拉活人，代发群！促销价格！等你联系！联系我：@xieyihaoS"
1,"想玩百家乐龙虎牛牛联系我开户"
1,"eyJ用心服务每一位老板一次合作终生朋友咨询请联系JB0"
1,"1.车队接料，大小混，精，刷，色都可以，可担保可直押，咔接回u，实力老板来ol"
1,"Google海内外上架运营专注谷歌苹果海内外APP代上架代运营菠菜类棋牌类体育类均可上架小说系统搭建数字藏品各类游戏开发出售马甲包白包解决APK疑难问题出售谷歌苹果海外企业账号以上业务均支持少量定金完成后满意付款一切业务均个走担保24小时在线：@cu99999"
1,"c5招盗U代理出假U仿U黑U懂的来@Daobi618"
1,"COCO低端續租炒群ZM日结：480|隔夜：650好友10，2个月账单以上号无违规，可解冻联系的到人以上达到要求的来上号不要问有没有位置无限上速度来上号客服：@BBB1355871唯一上号群https://t.me/COCO1355863"
1,"≧◉ᴥ◉≦wiL424假美元假迪拉姆假RMB假比索假U黑UuKN"
1,"l9专业车队接料，卡接回u，承接各种一道二道，欢迎实力金主来谈/支持担保上押，骗子勿扰l9"
1,"af专业车队西米承接一二到点位美丽出下浮uyintiayibugezixi8044466af"
1,"gb实力车队接一道二道资金，什么料都能接，自己车队卡足不断卡，支持担保上押，欢迎来详谈，诚信合作gb"
1,"账密直招散户号商价格表如下：日结：680隔天：1580要求：账单三个月以上。好友15+实名绑定手机号！上号时间：早上12点前都算全天上号时间，上满四小时算全天，两小时半天，限制补50-100！3点后上号算半天，晚上8-11上号挂设备！晚上提前挂设备补100账户必须不存在任何限制问题！需绑定手机号！日结隔天担保欢迎各位号商来询问群链接：https://t.me/BMF689(https//t.me/+FpQfjxbVNGRkMjll鑽石代發點這裏框框就是發"
1,"微提好友开房同住内部案情网逃https://t.me/+hv1hugO_ZyliMTYx"
1,"泷灵ZM500日结『日结500』『日结500』『日结500』不要问为什么那么高因为不是仲介不要问为什么那么高因为不是仲介不要问为什么那么高因为不是仲介三月帐单10+好友无限制异常16white_exclamation_mark:登记上当天结帐16white_exclamation_mark:挂设备隔天结帐有解号就直接算全天解不开算半天对接客服：@GuanShengdijun公司财务：@jhg14545对接群：https://t.me/qqaq1124q1aa钻石代发广告代发点这里广告代发/频道群组上粉/克隆"
1,"o2全网最高价收一类卡大小额-盾卡-公户中介卡主来聊聊价格天花板骗子勿扰@HW521"
1,"n9招盗U代理出假U仿U黑U懂的来@Daobi618"
1,"体育直播论坛广告位色站接炮台"
1,"9llk车队，专业西米，卡回u，接一道二道料，通道稳定askjdaskdssddfd9l"
1,"pZt兄弟来搞！免费教技术，人间正道是沧桑，每天稳打3OOO米，正规搞米，细节来详谈"
1,"出私人QQ==稳定耐艹@qy5888"
1,"1.车队承接一二道资金。卡接回卡/咔接回u，汇率美丽，欢迎滴滴m3"
1,"项目名称：元宝ZM（全天上号）日结：480隔夜：650好友10，2个月账单以上号无违规，可解冻联系的到人以上达到要求的来上号不要问有没有位置无限上速度来上号客服：@abh55599唯一上号频道https://t.me/WDGREEN{钻石广告代发点这里【代发/上粉/克隆】"
1,"区块链十分钟500-1500无押金免费带想赚钱来@e22233"
1,"公司深耕国内外互联网变现项目现推出3个目前国内最火爆的单品单人单日可产出1000+收益纯正规项目操作简单可批量复制欢迎实地学习考察实操满意了再回去做意向联系威信：LK17239"
1,"yvV免費收徒教₫音自動引流，每天26OO米，你我合作分潤，有搞欲望抓緊來對接！倆小時一結"
1,"Q拉不匹配单需求量：200个群价格：24-27来质量团队，成熟团队，看团队质量可扶持，适合长期发展。优点：数据群码管够，百单24，千单25，基本0扣单，稳定1年老盘。低龄高通数据，数据年龄0-9，单号轻松通过10+，一个散户可以拉一个群的顶级数据，绝非画大饼。只给实价，贪高价勿扰。没有抗压能力三天打鱼两天晒网的勿扰。欢迎各位老板前来试单，不满意随时可以清粉结账走人。是否支持担保：支持担保费谁付：协商对接人联系人:@An7374工作频道：https://t.me/nian66666小鹿代發點擊聯系"
1,"路.飞.集.团福利嘎嘎好高.價収各種信譽卡.點.位.全.網.最.高碘.骰.項.進.裙.snb"
1,"YMU专业超级签，app封装，安卓包报毒处理KNJ"
1,"jkjBC.qp.ty电.销线路.系统.港澳.国.收量.价格低.质量好.专业电.销团队客服.仔细:【@vos818】bhb"
1,"wn海外0元开店《资金盘》。裂变模式《通道入金》傻瓜式运作火热招商外汇合约炒币模BTCETH火热招商国内扫雷群（苹果商城app）招拉手实力群主日新过万（日结）世界杯信誉盘线上走U综合盘合作咨询@chexd1"
1,"直播现金2d通道打一笔，结算一笔，秒回款，不拖不欠直播平台招募打手，24小时在线收钻，全网一手源头1、招募料主，打手稳定合作，每日不限额收钻，高比例回收2、频道24小时管理在线收货，不怕料子出水没地方出3、频道24小时最专业的解答，解决各种疑难杂症环境，风控及c圈专业问题4、频道不定时发布免费教程，鱼站搭建，环境搭建及市面少数可用软件。5、出货支持各类支付宝，微信，USTD，收款无忧6、个人及团队均可做，小白可做，手把手带，手把手教。————频道链接————通道出货频道：https://t.me/nimotvcvv————频道链接————详细咨询:@chun123456详细咨询:@lscc5详细咨询:@qqhbqq小鹿代發點擊聯系"
1,"1.实力车队、承接一道二道、咔接咔咔接回U高效不堵车、可担保/直押，来实力金主合作0t"
1,"er高效率通道洗米不堵车欢迎实力料方来合作*出下浮uer"
1,"棋牌二道免押金跑分保卡归集资金，保卡不冻结不司法有意者加@ze197830保卡—司法冻结48小时包赔赔3w里面资金算我方绝对放心，不风控—二道归集资金精料，归集卡沉淀24小时（无三黑，无混料）—寻大小车队，团队个人皆可，小白新手1对1包教包会—单笔：5000—5w无押金备好第一笔U循环做（一笔一结）—日赚5000到30000+不上封顶每天几千万的量，量多@ze197830—点位15-20点量大可谈。长期合作可同台—流程：财务先给你转款+佣金，你再秒回我U。骗子白嫖请绕道勿扰—防止黑吃黑，长期可线下同台。诚信合作，拒绝空手套白狼。—注意凡是要押金都是骗押金的。长期诚信合作共赢优质选手来想挣钱却没有好项目的赶紧来，诚信合作非诚勿扰此号不回复诚信合作非诚勿扰想赚钱的来，小白新手可教有意者咨询:@ze197830"
1,"深港网络/服务器可测"
1,"BGC一手实力料主大量招车队卡主bc色料精聊混料常规卡卡卡U/一二道保时保量走担保支持双押支持直押诚信经营长期稳定保量欢迎大小实力车主合作共双赢DJD"
1,"全世界都在赌球只有我赌你会不会来找我我不懂赔率我只懂陪你"
1,"优.质.盘.口.簡.介.進.退.网.了.迪.拜.盘.口.免.费.餸."
1,"ko广东/汕头揭阳大量收一类卡盾公户落地三包骗票绕道可上压可验付来卡主卡商联系方式:@hongfa688对准广告频道:https://t.me/hongfabaojia诚信经营长期合作"
1,"有没有做工作室或者朋友做工作室的？推我，我这边抖音引流大量缺人上粉，单电脑可打800-1000一天，工作室散户都要，介绍可找@biao68领茶水费"
1,"1.专业车队接料，招一道二道常规/大混料主卡U车卸货专业点位美丽可担保/可直押/大小车都欢迎洽谈谈好立马开6e"
1,"彤彤一元乐购全额反幸运大转盘抽奖老虎机抽奖中了原价反招代理招九折反代理合作详细看群聊欢迎互联网各大巨头各大小中大老板群里福利多多每天开群有红包朋友们进来占个坑位群里没有僵尸粉我不要那没用的画面联系方式：@liu139认准彤彤群聊方式：https://t.me/+bbmhopWVPPw1ZDk1此消息由太阳帮发啦真人囎粉联系"
1,"1.实力车队、zq承接各种一道二道，卡接回U/寻长期料主卡足不堵车/可担保/直押卸货专业/点位美丽zq"
1,"售教育CPA相亲股民体育棋牌六合网赚"
1,"免押金跑分赚钱，正规菠菜资金，几百卡商已为你验盘，一笔一回一结，棋牌二道纯料，日赚5000-20000+，绝无黑料，白包教会。团队个人接可，骗子勿扰，致富热线发财请联系业务号@A128Shttps://t.me/A128S"
1,"日本号实卡接码（微信，Line，婚恋等所有网站APP均可）免费测试联系：@qq8689"
1,"bz/大量出U，量大优先/黑白资洗白/咔接回U/国内同台/点位美丽/可接一道口嗨绕道bz"
1,"uo*1实力大车队/大量出U/专业洗咪/黑白均可/可接一道/咔接回u/点位美丽uo*"
1,"ZM日结价格550日结1350隔天上号时间：早上700（当天结）下午1800（挂设备补80过夜费）要求：三月账单以上，好友10+无限制，实名认证，绑定手机号结账时间统一2130下号对接群：https://t.me/+pVrcmdZ8RUIzOGI1zuan坧瀻潑，濡婹笩潑點適里"
1,"收一类卡，盾卡，对公，价格美丽"
1,"wg天花板架格/收吨咔/宫户/普咔/侬村信用社吨咔买断22W起/——建设吨买断20W邮政吨12万诚招实力咔头中介咔主"
1,"带事名接吗注册网站代付等等，有需要滴我"
1,"xiyouqianming1https://t.me/+npXlXAoQPl0xY2Mx"
1,"jxdTG自动营销引流软件代发代拉群-发拉-人私-信炒-群监-听筛号TG注册协议号-批发，群管机器人-定制监听机器人免费试用联系：@feiniao008_botnaa"
1,"┏━┯世界盃，大胆尝试往往能成功，选择我可以改变你的现状，招有想法的笩理点击@ky36y"
1,"V推，微推，推码，代洗数据，串通单，电话沟通加微信，需要电销洗数据的可以找我，按照结果来算一般洗出4个出一单每通电话都是可以提供录音的！有频道有不禁言交流群详情@Txun168"
1,"1.bb实力车队、承接一道二道、咔接咔咔接回U高效不堵车、可担保/直押，来实力金主合作bb"
1,"新支付宝项目洗口令48回款108测试单  100回款150168回款268408回款608688回款neG888回款1888做单：口令收款码试单每人只限一次"
1,"GPL看我名看我名看我名看我名看我名QTP"
1,"发川zm对接群日结早800上号隔夜晚1800挂设备（晚上不使用，第二天早上开始计算）日结价格：450隔夜价格：600要求：满十五好友手机号绑定实名认证账单最低三月时间限制补50永久限制补一个全天https://t.me/fsawrfxza"
1,"一手源头数据一手源头数据棋牌菠菜彩票体育六合QPBCTYCP6H欢迎各位老板咨询优质数据，实时提取全行业网站和APP优质接口，指定短信劫持指定抓取任意APP提权实时三网数据合作咨询:@qcsj5859关注频道:https://t.me/+7Y-ZQtrEPtk1ODk1廣告投放點此聯係廣告投放點此聯係"
1,"个人兼职外出本人本人不要Q"
1,"工作室接灰词引流"
1,"(◔◡◔)2022靠谱项目大量找人合作无任何套路，稳定搞钱偏门路子日入千+https://t.me/+Yydafqf8Q-tkNDYx"
1,"yangmaokkkkkkhttps://t.me/+ptlY1tsbDsk0M2Ux"
1,"≧◉ᴥ◉≦PFT专业超级签，app封装，安卓包报毒处理CMX"
1,"【梦幻西游挂机搬砖】电脑全自动挂机多劳多得一台电脑单日100-300利润可批量操作签订保本保底合同封号包赔，不接受白PV+:kkkk60080"
1,"s0实力车队，专业洗米，大量出U，卡接回u，承接各种一道二道，收洗全国黑灰料s0"
1,"Vhu24小时全自动裙~发菈~人私~信炒~群采~集筛~号上粉飞机号协议号@zz99u999(骗子火葬场）"
1,"本人研究一年现在收徒，非常简单易懂小白可教，欢迎有上进心的朋友来学，单日收益300起，咨询巍：LW6611800"
1,"w6招盗U代理出假U仿U黑U懂的来@Daobi618"
1,"【微信zm】【微信zm】微信账密，实力盘口，没有中间商赚差价微信要求:3个月以上的账单30好友以上，无任何限制单价550到1200（每日一结）隔天可预付欢迎各大号商半途顶号的一律别来唯一上号频道https://t.me/zhangmiyv唯一上号频道https://t.me/zhangmiyv唯一上号频道https://t.me/zhangmiyv客服@yv0724小鹿廣告代發點擊這裏聯系頻道上粉"
1,"RFV稳定签，apk报毒处理~稳~稳~稳IVF"
1,"1.dh实力车队、承接一道二道、咔接咔咔接回U高效不堵车、可担保/直押，来实力金主合作dh"
1,"ev大量出u/承接国内资金/黑灰资洗白/国内同台/卡接回u口嗨勿扰/1ev"
1,"世界杯Ｔｇ投注站"
1,"of法人。名下车，房户籍全家https://t.me/+VLjjYZmHvMI5OWVl"
1,"接柏度谷哥排名，弓|流"
1,"车队要消化渠道换的找我​线下同台稳定承兑​"
1,"长白续租微信租号（招实力散团商）上号时间：早上800上日结下午1730上号挂设备第二天使用（隔夜）(提前挂设备补助50过夜费）价格（一天一结）日结价格：420隔夜价格：500统一续租价格：550冻结解开时间：30分钟未解开直接退号（频繁除外）要求：最低四个月账单时间绑定手机号，本人实名认证，无任何限制可随时人脸解冻结账时间统一晚上20：00结账22:00下号进群1//t.me/CB6617"
1,"出:微.信扣.扣致.富.宝陌.陌Soul抖.音海.外.呺猹.人手..咔代.付兑.U搭.建实.⑩.数.据海.外.粉裙.发.助.手协.议.呺客服：@Y3_3_8X"
1,"jidBC.qp.ty电.销线路.系统收量.收量.价格低.质量好.专业电.销团队客服.客服:@vos818dhb"
1,"2626*汕头*潮州梅州20-200万|收公户10-100万|收盾卡手银|暂时不收可上压可验付注：要路费|和定金|勿扰！落地|三包！欢迎中介卡主卡商来谈认准对接@YSCD000频道对接https://t.me/+7onEwEw9uQYxYTI9"
1,"出劫持量，数据，色粉，约泡，CPA，兼职，棋牌，菠菜，宝妈，股民，相亲交友。"
1,"博创担保诚征海外支/付合作伙伴精选优质客户源，海外正规BC料、资/金料等，丰富资源，助您业绩一飞冲天博创在行业兴起之初，便以前瞻视野率先开拓海外市场是市面上最具规模，范围最广的全球支.付阵地，广受海内外同业信赖与业内超过400家合作伙伴拥有紧密业务关系。我们正征求印度原生、香港支付宝、Paypal、八达通等线上支付伙伴其他地区各类支付通道也欢迎来聊！博创合作支付通道已遍布全球30多国，欢迎您加入我们的阵容合作洽询@BCDBLLSSGAA001"
1,"fm专业车队西米承接一二到点位美丽出下浮umxbhhggfgfdcsjl999fm"
1,"psSDG车队，洗米，接各种一道二道，通道稳定shuiyuan666ps"
1,"ln招盗U代理出假U仿U黑U懂的来@Daobi618"
1,"oo个人一类银行咔拿来换钱，收个人一类银行咔，帮娱乐公司偷税漏税绝对安全，薪酬按你帮公司避税的额度抽十个点，比如5万您可以抽5千的薪酬一天。胆大来做，胆小看着干瞪眼。诚招中介咔商合作，工作地点：福建漳州想不想过个好年看你敢不敢，有意向加微信18697611951或13156723582或19813508339"
1,"盘古账密日结续租群早上7;00-13:00上号当天结算晚上1800挂设备第二天使用，第二天晚上结账价格不续租价格：580续租价格：650（最少三天起租）压一半工资隔夜价格：980要求：最低一个月账单。号主本人实名手机号，可随时人脸解冻，配合解冻。解冻不及时一天作废时间限制补50费用，永久限制补300（截图账号和限制截图，无截图不补）正常不续租每晚九点结账，22:00下号续租号无限制问题每晚21:00结账，不下号单线对接，第一次合作不拉群ZM上号客服：@pangu01结账财务：@pangu02信誉群：https://t.me/+ZccyHg9OTGMxZDk0"
1,"数码兔DigimonRabbit买单Buy!Spent:$2892.29(10.0BNB)BuyerPosition:54.59%!MC市值:$407490TX|Chart|Buyer|Pancakeswap|顶置信息Pin|电报TG|合约（单击复制）0x485D37CA1c8d4e0b5b11b87604816A4843C079eD"
1,"海外数字货币总部招代理合约发售秒合约秒返"
1,"dxGHJ车队出U，可接一道二道，实力嘎嘎强，hfthfdbffggfykbgjyfdx"
1,"出各/地/母/狗/女/s/LX方式"
1,"专业车队接料，卡接回u，承接各种一道二道，收全国灰料，欢迎实力金主来谈支持全国同台：@Look168"
1,"我就是我，不食人间烟花，会调情会撒娇，逼紧水多，一进就高潮"
1,"1.专业车队接料，招一道二道常规/大混料主卡U车卸货专业点位美丽可担保/可直押/大小车都欢迎洽谈谈好立马开es"
1,"ZPB源头各种超级签名，app封装，安卓包报毒处理ZMD"
1,"出体育六合奇牌网贷学生相亲股民"
1,"JFw出BadooBumbleOKCCMBtinderpairstappleomiai推特FB有缘InstagramTwitterLinkedinGV号领英全部72小时售后包补，交友粉成品号可定制人设，做号技术出售，可走担保此号是群发，回复不了请直接联系：@b3852"
1,"链宝体育投注机器人重磅上线！【全程公开透明，投注简单高效】自助投注下单，中奖自动返佣，无需任何财务干预。世界杯火热进行中，点击即可轻松投注【安全高效】USDT自动充提｜自助投注｜赛果秒结【大赛丰富】足球热门联赛｜篮球热门联赛｜电竞热门联赛【简单快捷】自动绑定Telegram账号｜无需注册游戏步骤简单介绍：存款到投注机器人中选择心仪比赛和选项进行下注等待赛果自动返奖游戏地址：https://t.me/BetFIFAGameBot官方频道：https://t.me/lianbaosports"
1,"06拉群，群发|私信，群广告，僵尸粉协议号推广引流，TG助手王软件免费可测"
1,"ioWCDF大型车队接一道二道各种料长期出下浮U骗子勿扰hsbxgbdgdvsgvjiejielio"
1,"6v*广东/汕头揭阳大量收一类卡盾公户落地三包骗票绕道可上压可验付来卡主卡商联系方式:@hongfa688对准广告频道:https://t.me/hongfabaojia诚信经营长期合作"
1," 新人半价5米 ，水嫩多汁，姿势任由哥哥摆弄，等你来撩"
1,"vb开房/银行卡/状态婚姻好友提https://t.me/+WG2J0Q2-tIkzYTRl"
1,"1.车队承接灰白资，卡接回U，无中间商，rh点位美丽来稳定料方，口嗨勿扰rh"
1,"一手工作室：广告位出租，站点劫持cpa出色粉，约炮空降CPA，QQ、微信站街粉，出兼职粉，相亲粉，股民粉。"
1,"hzPNNM长期大车接料稳定U商，接各种资金承兑tianya5280hz"
1,"精聊来车，料周期长汇率9.2双押保料，来车队长期合作"
1,"zfb无押小跑点位20纯色料不刷流水不是小荷包"
1,"新项目，无风险来."
1,"体育、涩站、导航站点广告位招租欢迎来实力盘口招商"
1,"警查，开盒，WX纪录https://t.me/+jdXVqDZX8uFmNmU0"
1,"e3QUAN收各种黑白料，不堵车下浮出U咔接茴Ujdkdbn6312e3"
1,"ip代发广告，群广告，私信，克隆拉群（公开群/私有裙，拉号码/用户名），机器人/僵尸粉，软件，都有。稳定经营三年，需要请私我ip"
1,"收银行卡信用卡盾卡公户价格置顶实力卡商中介卡主来谈待遇优势联系方式:@FF0168联系方式:@FF0168车队直收，结帐稳如老狗小牛•诚信经营长期合作|7"
1,"拉裙批量私信批量群发软件群控机器人代发广告直登号群发软件（可自动加群）l5"
1,"徐汇超模大长腿本人短期兼职F"
1,"世界杯集團投註站"
1,"dn银行反余外卖淘宝地址车挡信息https://t.me/+_o0EwVLsQ602NDAx"
1,"a）代发广告，群广告，私信，克隆拉群（公开群/私有裙，拉号码/用户名），机器人/僵尸粉，软件，都有。稳定经营三年，需要请私我a）"
1,"2z*广东/汕头揭阳大量收一类卡盾公户落地三包骗票绕道可上压可验付来卡主卡商联系方式:@hongfa688对准广告频道:https://t.me/hongfabaojia诚信经营长期合作"
1,"AMG账密日结续租群早上7;00-13:00D上号当天结算晚上1800挂设备第二天使用，第二天晚上结账价格不续租价格：560隔天价格：1080（加补贴）续租：880（最少三天起续）白号可租，位置没有很多，联系客服询问即可要求：最低：一个月账单。号主本人实名手机号，可随时人脸解冻，配合解冻一次补助40解冻费用可叠加时间限制补50费用，永久限制补300（截图账号和限制截图，无截图不补）正常不续租每晚九点结账，22:00下号续租号无限制问题每晚21:00结账，不下号单线对接，第一次合作不拉群以上客服：@AMG00884信誉群：https://t.me/+xAoIOvRL4sI1NjI8AMG日结续租账密群价格不续租价格：560续租价格：880（最少三天起租）鉆石廣告代發點這裏代發/上粉/克隆"
1,"拉裙批量私信批量群发软件群控机器人代发广告直登号群发软件（可自动加群）qz"
1,"400到450v推主推顺丰单子有问题的实时截图来几个质量团随时有数据！！！稳不容易挂，数据随时有，审核几分钟就结账小团散户都要质量团可谈价格规矩少，不乱扣单长期开工不休息一个字稳！做假单的别来试了，查的严别浪费时间黑单不卡回复顶级数据TG唯一联系方式:@ll175454TG唯一联系方式:@ll175454400到450v推主推顺丰单子有问题的实时截图来几个质量团随时有数据！！！稳不容易挂，数据随时有，审核几分钟就结账小团散户都要质量团可谈价格规矩少，不乱扣单长期开工不休息一个字稳！做假单的别来试了，查的严别浪费时间黑单不卡回复顶级数据TG唯一联系方式@ll175454TG唯一联系方式@ll175454TG唯一对接群：https://t.me/+FNPMuPzT2vBkNzc1一直在双黑审核秒审不跑一单终成大户钻石代发广告代发点这里"
1,"17招盗U代理出假U仿U黑U懂的来@Daobi520"
1,"9l专业车队西米承接一二到点位美丽出下浮uLGLGhdbdgv0008889l"
1,"盗币和U招代理！来不来？ux"
1,"t3批发WS，量大价优国外实卡、接码出各种国外软件FB（友缘耐用）、推特、ins、omi领英、邮箱、GV、实卡https://t.me/+9kp61Yjq9pQ3NWZl"
1,"v8实力车队接一道二道资金，什么料都能接，自己车队卡足不断卡，支持担保上押，欢迎来详谈，诚信合作v8"
1,"私卡接货的来，点高"
1,"出粉涩粉相亲股民JZ体育cpa劫持数据"
1,"YiaTG引流神器24小时全自动批量群发拉人/拉群/刷粉私信代发广告直登/协议号测试联系：@CGGZSXS"
1,"一部手机一天100+收益一人可以操作8-10部单日产出1000+秒提秒到正规项目正规项目正规项目操作简单上手容易长久稳定可到公司实操赚钱了再走联系威信：LK16279"
1,"GVC找核销电费石化油咔刮刮卡，话费充值咔。咔密，京东e咔，沃尔玛咔密，全国可充价格美丽NDC"
1,"卡塔尔世界杯在线观看，支持回看http://m.iptv807.com/?act=play&token=7e492c52073b53e38594efa955b4ebc7&tid=itv&id=10"
1,"诚心靠谱做事的来，最新风口项目，一天1000-3000+无押金、0风险、小白可教开个人数据后台。联系TG：@gaiya3555"
1,"OIY稳定签DXC"
1,"社工库免费机器人开放注册！赠送双倍推广值！加入链接https://t.me/FreeSGKbot4"
1,"专业棋牌二道免押金跑分免押金，不扫码，不授权@laicai663@laicai6631.棋牌大区盘口直出二道归集精料2.卡接回U模式，USDT安全操作3.佣金点位15~25%，轻松日赚5000+4.保24小时司法，不风控，不冻卡5.每天50W+的u量，可谈线下同台6.长期对接大小车队，小白包教会长期诚信合作共赢循环操作财富热线：@laicai663"
1,"出主打世界杯体育粉涩粉交友股民兼职劫持菠菜约炮   广告位"
1,"最新风口香木手动操作无脚本包教会，包盈利但电脑收入6000+签署包赔合同可批量放大维信：7282维信：7282最新风口香木手动操作无脚本包教会，包盈利但电脑收入6000+签署包赔合同可批量放大维信：7282维信：7282"
1,"收银行卡信用卡盾卡公户价格置顶实力卡商中介卡主来谈待遇优势联系方式:@HCTX686联系方式:@HCTX686车队直收，结帐稳如老狗小牛•诚信经营长期合作。b"
1,"荷花zm带你搞不跑不托诚信第一！！！！荷花ZM招账密号商散户皆可来荷花Zm价格：日结500隔天1020补贴稳定可靠不跑不托信誉第一诚信第一长期合作担保双压用途（炒群群托引流）具体要求：早上10点用号，上满4小时算全天，上满2小时算半天（限制情况）顶号不结算不配合限制无补工资：晚上22:00统一财务通知结账认准荷花zm你的号稳不稳我不知道我结账肯定稳认准客服防止被骗不配合限制勿扰！！！！早上8点-11点开始上号！下午4点-晚上12点上隔夜隔天日结担保认准客服防止被骗财务花花：@hehua234客服小七：@qiqi9890客服小咪：@mimi10902诚信第一信誉第一要求：1.三个月账2好友153.实名诚信团队寻诚信伙伴欢迎各位号商散户来询问号！号！号！https://t.me/+ZhW0ke6H-rUxYjA1zuan坧瀻潑，濡婹笩潑點適里"
1,"永利国际全国招收线下同台跑卡人员全国招收实力中介跟跑卡人员信用卡普卡AAAB点位最高全国点位最高跑分速度上车主打ABAA盾卡联系客服t.me/sensen1237899联系客服t.me/sensen1237899"
1,"个人 带上课也可免费↑ 98小姐姐 三粉 紧易出 会吸会夹 清纯甜美 167大长腿  配合哥哥所有姿势 纯女友体验"
1,"带几位有心者，小白散户可带适合工作室转型，放大孵化操作日1800+想干事的来口嗨嘴炮勿扰！TG负责人：@wei2528"
1,"【酷狗资源网】智能机器人求片，48小时两班倒，技术员在线处理问题，三网通，拖拉不卡!日稳定更新300部高清画质资源不含任何广告无水印广告永久免费的资源站！欢迎采集！酷狗资源官网：kugouzy.com酷狗资源采集视频教程：https://kugouzy21.com/spjiac/酷狗TG交流群:https://t.me/kugouzy【妲己资源采集】国产高清，日本无码，麻豆传媒等各种精品资源。播放速度快，每日稳定更新。妲己资源飞机群：https://t.me/dajizy妲己资源官网：dajizy.com站长采集帮助https://kugouzy21.com/spjiac/"
1,"z0婚姻机主信息开房好友提https://t.me/+_nh1Mo1mtXE5NWZlz0"
1,"出盘口出盘口出盘口（一年信誉商家）以下盘口都是经过测试长久合作的盘口，一手直出，不要拿垃圾代理和我这里比在售盘口介绍：V推话术盘，V直推盘，PC盘，账密盘，低端账密盘，V拉混合盘，V拉微商盘，Q拉盘，钉钉盘，抖音/快手代发盘，代收盘，58电销盘，地推盘，二次数据筛选盘，洗料盘，出各大微商数据盘，q拉数据盘，zfb推广盘，一手号商盘，注册接码盘，短信代发盘，收三网卡盘，等等一系列一手盘口。一手对接老板，嘴炮白嫖不要来了（三个月内包售后）需要拉手的老板们另有小团散户出售：散户35（个）小团288（人数10-20不等）机房300黑科技软件:q拉不频繁黑科技软件：100自动加人软件：200改双方订单号软件：200下面是盘口单价和出盘价格单价：短销200（出盘价格188）单价：q拉数据盘（188）单价：微商数据盘（出盘价格188）单价：代聊38（出盘价格148）单价：注册接码35（出盘价格138）单价：扫码送礼品180（出盘价格148）单价：钉钉拉20（出盘价格128）单价：抖音代发50（出盘价格128）单价：快手代发35（出盘价格128）单价：代收500-1000（出盘价格188）单价：58电销70+20（出盘价格188）单价：地推130（出盘价格188）单价：支付宝拉35（出盘价格188）单价：抖音评论10（出盘价格128）单价：快手评论6（出盘价格128）单价：suol30（出盘价格128）单价：q解封50（出盘价格128）单价：vx辅助解封170（出盘价格188）单价：租全民k歌100（出盘价格158）单价：珍爱75（出盘价格148）单价：红包手35（出盘价格148）单价：微推420一单（出盘价格188）单价：Q推80-120（出盘价格178）单价：Q拉匹配26-29不匹配25-27（出盘价格128）单价：q拉手工低领24-26（出盘价格128）单价：pc260（出盘价格138）单价：账密高端650低端370（出盘价格188）单价：QQ群演80+30（出盘价格228）单价：微群演150+70（出盘价格228）单价：微拉混合48（自建）（出盘价格188）单价：v拉微商23（出盘价格128）单价：v拉免验证29-2（出盘价格158）单价：微信纯话术单80-100（出盘价格148）单价：建群一拖4单价160（出盘价格148）单价：q建群一拖十300（出盘价格168）单价：租QQ不测试150-测试220（出盘价格168）单价：拼多多退款30（出盘价格158）单价：短信1.5-3（出盘价格158）单价：淘宝150-260（出盘价格228）单价：租抖音190（出盘价格148）单价：租快手100（出盘价格148）单价：租咸鱼160（出盘价格188）单价：租支付宝180（出盘价格148）单价：普群群码160（出盘价格228）单价：伪企群码15（出盘价格228）单价：锁苹果id700-1500（出盘价格400）单价：vx加主播65（出盘价格228）单价：飞机推广10（出盘价格188）单价：vx接粉400（出盘价格168）有盘口合作的可以联系我（中介介绍的，合作成功发888茶水费）群组广告置顶10u一个月国内外飞机号实卡注册:10元1个（保一个月）回收：支付宝咸鱼抖音快手微信卡商以上价格私聊需要打款出盘非诚勿扰闲聊不回复本人自己群出售所有行业盘口需要的私聊认准群主，私下交易被骗自负+@caishenpanko8888联系不上请联系客服@caishenpanko777信誉频道：https://t.me/caishenpanko不禁言群组：https://t.me/quanwangzuifijia小鹿代發點擊聯系"
1,"A偏门桃李橡木B橡木长期、利润高、适合个人和工作室放大操作一台电脑可操作单人单月保②w-④w+可签订合同，双方保障可线上可实地面授学习，直接包收入+喂：⑨3026860"
1,"在菲现货床品服饰洗漱日用品当天送达"
1,"运费险这个项目稳定这么多年。不知道有多少人想做～却找不到渠道。一个真正且长期的好项目了解更多请进官方订阅号：yfx168订阅号都以创建一年多了。aiai*"
1,"au酒店同住快递外卖地址全户https://t.me/+9y9lKuQOWE1lZDdhau"
1,"广西玉林来小额一类，信用咔，寻长期实力中介。口嗨骗钱勿扰！"
1,"fa礼品卡洗货项目，国内外礼品卡低于5折.亚马逊.京东E卡.苹果.谷歌.加油卡.电商.游戏类等更多礼品卡查看频道https://t.me/giftcard65"
1,"BEC稳定签IMV"
1,"19CCVRRU长期稳定出下浮U接料寻稳定可以接一道二道Bushiba2580dsj19"
1,"s8天花板价格收吨卡/公户/普卡/信用社盾28万起农业吨22万建设顿24万高价面对全网收咔诚招实力咔头中介咔主三饱秒票"
1,"steam卡图礼品卡/充值卡需私"
1,"SGX私信/我/了解私信/我/了解私信/我/了解私信/我/了解私信/我/了解XCD"
1,"4XY软件开发远控开发搭建定制功能主页有群@vps004"
1,"世界杯ＴG投註站"
1,"q、55%的超高返佣比多重扶持寻找合作伙伴有意滴滴我"
1,"内快捷通道2点出，能对接来谈，点数38。一比一回"
1,"月入过万的互联网橡木日收入200-1000+手机/电脑操作，可实地考察签订合同，了解甲\/：18533071764"
1,"每日撸五百认准简单粗暴稳赚@qhuhu12"
1,"项目名称：元宝ZM（全天上号）日结：480。隔夜：650好友10，2个月账单以上号无违规，可解冻联系的到人以上达到要求的来上号不要问有没有位置无限上速度来上号客服：@abh55599唯一上号频道https://t.me/WDGREEN钻石代发广告代发点这里广告代发/频道群组上粉/克隆"
1,"找个素质好的哥哥，中介，变态，老，丑，邋遢，撩骚别骚扰我"
1,"≧◉ᴥ◉≦IVN找核销电费石化石油卡密话费出沃尔玛卡京东e卡油卡话费卡折扣美丽全国可充STW"
1,"Q拉A盘不匹配大量招拉手通过高，扣单少，有效5天价格25欢迎千单团队对接支持担保大小团都收，0-30岁高活跃度数据一万通过20个群。基本0扣单，可手工，可通讯录！Q拉认准阿瑶全网无黑历史，账单，对接群可以随便验证。欢迎拉手团队可全力扶持。机房对接支持自建群百分百拉进群有意联系阿瑶@Ayao798跟我肯定稳，不会差拉手一毛钱，不会去乱扣任何人一单，随便验证，不放心可以安排团队过来试单做的就是信誉工作频道：https://t.me/Ayao98"
1,"高价收一类普卡，盾卡，公户，有意向卡主，中介来撩，诚信经营"
1,"不中改中信用盘现金盘了解详情关注频道https://t.me/bkgcuk138"
1,"PGE专业超级签，app封装，安卓包报毒处理NYH"
1,"跑芬无压，稳定."
1,"操作简单日收入8000+!联通5G项目正式启动快来加入吧!包教包会，签合同保收益！详情咨询微信：kiojk267zx"
1,"(◔◡◔)TJL专业超级签，app封装，安卓包报毒处理ZKU"
1,"新项目新项目红利期数据标注AI人工智能，单电脑170-700。可放大每天1-3小时一天170-700轻松拿捏多个模式任你选择，合作有费用，非诚勿扰所有项目公司实时落地可线上线下来实地考察了解V+：18247816885"
1,"≧◠ᴥ◠≦Z全球筛料WSline等软件@xingxuan12S"
1,"绿色棋游～10月震撼上线喜欢玩捕棋*牌电子游戏的玩家一定不要错过，千万玩家强烈推荐，大平台，大格局，新人几乎包赢！见好就收，切勿上头！赢了就跑！下载地址:5.vip8.life新用户首存就送8-188大陆用户一般送88首存100送100"
1,"(◔◡◔)DYQ私信/我/了解私信/我/了解私信/我/了解私信/我/了解私信/我/了解QZX"
1,"FsG24小时全自动裙~发菈~人私~信炒~群采~集筛~号上粉飞机号协议号@zz99u999(骗子火葬场）"
1,"出体育股民cpa相亲瑟粉兼职菠菜教育p2p交友"
1,"﻿﻿不割韭菜项目全国就近考察魔兽养号一手源头适合兼职副业全职个人月收入3～6w。可批量放到工作室。30～60万咨询添加微信：LQL123567891"
1,"全网稳定出u支持上门面易每天10-30U量5W起步下浮业务：@DR6632"
1,"t1实力车队接一道二道资金，什么料都能接，自己车队卡足不断卡，支持担保上押，欢迎来详谈，诚信合作t1"
1,"q0找人查询个人户全家银行卡反https://t.me/+OKOI4LtRV1Q3MGIx"
1,"可乐，芬达，雪碧23p一罐红牛46p一罐康师傅袋面30p一袋康师傅红茶，绿茶31p一瓶而且今日下单减免100p全菲最便宜生活超市，你要的我都有@tehuisc6688"
1,"ck一手队诚收全国实力中/介带资料来谈盾咔18萬起普咔鹅度100w6.5萬起小鹅一类咔2.5萬起弓户25萬起合作共赢嘴炮骗票勿扰"
1,"arrTG自动营销引流软件代-发代-拉群-发拉-人私-信炒-群监-听筛号TG注册协议号-批发群管机器人-定制监-听机器人免费试用联系：@peiqiyl关注@feiniao0007fga"
1,"FLK老牌超级签，封装报毒处理，别人处理不了的可以发来试试OFT"
1,"诚招拉手v拉4010个通过自建微商32面对面普不死号q拉27不跑一户终成大户全网无黑历史可查结账流水可观察群微商数据按混合价格给懂得来联系人@gffh250频道https://t.me/+EPg_Pxi5Gdo3ZTFl小鹿代發點擊聯系"
1,"出U体育股民兼职涩约炮棋牌宝妈粉CPA劫持抖音粉渗透数据站街粉广告位"
1,"unQUAN收各种黑白料，不堵车下浮出U咔接茴Uwoshinidayeyuanun"
1,"Cyy--全国高端会所（海选）种类齐全(空姐萝莉御姐白虎sm学妹)---空位多多海量选择看图---@QGFQHS"
1,"【微信zm】【微信zm】微信账密，实力盘口，没有中间商赚差价微信要求:3个月以上的账单30好友以上，无任何限制单价550到1200（每日一结）隔天可预付欢迎各大号商半途顶号的一律别来唯一上号频道https://t.me/zhangmiyv唯一上号频道https://t.me/zhangmiyv唯一上号频道https://t.me/zhangmiyv客服@yv0724小鹿代發點擊聯系"
1,"--深圳-广州—北京—上海各种资源兼职学眉(15-18岁)少妇模特艳舞护士処女外夜空位多多海量选择见面满意府中途不收取任何费用有课室看图---@nenmei911"
1,"塘朗，外来撩南山甜妹哦"
1,"Uka24小时全自动裙~发菈~人私~信炒~群采~集筛~号上粉飞机号协议号@zz99u999(骗子火葬场）"
1,"rgz干不干你说了算？免费教抖音私信引流，日搞25OO米纯润分成，有胆识你就来@VOK6G"
1,"没有默契的合作哪里有胜利可言。合作滴滴kaiyunyufu世界杯来了，没人赚钱吗？来个开线的代理世界杯来了抓紧时间赚钱。来个开线猛男"
1,"大量出泰达币，​骗子勿扰​"
1,"无上车费，有电脑即可，挂机xiangmu，合作模式单机200赚钱潍信:Sykjtq"
1,"20z超级签名2.0升级稳定不掉签ox9"
1,"cb大量出u/承接国内资金/黑灰资洗白/国内同台/卡接回u口嗨勿扰/1cb"
1,"项目名称：q拉不匹配手工单项目介绍：数据年龄：0-25高活达人数据通过率：万/20群错单率：百5左右每日提供监控核对，无虚假乱扣，透明度百分百！数据有效期：10天300+队伍秒上担保价格：21起百22三百23联系人：@HuangDi778认准皇帝唯一：@HuangDi778信誉频道：https://t.me/+kvRcQJzTqpY3OTk1"
1,"专͟业͟出͟u͟͟͟͟可͟上͟交͟易͟所͟，͟欢͟迎͟各͟位͟老͟板͟骚͟扰͟͟͟͟͟"
1,"drYBB车队出u可承接一道二道，卡接回长期有效，djasklddshnkjk45dr"
1,"全身按摩推油，前列腺保养抓龙筋，针对开车簇白领成功人士的颈椎腰酸背痛的调理，罗湖有工作室，可外出"
1,"项目名称：手工短信盘口直招，供需内容：发彩信和短信，一组为70条彩信价格为110元每组，短信为100每组欢迎团队对接每天都有福利每天稳定数据详单要求1.中雷不看详单这样省事也能确保速度。2.联通电信来移动不要3.有意者私聊我。业务飞机号：@ss111222365"
1,"YS线纯0-9YS线介绍：YS线百分百0-9可拿底料验证能量值700+价格：24有实力的团来贪高价拉稀别来只收300+的团队联系人：@yingsi1小鹿代發點擊聯系"
1,"it拉|群，裙发*私信，群广告，僵尸粉协议号推广引流，TG助手王软件免费可测"
1,"y0MMK老李车队，承诺各种灰白料，可接一道二道，骗子勿FHOPThcdrTHFBNy0"
1,"WGK私信/我/了解私信/我/了解私信/我/了解私信/我/了解私信/我/了解KKB"
1,"YT稳定大盘老盘口直招微信ZM账密租号号商企业微信PC租号号商企业建码码商QQ号商私人微信号商国内财务拖团队微信解封QQ解封号商地推协议小群宝妈群............骗子不要来秀智商，预付请绕道！专职跑路狗请回避！联系方式：telegram唯一频道（其他都是骗子）：https://t.me/gnzhangmi其他均为假冒，请各位谨防伪劣假冒，被骗我司概不负责！！！小鹿廣告代發點擊這裏聯系頻道上粉"
1,"三网sdk，精确运营商抓取网站/APP三网dpi三网dpi数据数据批发精准料子6HQPBMGPZH白酒翡翠证券信用卡银行pos贷款男性女性全格式料，精筛料，渗透料，劫持料专注于数据分析，高质量高转化产品诚信为本拒绝假货【老虎数据】关注频道t.me/laohushuju02"
1,"提供中国网络专线各国均可接入c6"
1,"TLV稳定签-下载顺畅-价格冰点NHT"
1,"出se粉，劫持涩量，空降约炮CPA，出体育博彩粉，兼职，网赚，六合，股民，交友粉"
1,"正规线上项目玩法简单长久稳定轻资产零风险低门槛项目没有天花板欢迎对接V:LZP2224白嫖勿扰"
1,"印度菲律宾巴西土耳其一手通道专业带收付"
1,"挑战全网最高价收【储蓄卡】【信用卡】【盾卡】【公户】诚信经营长期合作嘴炮勿扰骗票绕道联系@wzjwan联系@wzjwan"
1,"vnfb推特飞机小号领英谷歌有缘微信支付宝默默丁丁百合各种号零售批发https://t.me/+OTUx4Cv24m80ZmU1"
1,"支拉直营—起步价3550单+36百单+37如何支付宝做拉手，如何交单，什么要，什么不要？1：预约数据，一般早上或者中午下午预约。2：数据下发后导入通讯录添加，一小时加4-5个3：无头像，男女粉质通通黄金起加只要黄金起步粉+黄金及以上通通都要4：通过好友后，不需要回复消息，第二天中午11.00-12.00拉群群链接https://t.me/zhifubaolashoi1小鹿廣告代發點擊這裏聯系頻道上粉"
1,"卡塔尔世界杯吃瓜内幕信息交流，群内免费高清在线直播卡塔尔世界杯，仅限交流球赛，不允许广告，一起交流干倒狗庄体彩！！骗子，狗推请勿进群！！卡塔尔世界杯吃瓜内幕信息交流，https://t.me/+jYgFcezosdcwNjg1此信息由太阳帮发广告/需要帮发點擊聯系"
1,"(͡ᵔ ͜ʖ͡ᵔ)专注号码检测10年，国际号码检测开创者！海外国家号码筛选，WS筛选，line筛选，vibor筛选，zalo筛选，botim活跃检测跑短信必备工具！咨询客服：@zcsu888"
1,"想赚钱？缺项目灰产熊猫担保TG最大的灰产社区总群链接:https://t.me/xiongmaoTG1供需发布:@xiongmao2023（项目合集，凡是发布的项目均支持担保交易！）业务公告:@xiongmaoTG3（活动通知业务通知)负责人、担保联系:@xiongmao2023（发布公告、开设公群）仲裁联系：@xiongmao2024（处理交易纠纷）鑽石代發點這裏框框就是發"
1,"想养一个四川药娘或者cdts有意联系"
1,"拉裙批量私信批量群发软件群控机器人代发广告直登号群发软件（可自动加群）dq"
1,"台湾跳板护照、跑路、代收付、海外银行开户"
1,"一手账密对接诚招各大散户，号商低端日结账密要求3个月+账单20+以上好友不爆红不限制可以正常使用即可号质量没问题稳定续租！！！！上够三个小时即算半天限制了也正常算钱配合解号加钱福利满满在线3个号以上晚上结算+华子在线5个号以上晚上结算+100每天晚上6.左右就开始结算结账不拖不欠不压1.前上号全天3501.后上号价格200每天9.开始上号价格日结350隔天700支持走各种担保敢来就让你放心本人亲自上班脾气好态度好歇了好一阵子重新回归大家一起努力重回巅峰！对接一群：https://t.me/jiugege668备用群：https://t.me/xiaojiu6668888888如果有进不去群聊的单独联系我本人本人id：@qianduoduo678678小鹿代发点击联系"
1,"2022年最火爆赚钱项目纯绿色项目，个人/工作室都可以做两个项目长期稳定人人可做无风险全自动挂机，利润当天可以看到项目简单暴利，可以无限放大操作凡来考察者均可亲自上手验证收益稳定每日轻松搞到正规合法【日赚】【独家项目】朋友圈每天都发真实收益，支持一切验证！骗人者是畜生了解项目请加VX：fg315316了解项目请加VX：fg315316"
1,"圊号商工作室出售微信、支付宝、QQ、抖音、快手、陌陌、灵魂、小红书、出粉、解封、代付微信微信满月实名带圈精养号:220微信三月实名带圈带账单号:350微信半年实名带圈带账单号:420微信一年实名带圈带账单号:520微信两年实名带圈带账单号:650微信三年实名带圈带账单号:800接码注册接码注册：10个起/45接码注册：20个起/40接码注册：50个起/35探探满月已实名:160半年已实名:200一年已实名:260企业微信企业微信绿标子号:420国企-万人绿子号:1000企业微信绿标主号:1200企业微信绿主（老号):2500红标实名主号:400钉钉满月双认证:200半年双认证:320一年双认证:420whatsappws半年老号:180ws一年老号:230ws两年老号:300ws三年老号:440陌陌实名男10-19级=140实名男20-29级=170实名男30-39级=210实名男40-49级=260实名女10-19级=160实名女20-29级=190实名女30-39级=240快手快手半年实名号:180快手一年实名号:240快手私人千粉号:240快手私人万粉号:500支付宝直登V3支付宝:220(9天找回)直登V3老龄支付宝:350(永不找回)直登V3老龄私人支付宝:450(永不找回)企业支付宝主号:1000企业支付宝子号:500抖音满月实名号:170半年实名号:230一年实名号:280千粉私人号:230万粉私人号:500sou灵魂满月实名:160半年实名:200一年实名:280小红书小红书半年实名:180小红书一年实名:240小红书千粉实名:260小红书万粉实名:500直登单太直登:45米双太直登:55米三太直登:68米Q私人换绑私人:160米私人:180米私人:260私人:450米另接解封一条龙（十分钟解好）手肌咔厅卡出售三网石名手几咔：350米三网石名手几咔：350米收U代收代付Telegram直登号-协议号指定群组-频道-拉人-刷粉代付全天在线秒回@Qinglugongzuoshi全天在线秒回@Qinglugongzuoshi全天在线秒回@Qinglugongzuoshi小鹿代发点击联系"
1,"911S5代理特点：提供超过5000万个住宅IP地址。支持：批量注册账户，添加大量订阅者，登录管理多个账户等。官方网站-新机构域名https://cutt.ly/911re"
1,"hi法人公司名下车全家/户https://t.me/+ACHNzjElMRQzNzMx"
1,"u4高效率通道洗米不堵车欢迎实力料方来合作*出下浮uzpoupaxiayibu679hdbxgbdu4"
1,"92专业车队接料，卡接回u，承接各种一道二道，欢迎实力金主来谈/支持担保上押，骗子勿扰92"
1,"；y婚姻快递。酒店。名下、资产手机号.反个人全家https://t.me/+kZMLFT6Xx0owMDRl"
1,"晴客zm对接群日结450|隔夜550要求:1.2半4全2.无限制异常3.可协助解冻账号要求1.2个月以上帐单2.好友10+3.使用时间：早上8点-晚上8点4.使用结束前严禁顶号，改密码5.口令扫码走U对接联系:@CC_0678对接群：　https://t.me/fsdfr457797941"
1,"体彩bc精料油卡核销电费点位高价格美丽欢迎车队来谈合作请添加业务号@ww556670"
1,"1.mx实力车队、承接一道二道、咔接咔咔接回U高效不堵车、可担保/直押，来实力金主合作mx"
1,"1.车队接料，大小混，精。刷都可以，可担保可直押，咔接回U，实力老板来te"
1,"蒙辛zm对接群日结早800上号隔夜晚1800挂设备（晚上不使用，第二天早上开始计算）日结价格：450隔夜价格：600要求：满十五好友手机号绑定实名认证账单最低三月时间限制补50永久限制补一个全天https://t.me/chinesefafazuan坧瀻潑，濡婹笩潑點適里"
1,"c7实力车队除招商不要、小额一类咔2-3w直接买断、50-100w咔4-7w买断、盾卡15-30w、买断公户25-45w买断另外大额可走点位价格天花板、欢迎实力中介咔商来谈。"
1,"Xoe24小时全自动裙~发菈~人私~信炒~群采~集筛~号上粉飞机号协议号@zz99u999(骗子火葬场）"
1,"TG群发器，自动群发，批量拉人，私信僵尸粉，手机号筛TG，协议号批发，群发专用协议号机器人定制，群管，监听等测试软件联系客服@sj168_bot"
1,"qsMMR高价收U，实力车队，诚信合作大量出U，，可接一道二道，骗子勿扰hkbfsryhojdcbibydjfhqs"
1,"0t专业车队接料，卡接回u，承接各种一道二道，欢迎实力金主来谈/支持担保上押，骗子勿扰0t"
1,"无视额度一类卡欢迎卡商卡主咨询骗子勿扰，别来碰壁"
1,"aliyunWudxhttps://t.me/+ogn0axYQ4NM4YTExDr-TG代发广告代发点这里"
1,"出实时数据/劫持/渗透/一手精准sdk/dpi数据源头，短信验证码注册劫持（股民、海外数据、壮阳、网购、实时贷款、印度股民、学生教育数据、国内币圈）数据等，支持测试，全行业指定app/域名抓取@dahu2023"
1,"IBR④訫硪了解④訫硪了解④訫硪了解④訫硪了解④訫硪了解NXH"
1,"玩百家乐龙虎牛牛拉霸的找我开户989898.co邀请吗03qp7"
1,"出：微扣扣ZFB陌陌抖音Soul海外呺带付换U手咔猹人认㊣搭建裙发助手协议呺实⑩数据海外粉客-服：@T5_5_8G"
1,"yangmaokkkkkkhttps://t.me/+D_qBaDoTsgpmZmEx"
1,"来个跑人民币跑分无押金联系我"
1,"项目名称：抖音支付宝租号项目介绍：抖音实名号：110抖音未实名：70微信PC价格：150上号要求:必须注册满三个月的号新号勿扰！！实名或未实名都可以上号上号时间：早上7点-晚上7点期间根据客服在群里发的需求主动发号发号格式：手机号＋地区【直接发号私信到上号客服】客服看到后会统一回复上号期间积极配合客服人员保证号主时常在线状态、手机号可获取验证码、发短信等价格：实名150未实名100联系人：@dyqan123频道：https://t.me/+xT8PBz5qfdxmNjc9"
1,"hehuakshttps://t.me/+dD0zOCucUeZlZTNh"
1,"1.专业车队接料，招一道二道常规/大混料主卡U车卸货专业点位美丽可担保/可直押/大小车都欢迎洽谈谈好立马开6d"
1,"1.车队承接一二道资金。卡接回卡/咔接回u，汇率美丽，欢迎滴滴ez"
1,"联通5G运营商日收入在7K以上公司实操落地，真实运营长期稳定，赚钱再走咨询微信：xxh9872ddd"
1,"9w察开房公司个人全家婚姻好友提https://t.me/+e93OuiPg_RA1M2Nl9w"
1,"出数据/渗透/劫持/一手精准sdk/dpi数据源头商，短信验证码劫持（大学生简历、一建二建，学院学生、印度股民、学生教育数据、国内币圈）实时数据，全行业指定APP/域名抓取，支持测试，欢迎各大盘口老板/招中介，质优价优@dahu2023"
1,"ff*1实力大车队/大量出U/专业洗咪/黑白均可/可接一道/咔接回u/点位美丽ff*"
1,"rre低门槛零风险暴利项目日赚500+每日额度有限，靠谱的来微Tiktok66微Tiktok66"
1,"hm招盗U代理出假U仿U黑U懂的来@Daobi618"
1,"小蝌蚪工作室一手劫持料+鱼料+裸料USAUJPCA每日更新2000+少量其它国家一手源头数据劫持料8成以上出水率，撸cvv首选营业时间：每日13：00—2：00——————————————联系：@cp98722联系：@cp98722——————————————加入频道，不定时发放福利频道查头：https://t.me/eq0322小鹿廣告代發點擊這裏聯系頻道上粉"
1,"PBT无押跑分，咔接回U大小车都可来谈！大车可包，小车可养！找我合作诚意满满UWG"
1,"b8专业团队洗米卡接回U一二道，u商出下浮uLLGGFFbshdbg999000b8"
1,"出大川科技高质量精准全行业数据实时抓取网贷，股民，期货，综合，彩票，棋牌体育……可指定app，指定网站，数据一手抓取诚信做事只做质量:@dachuan000:@dachuan000频道：https://t.me/dachuan00频道：https://t.me/dachuan00大川科技高质量精准全行业数据实时抓取网贷，股民，期货，综合，彩票，棋牌体育……可指定app，指定网站，数据一手抓取诚信做事只做质量:@dachuan000:@dachuan000频道：https://t.me/dachuan00频道：https://t.me/dachuan00小鹿广告代发点击这里联系频道上粉、群拉真人"
1,"qrYBB车队出u可承接一道二道，卡接回长期有效，djasklddshnkjk45qr"
1,"(͡ ͡)jtw用心服务每一位老板一次合作终生朋友咨询请联系NY5"
1,"世界杯品牌投註站"
1,"【360娱乐】资源群广告位仅需8U一条@YL360KFwr*"
1,"QZX看我名看我名看我名看我名看我名QPM"
1,"mc手机，微支/反。查好友提公司https://t.me/+_OdqE0QdnhE0MWQ1"
1,"全网最稳项目、稳定日收1OOO+项目零基础简单小白易上手、一台手机可做，实测当天可见红利，项目0风险，安全保障、轻轻松松每天稳定搞1000+红利！！【执行力强的来，欢迎咨询】【全网唯一支持可担保，可同台交易】已缴纳押金，并入驻担保网，你的安全放心有保障诚信长期稳定合作，信誉才是赚钱的唯一原则！！！项目详情：https://t.me/+EbmCCagQjGwxYWVh项目详情：https://t.me/+EbmCCagQjGwxYWVh项目详情：https://t.me/+EbmCCagQjGwxYWVh小鹿廣告代發點擊這裏聯系頻道上粉"
1,"大͟量͟下͟浮͟出͟U͟，͟价͟格͟优͟惠͟，͟欢͟迎͟各͟大͟渠͟道͟老͟板͟来͟洽͟谈"
1,"f8PMY稳定长期大车接料茴U稳定U商，接各种资金tianyuanche8828f8"
1,"rSj24小时全自动裙~发菈~人私~信炒~群采~集筛~号上粉飞机号协议号@zz99u999(骗子火葬场）"
1,"谁有wd台子，收一手想换米的来a0*"
1,"收徒想挣钱联系我"
1,"私硪私硪私硪私硪私硪"
1,"gt招盗U代理出假U仿U黑U懂的来@Daobi618"
1,"f4sdk指定抓取欢迎咨询：Accmcc"
1,"有想贡献出卖试探曝光自己、麻麻，女儿的吗？想投稿找我"
1,"k5银行卡反定位全家户个人婚姻https://t.me/+7ezyPRaoijYyNDk1"
1,"j3婚姻护照反全家户https://t.me/+g1E62iZlwbRjMTUx"
1,"盘口直招实力号商散户QQ拉手V拉机房协议高价收线上Bc流量，广告位大量收老群码包国际短信通道，假量别来精心筛选数据群码数据管够散户量堪比团队稳定靠谱老团大小团队皆可接收都可培养结账稳定！没有暗扣不欢迎鸽子傻逼不要来找骂唯一对接：@BQQ77唯一对接：@BQQ77唯一对接：@BQQ77雷神广告代发广告代发点击这里联系我频道上粉、群拉真人、频道刷浏览"
1,"l7稳定通道卸货不堵车承接一道资金。承兑出下浮uYYYFFFhhjjkklloo777666l7"
1,"(͡ᵔ ͜ʖ͡ᵔ)QRD专业团队源头超级签，app封装，安卓包报毒冰价ETL"
1,"swWDG车队承接各种灰白资，卸货专业不堵车，出u接一道‍❤‍‍haob994dddssw"
1,"zm日结上到晚上九点半结300vx要求半年账单30好友zm隔夜上到第二天晚上九点半结50050隔夜费vx要求半年账单30好友上满三个小时全天效率高结账稳定冻结解不开拿证据来证明也给你们全天认准我给你们一个家结账可结u支付宝口令诚信经营鸽子别来骗预付的别来谢谢对接群：https://t.me/fgrsh联系人：@caishe007广告代发点这里"
1,"清纯可爱很羞涩00后刚下学兼职乖巧懂事温柔体贴请预约时间"
1,"q拉不匹配0-25Q拉一手直招拉手团【光】顶尖数据谁与争锋三年老盘口稳定输出纯低龄数据0-25岁0-9占比70%1w20群！！1w20群！！真实通过不吹牛逼不画大饼风控期间高通数据才是王道1组10个通过3-7通过爆炸可测试拉稀别来主打高通0扣！可申诉！百单可担保秒拉担保量大的来可以担保！资金充足价格：23+有实力的可以给价发展（阶梯价有量有价）联系人：@Guang_1890刷子勿扰鸽子勿扰信誉频道：https://t.me/Guang_QlaNO1大量收拉手团信誉第一小鹿廣告代發點擊這裏聯系頻道上粉"
1,"jHX免費收徒教₫音自動引流，每天26OO米，你我合作分潤，有搞欲望抓緊來對接！倆小時一結"
1,"OPX长期批发徦U高坊UHIO"
1,"36fb推特飞机小号领英谷歌有缘微信支付宝默默丁丁百合各种号零售批发https://t.me/+OTUx4Cv24m80ZmU1"
1,"1.tb实力车队、承接一道二道、咔接咔咔接回U高效不堵车、可担保/直押，来实力金主合作tb"
1,"mw专业车队接料，卡接回u，承接各种一道二道，欢迎实力金主来谈/支持担保上押，骗子勿扰mw"
1,"收企业微信群，满年300，半年150"
1,"①无套路0风险小白可做快速翻身之路致富频道:https://t.me/qwekasd(https://t.me/qwekasd)客服:@AAA102811全网返现最快灰产，实测5分钟见收益死脑项目简单易上手项目简单粗暴，可放大操作！利润立竿见影如果你正苦恼，自己没有路子，请看过来！！https://t.me/qwekasd(httpssparkles有手机的快来领钱，人人撸，日3000+看一遍就会，做一遍就对。小鹿代发点击联系"
1,"≧◠ᴥ◠≦ZUI专业超级签，app封装，安卓包报毒处理WYZ"
1,"孔明ZM日结价格：六月账单350一年账单4509点用号上满2小时限制算半天，上满4小时限制算一天！（2半4全）隔天日结担保（根据账单好友定价）招收实力号商.散户.群链接1:https://t.me/Hvgg468对接群2:https://t.me/+RcsdXISXU2A3ZjY1广告dai发联系钻石代发"
1,"jeje汕头潮州梅州上人大量收日租卡盾公户落地三包骗票绕道来卡主卡商联系方式:@WYZ16诚信经营长期合作"
1,"天博体育世界杯大量收银行卡公账户私盾长期合作一手车无中间商赚差价高价大量需要500额度35万1000额度45万2000额度55万2000额度以上55万以上诚收公户-身份证复印件过来法人不用同台欢迎咨询欢迎合作验付可以谈联系:@tb8523联系:@tb8523联系:@tb8523世界杯指定投注平台天博体育注册网址http://www.tb8523.com注:要预付定金，路费的勿扰小鹿代发点击联系"
1,"VIPapp封装，apk报毒处理(免杀过所有机型)，源头超级签，全网最低价JEG"
1,"出灰詞、上门词佰度徘名"
1,"uj代发广告，群广告，私信，克隆拉群（公开群/私有裙，拉号码/用户名），机器人/僵尸粉，软件，都有。稳定经营三年，需要请私我uj"
1,"钉钉成品号。钉钉代实名。需要的老板来中介别来"
1,"(͡ ͡)XCZTG群发软件TG群发软件TG群发软件TG群发软件TG群发软件CDB"
1,"hl头长期收各种一类咔，盾咔，公户，是咔就行，无视额度一张2w起，菠菜5点，精料10点，ab12点，保量保司法，落地三包，欢迎咔主咔商来谈"
1,"《Tron_token波场靓号筛可指定尾数，生成钱包靓号仿造他人钱包，手到擒来筛选软件在手，财务我有业务频道：@trontoken01客服咨询：@TTsiliao0。e*"
1,"链宝体育投注机器人重磅上线！【全程公开透明，投注简单高效】自助投注下单，中奖自动返佣，无需任何财务干预。世界杯火热进行中，点击即可轻松投注【安全高效】USDT自动充提｜自助投注｜赛果秒结【大赛丰富】足球热门联赛｜篮球热门联赛｜电竞热门联赛【简单快捷】自动绑定Telegram账号｜无需注册游戏步骤简单介绍：存款到投注机器人中选择心仪比赛和选项进行下注等待赛果自动返奖游戏地址：https://t.me/BetFIFAGameBot官方频道：https://t.me/lianbaosports鉆石廣告代發點這裏代發/上粉/克隆"
1,"1.实力车队、承接一道二道、咔接咔咔接回U高效不堵车、可担保/直押，来实力金主合作0s"
1,"微信区快链项目，稳定日入一千点击关注频道，有视频教学https://t.me/hggvjfghuu/5xI+rpuICj\s"
1,"自动挂机飞机流量工厂每台设备单日shou益500-1800shou益每天结利run可观可个人，可公司，可无限放大做也可线下来公司学习签合同，保shou益欢迎来公司视察威:jsg330313264953303"
1,"【TG协议群发助手】无限多开超低价出售咔咔猛发日发百万【承接TG广告代发】暴力代发全天发送群组采集效果明显【QQ私信广告代发】强制私信无需添加好友极速上粉免费恻试【微博私信广告代发】协议私信精准行业日发百万免费恻试限时免费诚招软件代理手把手教你日入千元：@YJBXS456：@YJBXS456"
1,"li招盗U代理出假U仿U黑U懂的来@Daobi520"
1,"《Tron_token波场靓号筛可指定尾数，生成钱包靓号仿造他人钱包，手到擒来筛选软件在手，财务我有业务频道：@trontoken01客服咨询：@TTsiliao0（p*"
1,"大量出下浮U全国同台，接任何资金（接二道）可上担保：@ccff999"
1,"RQZ④信/硪/了解④信/硪/了解④信/硪/了解④信/硪/了解④信/硪/了解QMV"
1,"【360娱乐】资源群广告位仅需8U一条@YL360KFwj*"
1,"SEH找核销电费石化石油卡密话费出沃尔玛卡京东e卡油卡话费卡折扣美丽全国可充EWK"
1,"f3*1大量出u/专业洗咪/承接国资金/可接一道/咔接回u/点位美丽f3*"
1,"项目名称：凯子顶尖q拉项目介绍：q拉一手万单团，长期收团！天蓬认证诚信商家集团低龄kz盘，百天达人700能量值以上单价23/24百分之8扣单结账下午5～7收手工团队kk盘匹配纯50比例低龄，数据手机和电脑同步单价25固百分之3扣单晚7～9点结账群监控查单下群监控认准凯子唯一电报@sw0519认准凯子唯一电报@sw0519剩余都是骗子百单以上团队上保单线对接单线对接享受单独错单表独立数据库可免费换前缀散户联系：西贝@xibe121212子逸@ziyi0419双向机器人@testcs204bot交流群：https://t.me/kz6668(https//t.me/kkkzzzt(https://t.me/kkkzzzt)各位老板发大财[{钻石代发广告代发点这里"
1,"7p银行卡反定位全家户个人婚姻https://t.me/+7ezyPRaoijYyNDk1"
1,"账密直招散户号商价格表如下：日结：680隔天：1580要求：账单三个月以上。好友15+实名绑定手机号！上号时间：早上12点前都算全天上号时间，上满四小时算全天，两小时半天，限制补50-100！3点后上号算半天，晚上8-11上号挂设备！晚上提前挂设备补100账户必须不存在任何限制问题！需绑定手机号！日结隔天担保欢迎各位号商来询问群链接：https://t.me/BMF689(https//t.me/+FpQfjxbVNGRkMjllzuan坧瀻潑，濡婹笩潑點適里"
1,"出售微信、支付宝、QQ、解封、陌陌、探探、灵魂、抖音、快手、友缘、珍爱、实名手机卡、代收、代付详情咨询：@DuoLa008微信微信15天实名精养号：180微信满月实名精养号：220微信三月实名精养号：260微信半年实名私人号：400微信一年号实名私人号：500微信两年号实名私人号：620微信三年号实名私人号：760QQ直登号单太直登40（5个起售）双太直登55（5个起售）三太直登68（3个起售）私人换绑号私人单太120私人双太160私人三太240私人皇冠380企业微企业微信绿标子号---------420国企-万人绿子号---------1000企业微信绿标主号----------1200企业微信绿主（老号）-----2500红标实名主号------------260sou灵魂满月未实名：99半年未实名：150一年未实名：210满月实名：130半年实名：200一年实名：280抖音抖音满月实名号-------130抖音半年实名号-------230抖音一年实名号-------280抖音千粉私人号-------230抖音万粉私人号-------620支付宝直登V3老龄支付宝-------380直登V3支付宝----------200企业支付宝主号---------1000企业支付宝子号----------500微博黄V-----------------220手机卡三网实名电话卡联通350移动360电信360电销卡170流量卡电信60联通50TG直登号批量微信微信15天实名精养号：180微信满月实名精养号：220微信三月实名精养号：260微信半年实名私人号：400微信一年号实名私人号：500微信两年号实名私人号：620微信三年号实名私人号：760购号热线详情咨询：@DuoLa008详情咨询：@DuoLa008详情咨询：@DuoLa008小鹿代发点击联系"
1,"亚博国际全国招收线下同台跑卡人员北京、上海、重庆、天津，黑龙江、吉林、辽宁、河北、山西、江苏、浙江、安徽、福建、江西、山东、河南、湖北、湖南、广东、海南、四川、贵州、云南、陕西、甘肃、青海、全国招收实力中介跟跑卡人员信用卡普卡AAAB点位最高全国点位最高跑分速度上车主打ABAA盾卡联系客服：@feige321联系客服：@feige002"
1,"《2022年最新创业风口项目》电脑操作，每天收益500+手把手教学，不割韭菜！无需经验，轻松上手。学习，包教包会包盈利白嫖勿扰+V:LMiKewM18579261707"
1,"jWnTG群发软件24小时群发私发代拉活人/僵尸粉代发广告采集飞机号协议号软件测试联系@huli_W"
1,"招卡主，中介，aa5个点，纯赌博料"
1,"400到450v推主推顺丰单子有问题的实时截图来几个质量团随时有数据！！！稳不容易挂，数据随时有，审核几分钟就结账小团散户都要质量团可谈价格规矩少，不乱扣单长期开工不休息一个字稳！做假单的别来试了，查的严别浪费时间黑单不卡回复顶级数据TG唯一联系方式@ll175454TG唯一联系方式@l l175454400到450v推主推顺丰单子有问题的实时截图来几个质量团随时有数据！！！稳不容易挂，数据随时有，审核几分钟就结账小团散户都要质量团可谈价格规矩少，不乱扣单长期开工不休息一个字稳！做假单的别来试了，查的严别浪费时间黑单不卡回复顶级数据TG唯一联系方式@ll175454TG唯一联系方式@ll175454TG唯一对接群：https://t.me/+FNPMuPzT2vBkNzc1一直在双黑审核秒审不跑一单终成大户小鹿廣告代發點擊這裏聯系頻道上粉"
1,"接料一道二道卡接回Ư白资出U联系主号@huoyanzhifu"
1,"汤姆日结zm价格：日结：330（早8-15:00）隔夜：430（晚16-0:00）号主本人实名随时人脸解冻要求：四月账单以上，好友20+无限制，实名认证，绑定手机号解冻时间20分钟（解不开不结算，限制频繁除外）统一结账时间晚上八点半结账十点下号https://t.me/TM7429https://t.me/TM7429鑽石代發點這裏框框就是發"
1,"全国出大量U，一手U商，量大优惠，同台交易，可接黑白：@dcs244"
1,"kNa年关将至，棋牌专业跑分免押金，不扫码，不授权—正规棋牌大区盘口，直出二道归集精料绝无三黑—卡接回U模式，USDT安全操作，先打款再回U—佣金点位15~25%，只要有U量轻松日赚5000~10W+—24小时沉淀资金保司法，不风控，不冻卡—每天50W+的U量需线下同台可商谈—长期诚信对接大小车队，小白包教会好项目长期合作共赢对接有心人发财私聊加@TG_880"
1,"??y5mK6+]!Jh]AL4essv??https://t.me/+4YH9hQI_A5llOWFl"
1,"**加͟密͟货͟币͟先͟驱͟稳͟定͟供͟应͟U͟͟͟"
1,"年度最稳风口跑分核销项目全网真实最稳灰产，项目简单粗暴，可放大操作！利润立竿见影，实测1分钟内返现到账，回收速度快，如果你正苦恼自己没有路子，请看过来！！项目优势：安全、稳定轻松日赚过千！无需任何押金、保证金，！全程担保交易，安全有保障！项目返现快至1分钟，官方回款！0风险，简单易上手，手机可做担保网交易，量大可同台！！！项目联系：@HaiTang868项目担保群：https://t.me/+P2GVYkRVR500M2I1鑽石代發點這裏框框就是發"
1,"日本号实卡接码微信Line婚恋等所有网站APP均可免费测试联系号@qq8689"
1,"w4银行卡反定位全家户个人婚姻https://t.me/+7ezyPRaoijYyNDk1"
1,"n6找人查询个人户全家银行卡反https://t.me/+OKOI4LtRV1Q3MGIx"
1,"微信区快链项目，稳定日入一千点击关注频道，有视频教学https://t.me/hggvjfghuu/5lOPgB14A+_BbK`5"
1,"出U，接任何资支持卡接回u支持全国同台量大长期稳定业务：@axing1215"
1,"V推450一单一结V推V推一单一结一单一结小白新手可试单简单容易上手V推盘口老板在线直招D4线盘口直招450一单一结数据精准通过率高新手小白散户均可试单精英团队上车稳定质量的来假单鸽子合作粉拉稀团队绕道稳定出单十单有奖励价格—业务唯一联系飞机号联系：@shuimiao联系：@shuimiao老盘口B4线直招盘口直招起床困难户勿扰财富频道//t.me/pbqyybf66公告预约频道//t.me/pbqyybf66450一单一结小鹿代發點擊聯系"
1,"QJXTG群发软件TG群发软件TG群发软件TG群发软件TG群发软件MMF"
1,"yzBHKA系咪出U大型车，寻找长期合作，卡接同台kefghiq812yz"
1,"北京经验绿主31岁寻线下绿帽绿奴，长期固定，口嗨骗子勿扰。北京绿帽绿奴给我发消息详聊"
1,"GTO品牌签名，快捷稳定！IWN"
1,"iwlk车队，专业西米，卡回u，接一道二道料，通道稳定askjdaskdssddfdiw"
1,"野路子海外橡木！！单人月保底收入3W+橡木稳定运行多年！！签订保本合同，可实地盈利在回！VX::89584116"
1,"需要正规中泰式按摩  泡脚  拔火罐  刮痧  精油开背全身推油的老板请联系：09698977221地址：勐波 川渝环城酒店（闽南足浴二楼）- ni为了您的方便- 本店即时提供上门服务-飞机没回复请打电话或者发短信"
1,"a2专业收购公户、盾咔、普咔、一类小咔2-3w买断50-100w额度4w-7w买断。公户盾咔15w-35w买断、欢迎咔主咔商来谈"
1,"Efgvjjhttps://t.me/+cUSHJnugPldjYzIxTG博士廣告投放點此聯係"
1,"招车队个人pf，bc料精料取现色播大小混常规料扶持小车队合作联系@qq963123"
1,"炮台cpa兼职相亲六合交友股民棋牌体育约炮色粉qv站街"
1,"hXYTG引流神器咨询即送频道/群组500僵尸粉全网最便宜僵尸粉24小时全自动群发活人拉群/刷粉私信代发广告直登/协议号测试联系：@CGGZSXS"
1,"短信发国内外语音AI不限行业"
1,"0d海外0元开店《资金盘》。裂变模式《通道入金》傻瓜式运作火热招商外汇合约炒币模BTCETH火热招商国内扫雷群（苹果商城app）招拉手实力群主日新过万（日结）世界杯信誉盘线上走U综合盘合作咨询@chexd1"
1,"1.车队承接料，常规，大混，精，刷等/可担保可直押，咔接回U，实力老板来y5"
1,"l2实力车队接一道二道资金，什么料都能接，自己车队卡足不断卡，支持担保上押，欢迎来详谈，诚信合作l2"
1,"≧◉ᴥ◉≦MHS有兴趣私信我有兴趣私信我有兴趣私信我有兴趣私信我有兴趣私信我KUB"
1,"正宗泰国抓龙筋，技师熟知穴位经络，可徒手壮阳、阳痿早泄、中途疲软硬度不够等男性问题。另有前列腺保养，丝足spa等小项。高档公寓私密性好、可泡澡沐浴，提供一次性用品。"
1,"盘口直收q拉单价27-29只要百单团以上可验证需要qq手工团脚本团钉钉机房不需要钉钉手工团询问不亏只要实力团队不要浪费大家时间@FourdZus鑽石代發點這裏框框就是發"
1,"波场U大量出，可资金漂白要的咨询我"
1,"钱庄收U，长期做资产转移换汇高价收U，白资付款/ATM现金存/线下交易可以搬砖可带新人，有汇率差价赚取长期承接外汇资金换现金，全白资兑换U，市场需求大模式安全，无任何风险！欧易交易所有U的直接提供截图·前期小额可以先款尝试每天只需要10-30分钟左右，稳定天收入300-10000+（不封顶）全网最稳项目。加入我们看清广告只收U，不卖U具体业务关注频道以及咨询以下频道财富频道：https://t.me/+TwtVGlMcNF8zM2I1"
1,"tvMMK实力车队，承诺各种灰白料，可接一道二道，骗子勿yjfehjgdgbdfikjdnkgtv"
1,"绿、、色、、棋、、游爆分率超高==天天不定时放水充值就赠送==随机8-888金币覆盖市面最齐全最热门游戏玩法充提秒到==十年老台信誉至上官方下载:321.zhuan8.live若延迟，请关vpn或开全局代理"
1,"点简介点简介点简介点简介点简介DPR"
1,"89PNNM长期大车接料稳定U商，接各种资金承兑tianya528089"
1,"GPN24小时全自动裙~发菈~人私~信炒~群采~集筛~号上粉飞机号协议号@zz99u999(骗子火葬场）"
1,"出各地id需要来"
1,"75开房/银行卡/状态婚姻好友提https://t.me/+WG2J0Q2-tIkzYTRl"
1,"106直连通道一手运营商资源，可发三网彩信，短信，固定游戏文案跳转，棋牌，博彩，长期收量，价格美丽，诈骗，钓鱼勿扰，只做游戏类，有需要的老板。{咨询@jh090909公群https://t.me/yaolinglu"
1,"(◔◡◔)偏门路子项目大量找人合作稳定不套路合作发财诚心认真做事的来点击查看https://t.me/+n25OkhJkMGUyMGRh"
1,"广西玉林一手车来一类咔，信用咔，公户，点位天花板，嘴炮跟骗票别烦"
1,"kb专业车队接料，卡接回u，承接各种一道二道，欢迎实力金主来谈/支持担保上押，骗子勿扰kb"
1,"橘子工作室一手劫持料+鱼料+裸料USAUJPCA每日更新2000+少量其它国家一手源头数据劫持料5成以上出水率，撸cvv首选营业时间：每日13：00—12：00——————————————联系：@juzi186联系：@juzi186——————————————加入频道，不定时发放福利频道查头：https://t.me/juzicvv186小鹿代发点击联系"
1,"有小姑娘想鉴穴的私"
1,"1.ae实力车队、承接一道二道、咔接咔咔接回U高效不堵车、可担保/直押，来实力金主合作ae"
1,"OOF看我名看我名看我名看我名看我名CFV"
1,"伟哥专卖店巅峰蓝p万艾可必利劲艾希力他达拉非西地拉菲达泊西丁享久延时喷剂人参鹿鞭肽皇帝油增大膏修复膏悍马糖永春糖爱猛糖泡腾片美国咖啡速比克咖啡女用伟哥女用伟姐女用高潮液 醒酒糖解酒糖飞机杯硅胶娃娃半身臀模跳蛋震动棒AV棒情趣内衣丝袜制服避孕药避孕套润滑油sm玩具rush梅毒试纸HIV试纸阻断药"
1,"3c车队长期收常规，混料，1道2道资金，咔接回u，可担保/直押，诚信金主来谈3c"
1,"短信基站背包客（场地直招）从不弄虚作假有实力不怕事的来基站背包客带着设备流动做业不需要用卡链接机房比固话安全不需要任何实名环节简单暴利！小时1500-3000日入1-3w+开机可预付频道：@RHFG8848对接客服：@BFS11持续招募中……"
1,"拉裙批量私信批量群发软件群控机器人代发广告直登号群发软件（可自动加群）q["
1,"盘口直收各大网购平台三月内一手数据实时数据对接【技术大牛】【平台运营】【内部人员】【手拍面单】另寻终端老板合作、自用验证满足一切合理需求对接快手运营、客服人员、各大平台内部人员找我换钱小白可教包教包会日收入1w+：@MDH68888频道https://t.me/wanggoushuju68888b3b3"
1,"跑芬项目需要的来撩"
1,"p0招盗U代理出假U仿U黑U懂的来@Daobi_Pay"
1,"出体育六合qp相亲股民约炮cpa劫持"
1,"可爱嘟嘟ZM价格：日结！半年350日结！年号500隔夜补100二半四全上满二个小时算半天，四个小时算一天解冻补30早上9-12点开始上号晚上7-12点上隔夜晚上十点开始结账！招收实力商家散户！隔夜日结担保！对接群1.https://t.me/kekeaiai778(https://t.me/kekeaiai778)对接群2.https://t.me/+we1mjhEijxE2YWZh{鉆石廣告代發點這裏【代發/上粉/克隆】"
1,"fwqc88https://t.me/+1VhJhLYiuS1hNDE1Dr-TG代发"
1,"Q拉A盘免验证大量招拉手，包教包会通过高，扣单少，有效5天价格25欢迎千单团队对接支持担保大小团都收，0-30岁数据，一万通过30个群免验证模式为手工数据不会做的团队找我也是包教包会免验证的好处：新号也可以做！Q拉认准小助机房对接支持自建群百分百拉进群有意联系小助@sansan_114跟我肯定稳，不会差拉手一毛钱，不会去乱扣任何人一单，随便验证，不放心可以安排团队过来试单做的就是信誉个人信誉频道https://t.me/+I_9uK4ACstE1Mzg5小鹿代发点击联系"
1,"*￥6一手车队大量出U卡接回U承接各种资金专业洗米卸货寻实力伙伴*￥"
1,"1.实力车队、xl承接各种一道二道，卡接回U/寻长期料主卡足不堵车/可担保/直押卸货专业/点位美丽xl"
1,"9}银行卡反定位全家户个人婚姻https://t.me/+7ezyPRaoijYyNDk1"
1,"g（55%的超高返佣比多重扶持寻找合作伙伴有意滴滴我"
1,"HEB专业二道盘口免押跑芬保卡归集资金，保卡不冻结不司法赚钱加@hjgc888—二道归集资金精料，归集卡沉淀24小时（无三黑，无混料）—寻大小车队，团队个人皆可，小白客服1对呀包教包会—日赚5000到100000+不上封顶每天几千万的量，量多—点位10到20量大可谈。长期合作可同台—防止黑吃黑，长期可线下同台。诚信合作，拒绝空手套白狼。想挣钱却没有好项目的赶紧来，诚信合作非诚勿扰此号不回复诚信合作非诚勿扰想赚钱有意者咨询:↓↓↓↓↓https://t.me/hjgc8884YG"
1,"n5婚姻机主信息开房好友提https://t.me/+_nh1Mo1mtXE5NWZln5"
1,"(͡ ͡)EBN源头超级签稳定低价免费测试BDQ"
1,"llISD收各种料稳定大车只讲诚信不玩虚的，一道kwefg45dfll"
1,"qf招盗U代理出假U仿U黑U懂的来@Daobi_Pay"
1,"【手工短信】会发短信，小白可教中雷加短信发送录屏秒结单价1.3元一条外加团队奖励机制（当日打满300条奖励荷花一包，以此类对奖励加倍，奖励可折现，换算1.45每条，来团队对接）每组数据数量不固定一个话术一组数据结算：支付宝扫码，口令移动不要来，联通、电信可以，一单一结，一组一结，随干随结！开始发之前需测卡，测卡无问题开始。没有测试短信发了一律不算，不黑任何一单，别发完后一条没有来耽误时间下载反诈app的不要发只要求质量不追求数量对接联系：@qinqin366对接群：https://t.me/ajiujiu168不禁言交流：https://t.me/+KHxbXhCkK5hkMDll小鹿代發點擊聯系"
1,"a8实力车队，专业洗米，大量出U，卡接回u，承接各种一道二道，收洗全国黑灰料a8"
1,"正规绿色流量变现多平台多渠道精准引流全自动引流技术：精准抓取各平台优质客户公司全程扶持一对一陪跑终身售后个人版：单日收入2000-3000元工作室日收入10000+适合大学生宝妈个人创业V:huiqun3323"
1,"Q拉T线0-9数据：0-9岁错单：无错不扣价格：22起，35+23，100+24，300+25，500+26，千+27散成小团，小团上百，稳定结账]水果单单价：260，5+270，10+280，20+300[市场价要求低，加10过3]钉钉单价20起，50单21[稳定结账热门产业]对接联系人：@youyou8837交流群：@youyouLaSou频道：@FengRiYouYou[鉆石廣告代發點這裏代發/上粉/克隆"
1,"APP拉新正规长期稳定项目招城市合伙人!帮助各大知名平台推广增加用户量最重要是长期稳定!日入1000+，工作室日入3000+威信：Ldck2077"
1,"I爱奇艺腾讯视频刷评论单100一单主页对接Y"
1,"盗币和U招代理！来不来？3w"
1,"49WEJ车队全国接各种灰白资，卡接回U可全国同台shui887749"
1,"​飞机知名承兑，量大​!​稳定​高效​快速​要的老板找我咨询​"
1,"盘口直招v推来人推名片精洗数据通过率10过3430价格，可试单，事少数据好，要做进对接群，现在就有数据来就能做有每天实时结账图！！可以录屏实时结账图！没干过的也能来，一对一教学有意联系@liusiyi对接群https://t.me/+U4qWWGdWjkhiYmI1来大团带交单记录跟我谈价格！来大团带交单记录跟我谈价格！小鹿廣告代發點擊這裏聯系頻道上粉"
1,"出一手数据，实时精准新鲜棋牌体彩空降六合教育彩票综合盘宝妈钉钉体育sdk低价提权招代理联系：@Babe_Q频道：@ZJDSJ888"
1,"印度巴西墨西哥号码检测活跃WS短信营销必备@SK1949"
1,"(◔◡◔)UDU私信/我/了解私信/我/了解私信/我/了解私信/我/了解私信/我/了解WUI"
1,"9oC3CC假迪拉姆假RMB假比索假U黑U假美元7RJ"
1,"盘口大量直收纯qp数据dpisdk卡发手发电销数据可测试的来有实力的来日70万的量，骗子勿扰！欢迎机房电销中介来谈联系方式:@dake0528诚信经营长期合作smsm"
1,"【三国】zm日结价格：日结550，隔夜，750，隔天11009点半开始用号，上满4个小时半算全天，上满1个小时半算半天（冻结限制看实际情况）要求：账户不存在任何限制，有实名，有手机号，带三个月流水账单诚信为主，有实力的来，口嗨的勿扰。【三国】zm资源诚信合作共赢！！！客服：【三国】客服-貂蝉@disochan168客服：【三国】客服-吕布@lvbu168财务：【三国】财务-曹阿瞒@caoaman168请认准客服号，财务号，结账找财务！！！群链接：https://t.me/sanguo168https://t.me/SanGuo168zuan坧瀻潑，濡婹笩潑點適里"
1,"jjjBC.qp.ty电.销线路.系统收量.收量.价格低.质量好.专业电.销团队客服.客服:@vos818jhb"
1,"ZFV品牌签名，快捷稳定！YZW"
1,"卖妹子联系方式自己亲测过靠谱有地"
1,"【九品-对接群】日结550/隔夜680上号：16:00点前日结550上号：16:00点后半天275上号：18:00挂设备隔夜680登记结帐：20:00前登记当天使用的号统一结帐：21:00结帐结帐需要时间勿催1，三个月以上帐单2，好友10人以上3，20:00下号前不要顶号4，结算方式：口令收款码U地址5，对接联系：@capdd7998交流群：https://t.me/sapolke54897496"
1,"大量出u/专业洗米/卡接回u/可接一道/无视黑白/zhao777点位美丽|g"
1,"运营商合作日收益收入超过7800+长久收益，诚信运营可靠投资稳定运行，运行了4年了微13390326043"
1,"NESTG群发软件TG群发软件TG群发软件TG群发软件TG群发软件CHD"
1,"源!头在线接单MDM。企~业!签全网最低价（封1装报2毒）@xyg158"
1,"大͟量͟出͟U͟，͟国͟内͟回͟，͟稳͟定͟同͟台͟，͟合͟法͟结͟汇͟͟͟͟͟"
1,"出精准客户，白油，广告位，色粉CPA，GM，体育粉，兼职粉，交友，股民，六合彩"
1,"邦康勐波勐平搏一搏资金周转手机打转转打鱼、私借、实物抵押中国人可借：1-30w无任何套路，利息超低另全佤接赔付世界杯想买球的可到保利皇宫现场下注，也可滴滴我本人线上投注~365天全天候为你服务：09666754004：a400620微信：yu1877613"
1,"sdJHB1接各类资金洗米可接一道回Usd"
1,"(◔◡◔)OIQapp封装，apk报毒处理(免杀过所有机型)，源头超级签，全网最低价HGO"
1,"qm头长期收各种一类咔，盾咔，公户，是咔就行，无视额度一张2w起，菠菜5点，精料10点，ab12点，保量保司法，落地三包，欢迎咔主咔商来谈"
1,"下͟浮͟出͟油͟，͟可͟接͟黑͟白͟资"
1,"出菠菜体育涩粉体育站海外cpa劫持数据广告位股民贷款涩站搭建平台相亲"
1,"Line微信Ww雅虎日本实卡接码@qq7899"
1,"SSCfh收料一至三道各类灰产资金，下浮u需要的来谈HHHPbdbdh9996663tixinfh"
1,"fy实力车队除招商不要、小额一类咔2-3w直接买断、50-100w咔4-7w买断、盾卡15-30w、买断公户25-45w买断另外大额可走点位价格天花板、欢迎实力中介咔商来谈。"
1,"万国：zm万国日结上号群：（操作时间8点-22点）日结全天使用时间：早上8.30分到晚上9.30分，当天22点结账隔夜全天使用时间：下午3点开始收号挂号到晚上23点，第二天晚上22点结账日结续租一直续租合作共赢，诚信为本，上号速度。群里客服：@Yun57888群链接1：https://t.me/wg88851(https//t.me/+mAa8Z_a0spAwODk9钻石暴力代发"
1,"一手U商，线下同台，卡接回U，量大优惠诚心交易的来：@ww6099"
1,"境外实力最高价收网贷数据         【高价收WD】     【来技术大佬合作】      【收群呼，手拨，日用50w】本公司长期稳定收WD，长期包养实力技术【合作】@bayessw6【合作】https://t.me/baye6678小鹿代发点击联系"
1,"海外撸镁金橡木！有台电脑即可上手操作单人月保底收入W单人月保底收入W家\/:₈³₇²⓸⒊０⓷八三七二四三零三"
1,"yuuh256739https://t.me/+TpBO2JxMCUlmNTYx"
1,"收售一手三月内【历史、实时】网购数据台湾网购国内数据自用终端验证后满足一切合理要求对接【技术源头】【电商运营】三月内一手网购、台湾网购、手拍面单、华人、泰国、越南数据，源头工作室带货来谈。号外号外快手运营快手客服内部工作人员找我对接换钱小白包教会日收入1w+有意向联系我飞机：@TouGao_01TG：@TouGao_01频道：https://t.me/WG_001s8*"
1,"世界杯钱潮来袭欢迎国内各路伙伴承接博创担保，为小伙伴抓紧抢通钱途的最后机会！博创精选国内各类支付，世界杯期间24小时稳定开启1.微信话费扫码30-50费率12%2.支付宝扫码50-10000费率15.5%3.卡转卡司法全包可下U100-20000费率3.6%4.卡转卡包司法可下U500-30000费率2.7%5.卡接回U1000-10000费率2.2%另有：卡转卡、数字支付、线下代收付支付宝/微信费、扫码、包、黄、油…各类通道，起量亲民，跑量充足，无论小盘口大集团，博创总有一款适合你！另：全国下游盘口推广代理热烈招募中！返点丰厚，欢迎来聊最后卡位机会，联络博创担保@BCDBLLSSGAA001"
1,"可调教.有素质的哥哥来"
1,"临近年底，翻身在即虚拟货币，专业跑分日进斗金，机会难得正规棋牌盘口免押金，不扫码，不授权@fuyuan988@fuyuan9881.棋牌大区盘口直出二道归集精料2.卡接回U模式，USDT安全操作3.佣金点位15~25%轻松日赚5000+4.24小时保司法，不风控，不冻卡5.每天50W+的U量可谈线下同台6.长期对接大小车队，小白包教会好项目长期财富.联系下方灰机@fuyuan988@fuyuan988"
1,"诚招拉手v拉4010个通过自建微商32面对面普不死号q拉27不跑一户终成大户全网无黑历史可查结账流水可观察群微商数据按混合价格给懂得来联系人@gffh250频道https://t.me/+EPg_Pxi5Gdo3ZTFl"
1,"-、同住案底查外卖银行流水https://t.me/+Hg3FITPG0OFkNjFh-、"
1,"3g招盗U代理出假U仿U黑U懂的来@Daobi_Pay"
1,"万事达加密货币银行卡！直接充usdt即可在ATM取现金，全球取款，0冻卡，不看征信，不查流水，不走大数据币圈散户出金怕冻卡的！公职人员炒币的！博彩出金的联系@caishenfei频道：https://t.me/tokenpocken77qz"
1,"开个小盘子，听取大家意见。朋友进电报商量，永久锁，丢权限。一起坐庄电报搜索：Tamimyyds"
1,"少女私密群@gf889https://t.me/+mwF1igNYsL85ZDc1"
1,"2iQUAN收各种料大车队，不堵车咔接茴Uhaoyuqandh388282i"
1,"uc实力车队接一道二道资金，什么料都能接，自己车队卡足不断卡，支持担保上押，欢迎来详谈，诚信合作uc"
1,"出精准高质，色粉，体育，站街粉，股民，交友粉劫持量渗透数据"
1,"出交友股民体育教育医护购物"
1,"AI智能数据标注项目，火爆来袭！政府支持项目，全国招合作商！公司签订合作保障协议！！人人可做，可扩展团队！单人日收益180-500不等！团队日收益1500-4000元！项目合作有费用，看清楚在加!详情加V咨询：18647896320"
1,"全网唯一可以采集大会员的群发器。乌克兰团队研发国际版，欢迎测试，另出直登老号。协议老号。老群。老频道。僵尸粉，代私信。会员。欢迎骚扰@mayun55@mayun113另招群发器代理。7tQWJJO#"
1,"运营商想木小投入，大回报一步领先，步步领先每天收入在8.7K以上安全、稳定、可持续性利润的理想之选喂Ans886677"
1,"万事达加密货币银行卡！直接充usdt即可在ATM取现金，全球取款，0冻卡，不看征信，不查流水，不走大数据币圈散户出金怕冻卡的！公职人员炒币的！博彩出金的联系@caishenfei频道：https://t.me/tokenpocken77jo"
1,"Qnr24小时全自动裙~发菈~人私~信炒~群采~集筛~号上粉飞机号协议号@zz99u999(骗子火葬场）"
1,"项目名称：渡海纯白号项目介绍：已上押2000u价格白号最高价联系人：@Duhai521对接群：https://t.me/DuhaiZM小鹿廣告代發點擊這裏聯系頻道上粉"
1,"≧◉ᴥ◉≦OKT源头超级签，app封装，安卓包报毒处理RDE"
1,"接渗透拿站，无前期费用，可后款，后款，后款！接渗透拿站，无前期费用，可后款，后款，后款！主接海外站点，股票，贷款，棋牌，电商等主接海外站点，股票，贷款，棋牌，电商等注意:是海外，海外，海外，另国内非法站、棋牌等也可接!注意:是海外，海外，海外，另国内非法站、棋牌等也可接!@jinyaojin@jinyaojin不接国内正规无前期费用，成功验证通过再付款，童叟无欺小鹿代发点击联系"
1,"ydyt.me/+N2Ikt2EQZm4yY2M1whl"
1,"1.实力车队、承接一道二道、咔接咔咔接回U高效不堵车、可担保/直押，来实力金主合作bu"
1,"【流量变现】上手简单不耽误工作，不限场所，只要有网络就行：电脑全自动挂机—添粉群发，群裂变无限扩大价格10~30元，日结！稳定可靠！单人日收益200~500+，工作室批量1000+效果好，有费用，白嫖勿扰，详情加v16648803097"
1,"VGT有兴趣私信我有兴趣私信我有兴趣私信我有兴趣私信我有兴趣私信我HZC"
1,"kxEVBN下浮u车接料，卡接回u，可接一道全国同台shuiyuan666kx"
1,"wXG--全国高端会所（海选）种类齐全(洋酒护士空姐御姐白虎少妇幼小健身达人白领sm学妹)---空位多多海量选择看图---@QGFQHS"
1,"phft.me/+Nt4pJSHyBe1lNjk9uqy"
1,"ZXp免費收徒教₫音自動引流，每天26OO米，你我合作分潤，有搞欲望抓緊來對接！倆小時一結"
1,"HHI同台免押模式加我主号飞机@suv688欢迎咨询TYIYMM业务1：AB模式AB模式无视任何银行ab模式最低要求20-20均卡8成以上基本打满，冻钱冻卡里面剩余金额不计入流水。盗刷。抢劫。挂失。跑过。第一笔钱进秒冻。全部不结佣金大量上人，不堵车，做完秒结账欢迎各位实力卡商来合作，你只管发资料，我负责秒票，被骗无需你负责。年底买车又买房业务2:大量收卡、盾无视银行无视公私户业务3:建设银行无视额度B卡拉满。业务4：各种盾来问价格换钱工商、中国、邮政、广发、浦发、平安、光大、华夏、上海、桂林、兰州、青岛。以上盾业务5：中国银行、光大银行、上海银行、邮政银行、招商银行、平安银行、华夏银行。以上公户业务6：内蒙古农村信用社价格面议辽宁农村信用社价格面议山西农村信用社价格面议吉林农村信用社价格面议其他农村信用社80000起业务7：AA模式。单卡当天转账额度20.50.100的普卡基本跑满。速度来赚钱100手银买断2万50手银买断12000信用卡价格顶置。保量招商平安银行不要。加我主号飞机@suv688欢迎咨询TYIYMM卡接回U。包教包会，翻身改名。—信誉棋牌二道归集料。—单笔1000—49999W，—小白包教会《一笔一结》—日赚1000￥—50000￥点位：按量给点10-20个点—流程：先把U准备好，财务先给你转款+佣金，款到秒回我U—二道归集料，精料无三黑。无限要人，无需排队，无视地区或者银行，加我主号飞机@suv688欢迎咨询TYIYMMHDV"
1,"海外撸美金橡木！单人月保底收入WW项目稳定运行多年，鼓励实地考察交流学习！！签订保本合同，实地可盈利在回！+:"
1,"prWEJ车队接各种灰白资，卡接可全国同台lvhen345znm00pr"
1,"1j车队长期收常规，混料，1道2道资金，咔接回u，可担保/直押，诚信金主来谈1j"
1,"MNS签源头签-一手价格—稳定可测LBI"
1,"看我名看我名看我名看我名看我名TFE"
1,"精准GM百3Ai万150a易开发"
1,"wxllk80https://t.me/+urUbLBNF5EY1OGNi"
1,"29/大量出U，价格美丽/黑白资洗白/咔接回U/国内同台/可接一道欢迎实力料主中介来谈29"
1,"盘口诚招实力号商日结微信zm260———————————————————要求1:好友20三个月以上账单2:账号无异常不爆红3:实名绑定手机号———————————————————满1小时工作时间为全天满1小时工作时间为全天满1小时工作时间为全天———————————————————结账记录可查低风险日结可续租每晚9.开始结账隔夜挂设备20———————————————————认准(唯一对接)不禁言上号群https://t.me/adfaci群内8位客服上号大量位置预付骗子鸽子跑路别来结账可u可口令[{钻石代发广告代发点这里"
1,"ep*1实力车队/大量出U/专业洗咪/黑白均可/可接一道/咔接回u/点位美丽ep*"
1,"WEU找核销电费石化石油卡密话费出沃尔玛卡京东e卡油卡话费卡折扣美丽全国可充QFT"
1,"rt*1大量出u/专业洗咪/承接黑白资/可接一道/咔接回u/点位美丽rt*"
1,"盗币和U招代理！来不来？m9"
1,"寻车队.长期稳定有量量足管饱"
1,"dh车队长期收常规，混料，1道2道资金，咔接回u，可担保/直押，诚信金主来谈dh"
1,"荷花zm带你搞不跑不托诚信第一！！！！荷花ZM招账密号商散户皆可来荷花Zm价格：日结500隔天1020补贴稳定可靠不跑不托信誉第一诚信第一长期合作担保双压用途（炒群群托引流）具体要求：早上10点用号，上满4小时算全天，上满2小时算半天（限制情况）顶号不结算不配合限制无补工资：晚上22:00统一财务通知结账认准荷花zm你的号稳不稳我不知道我结账肯定稳认准客服防止被骗不配合限制勿扰！！！！早上8点-11点开始上号！下午4点-晚上12点上隔夜隔天日结担保认准客服防止被骗财务花花：@hehua234客服小七：@qiqi9890客服小咪：@mimi10902诚信第一信誉第一要求：1.三个月账2好友153.实名诚信团队寻诚信伙伴欢迎各位号商散户来询问号！号！号！https://t.me/+ZhW0ke6H-rUxYjA1[钻石广告代发点这里【代发/上粉/克隆】"
1,"出 质量粉 体育 劫持  股民 数据 相亲   六合色粉 约炮 CPA 交友粉  博彩"
1,"盗U招代理！来不？fy"
1,"新月.集團丫200w咏ｋａ一哥.萬1.3k投项经裙"
1,"驸马微信zm对接-日结价格日结：450上号时间：早上700上号当天结下午1800提前上号挂设备（提前挂设备补80过夜费）可续可担保要求：五月账单以上，好友20+无限制，实名认证，绑定手机号临时限制补80，结账时间统一20：30结账，22:00下号唯一对接群：https://t.me/FMZM7749信誉频道：https://t.me/FMxyPD{钻石广告代发点这里【代发/上粉/克隆】"
1,"1.实力车队、du承接各种一道二道，卡接回U/寻长期料主卡足不堵车/可担保/直押卸货专业/点位美丽du"
1,"v7出网购一手历史公积金，教师，毕业生，医护，：Axdata"
1,"1.sa实力车队、承接一道二道、咔接咔咔接回U高效不堵车、可担保/直押，来实力金主合作sa"
1,"色站广告位招商可接菠菜、棋牌、约炮、色播等各行业300Wip+为您保驾护航！联系：@llpay88"
1,"数据树大数据，精准定位，主做：dpi采集，sdk抓取，短信验证码拦截棋牌，体育，彩票，期货，网贷，股民，6合等等……全网全行业均可定制，抓取高端品质料，运营商一手指定APP/URL，自建登录接口，充值接口，注册接口等，全网精准抓取，欢迎各位盘口大佬，实力询价！所有业务联系：@ss88765所有业务联系：@ss88765频道：https://t.me/xx88765频道：https://t.me/xx88765数据树大数据，精准定位，主做：dpi采集，sdk抓取，短信验证码拦截棋牌，体育，彩票，期货，网贷，股民，6合等等……全网全行业均可定制，抓取高端品质料，运营商一手指定APP/URL，自建登录接口，充值接口，注册接口等，全网精准抓取，欢迎各位盘口大佬，实力询价！所有业务联系：@ss88765所有业务联系：@ss88765频道：https://t.me/xx88765频道：https://t.me/xx88765小鹿代发点击联系"
1,"盗币和U招代理！来不来？nu"
1,"h4广东/汕头揭阳大量收一类卡盾公户落地三包骗票绕道可上压可验付来卡主卡商联系方式:@hongfa688对准广告频道:https://t.me/hongfabaojia诚信经营长期合作"
1,"ra专业收购公户、盾咔、普咔、一类小咔2-3w买断50-100w额度4w-7w买断。公户盾咔15w-35w买断、欢迎咔主咔商来谈"
1,"“查”聊天記錄解凍卡開房記錄https://t.me/+YEmkteUnqGw0NzQ0"
1,"出纯股民粉六合粉体育粉兼职相亲交友涩粉炮台cpa广告位搭建平台劫持站点流量IP"
1,"最新手机电脑项目十年互联网工作室稳定可靠可工作室无限裂变单人单日利润可达+包扶持，包更新支持线下实地考察现场学习，简单易学收费教学介意勿扰联\/X：---------"
1,"实力车队建设一类配两张100w额度的咔13w收建设一类配盾咔25w收另大量收购50w额度的咔价格天花板、落地三包、嘴炮口嗨勿扰、欢迎中介咔主来谈！！！"
1,"收银行卡盾卡公户价格置顶实力卡商中介卡主来谈待遇优势联系方式:@HCTX686联系方式:@HCTX686车队直收，结帐稳如老狗小牛•诚信经营长期合作‘["
1,"1.什么料都接，卡足，大车队值得信赖，卡回u...因为专注所以专业，料主金主们洽谈qd"
1,"51银行卡。反、户籍。全家，法人身份使用轨迹https://t.me/+C1zzj0fPCX85NjFl"
1,"全球短信&电销线路：内容出海支持200+个国家，主力：内地、台湾、巴基斯坦、肯尼亚、菲律宾、墨西哥、孟加拉、尼日利亚等（东南亚、南美洲、欧洲）价格低，转化高，全球OTP。云服务器。空号检测。请联系我ococ"
1,"永春糖，国内需要联系我，夫妻用品"
1,"全自动挂机公司自营电脑挂机稳定项目每台机器每天收益600+单号每天收益30+日赚过万不是梦只要你机器多。欢迎各位测试，当天加入，当天收益详情咨询微信zbwwp2004"
1,"ej福建建设加2张100w额度的卡8w买断另外收各种银行储蓄卡额度需要20w以上价格美丽盾卡全网价格最高中介卡主卡商欢迎打扰问价格带资料"
1,"收u收u，只要白资u，黑u的就别来了@jj6543"
1,"yW4mdm签/封装/报毒/搭建/马甲包/稳定不掉/免费测试/欢迎咨询2fg"
1,"純精聊-佧回咔-咔U-包司法-保量。Ramsey"
1,"微信区快链项目，稳定日入一千点击关注频道，有视频教学https://t.me/hggvjfghuu/5EEbjfd<<1?u"
1,"(◔◡◔)JVZ一手实力料主大量招车队卡主bc色料精聊混料常规卡卡卡U/一二道保时保量走担保支持双押支持直押诚信经营长期稳定保量欢迎大小实力车主合作共双赢ODS"
1,"出高质量股民相亲，网赚，jz，宝马，涩粉，cpa，劫持量，渗透，yp上第三方，抖音粉，出广告位"
1,"ldft.me/+42ilra91Y5AyNTg1xqp"
1,"金豪ZM日结价格：日结480隔夜550（根据账单好友定价）9点用号，上满3小时算全天招收实力号商.散户，口嗨勿扰！https://t.me/rfbsj25pdb114703"
1,"(͡ ͡)LWC全网最稳定超级签，先试用后付款。三不限:1不限语言2不限机型3不限产品封装APP/处理报毒TVN"
1,"【微信zm】【微信zm】微信账密，实力盘口，没有中间商赚差价微信要求:3个月以上的账单30好友以上，无任何限制单价550到1200（每日一结）隔天可预付欢迎各大号商半途顶号的一律别来唯一上号频道https://t.me/zhangmiyv唯一上号频道https://t.me/zhangmiyv唯一上号频道https://t.me/zhangmiyv客服@yv0724小鹿广告代发点击这里联系频道上粉、群拉真人"
1,"一手车高价收一类银行咔，公户"
1,"最可靠的VPN服务，我们从不记录您的信息。下载链接：https://bit.ly/3XwJUjy安装后输入我的邀请码：aMKziXPPBVlt，即可额外获得3天会员。"
1,"AMG账密日结续租群早上7;00-13:00D上号当天结算晚上1800挂设备第二天使用，第二天晚上结账价格不续租价格：560隔天价格：1080（加补贴）续租：880（最少三天起续）白号可租，位置没有很多，联系客服询问即可要求：最低：一个月账单。号主本人实名手机号，可随时人脸解冻，配合解冻一次补助40解冻费用可叠加时间限制补50费用，永久限制补300（截图账号和限制截图，无截图不补）正常不续租每晚九点结账，22:00下号续租号无限制问题每晚21:00结账，不下号单线对接，第一次合作不拉群以上客服：@AMG00884信誉群：https://t.me/+xAoIOvRL4sI1NjI8AMG日结续租账密群价格不续租价格：560续租价格：880（最少三天起租）{鉆石廣告代發點這裏【代發/上粉/克隆】"
1,"(͡ ͡)TOrU60走私手表走私苹果手机iPhone14promax走私牛肉走私香烟3Vj"
1,"≧◠ᴥ◠≦SZX一手段子号检测全球号数据筛选，精确数据，检测活跃号KJQ"
1,"fh广东/汕头揭阳大量收一类卡盾公户落地三包骗票绕道可上压可验付来卡主卡商联系方式:@hongfa688对准广告频道:https://t.me/hongfabaojia诚信经营长期合作"
1,"1.实力车队、yi承接各种一道二道，卡接回U/寻长期料主卡足不堵车/可担保/直押卸货专业/点位美丽yi"
1,"LOO稳定签GBX"
1,"百园春色极品修车国人带队安全靠谱接单客服@anmoshell3未回复请语音(ShellC栋正规按摩日租房家政)全马尼拉均可提供上门服务祝老哥们前程似锦一路发发发支付宝微信现金GcashUsdt九鼎看图频道：https://t.me/BYCS6"
1,"1.实力车队、承接一道二道、咔接咔咔接回U高效不堵车、可担保/直押，来实力金主合作j2"
1,"r8HUIFEN长期车找料卡接回，量足接一道点位置顶hoangtubddr8"
1,"出售各种聊天软件"
1,"收银行卡盾卡公户价格置顶实力卡商中介卡主来谈待遇优势联系方式:@HCTX686联系方式:@HCTX686车队直收，结帐稳如老狗小牛•诚信经营长期合作#c"
1,"(͡ᵔ ͜ʖ͡ᵔ)3vtmdm签/封装/报毒/搭建/马甲包/稳定不掉/免费测试/欢迎咨询etw"
1,"劫持量渗透数据体育学生宝马机票企业家购房保健品医护九价网贷教育六合棋牌博彩购物面单股民公积金"
1,"专注印尼代收付，线下卡接，d0下发，全部盘可接，可接四方需要的滴滴"
1,"实力一手出粉，出国外定位交友粉，量大质优，欢迎来撩@Susan5859小鹿廣告代發點擊這裏聯系頻道上粉"
1,"年学生刚破处只做外出外出，点粉"
1,"njnj*汕头*潮州梅州20-200万|收公户10-100万|收盾卡手银|暂时不收可上压可验付注：要路费|和定金|勿扰！落地|三包！欢迎中介卡主卡商来谈认准对接@YSCD000频道对接https://t.me/+7onEwEw9uQYxYTI9"
1,"租QQ要求不测试租QQ要求1:QQ16级以上要求2:15天内无违规必须要能过滤的了加的了好友每天50-60位置每天预约早上八点半发号统计早上九点后开始上号9.-6.要解号！！要及时能联系的上，不能改密，抢登出现一律不结账。每天晚上九点后统一算账结账！！单太55双太65三太75皇冠100全部当天上当天结账！联系人：@xiaogui0622联系人：@xiaogui0622联系人：@xiaogui0622https://t.me/+G1xUpzGJDD01YWVl小鹿代發點擊聯系"
1,"工作室直出体育 体育体育"
1,"MLT全球空号检测、号码生成、活跃筛选，可免费试用5000条~欢迎咨询：@makabaka2523XHC"
1,"有课室能上门可，可月水多会夹大活好，可甜可咸服务天花板"
1,"盘口直招v推来人推名片精洗数据通过率10过3430价格，可试单，事少数据好，要做进对接群，现在就有数据来就能做有每天实时结账图！！可以录屏实时结账图！没干过的也能来，一对一教学有意联系@liusiyi对接群https://t.me/+U4qWWGdWjkhiYmI1来大团带交单记录跟我谈价格！来大团带交单记录跟我谈价格！小鹿代發點擊聯系"
1,"1.什么料都接，卡足，大车队值得信赖，卡回u...因为专注所以专业，料主金主们洽谈kq"
1,"≧◉ᴥ◉≦XSP专业超级签，app封装，安卓包报毒处理FHQ"
1,"一类卡盾卡公户价高小额1.5起卡卡同台一手车队无中间口嗨勿扰"
1,"世界杯飞机群一键投注、高额返水汇旺担保、资金100%安全走过、路过、不要错过点击进群https://t.me/TG747SPORT_BOT?start=121424小时客服@Tg747_Lucky"
1,"棋牌跑分业务免押（卡接回U)死卡包陪不要押金，公司先打款匿名交易安全保障接回U模式点位百分之10-20量大可谈棋牌归集料已沉淀24小时，包司法防止黑吃黑个人单做也可以加入一起赚钱（共赢原则)收米方式多样微信支付宝银行卡都可冻结包赔，死卡赔三万，放心做赚钱的时候别矫情、花钱的时候别磨叽人间清醒，努力搞钱诚信合作，骗子勿扰此号不回复欢迎咨询➷@caiyuang177395528"
1,"4s招盗U代理出假U仿U黑U懂的来@Daobi_Pay"
1,"UZR全球空号检测、号码生成、活跃筛选，可免费试用5000条~欢迎咨询：@makabaka2523WEL"
1,"nvYBB车队出u可承接一道二道，卡接回长期有效，djiudjk123hgddgnv"
1,"9a实力车队接一道二道资金，什么料都能接，自己车队卡足不断卡，支持担保上押，欢迎来详谈，诚信合作9a"
1,"找车队，接纯bc料，"
1,"个人认证。企业实名认证专业团队24在线承接实名，支付宝扫码，微信扫码，小程序认证，各类云服务，ip代理，域名认证，法人人脸，视频认证，你们不方便实名的统统可以来找我！各种账号实名认证。实名专家：@online061钻石代发广告代发点这里"
1,"VOG无押跑分纯BC精聊常规混料回卡回U招诚信车队个人量管饱诚意合作的欢迎来谈！！！XDC"
1,"en*广东汕头10-100收公户5-30收收盾卡可上压可验付各种合作方式欢迎中介卡主卡商来谈认准对接@F666988认准广告频道https://t.me/+Wm6wbm-vePw4YjRl"
1,"收协议号，不要TG博士的@DrTG01，这家是骗子，付了钱直接拉黑大家注意"
1,"爱坤ZM盘口直招全网唯一高价不禁言群爱他就要赚最多的钱守护最好的的坤坤要求：三个月以上账单10+好友价格如下日结：450RMB隔天：1020RMB上号时间下午：1600（挂设备第二天使用）早上：800（当天使用）守护守护玫瑰不灭热爱亦可永存欢迎各大号商守护最好的坤坤群链接：https://t.me/ikun520iku"
1,"正规正规正规单天进在500+-1500+2-3个小时即可独立上手操作月收益2w+可签报本协议合同当天上手当天就可以见到利润当天也可以提出来不赚钱全额退还最好实地考察学习，打消你的一切顾虑可在这赚够本，再回去操作简单，易上手，无技术门槛，可放大实地学习考察，见到效益以后再走可以打消你的一切顾虑了+：1890325了+：1890325了+：1890325了+：1890325"
1,"1.实力车队、hk承接各种一道二道，卡接回U/寻长期料主卡足不堵车/可担保/直押卸货专业/点位美丽hk"
1,"≧◠ᴥ◠≦KCE源头超级签稳定低价免费测试KVH"
1,"ru高价收购各种盾卡工商盾18万建设盾20万农业盾20万中国盾信用社盾买断22万起收各种普卡盾卡公户三包预付"
1,"cc专业推广，频道，群组拉活人，群聊，群发，协议号，软件，免费测试，需要的来cc"
1,"各位老板需要包夜私聊24小时在线为您送上门服务联系电话091437372"
1,"一手精聊投资类数据，找我没错，你意想不到的效果频道@shuju8848"
1,"招收口令的 不押 无套路"
1,"全菲最低价超市来咯！！可乐，芬达，雪碧23p一罐红牛46p一罐康师傅袋面30p一袋康师傅红茶，绿茶31p一瓶而且今日下单减免100p全菲最便宜生活超市，你要的我都有@tehuisc6688"
1,"世界杯火热进行中，努力就能收麦子滴滴：@wtfsbglyqs体育推荐：@fioioiosss"
1,"全球精准数据ws/tg/line拉群群发/筛料一手机房有需要的老板联系我支持鲨鱼"
1,"代理政策：■强大的代理后台，会员动态随时跟进■会员ABCD盘口自由设定■无限代模式，返点可调■代理综合盘口A盘单码9.94培率大小单双1.989一W流水返50B盘单码9.89培率大小单双1.979一W流水返100C盘单码9.79培率大小单双1.959一W流水返200D盘单码9.69培率大小单双1.939一W流水返300■双赢棋牌返水一万流水固定返150■返水日结，可直接提款■代理扶持，助力彩金，下级会员达成条件即可领取，直接提现■代理定制专属域名，免费送跟投软件，送推广图及地推广告物资泡泡hb219912QQ2962400680微信hb51cp3土豆hb219开线加我网页网址hb688.vip"
1,"GYMViber、Ws、Zalo、Botim、lineskype，signal等APP专业检测，@dd1231122KJK"
1,"joi出日本软件一手号商稳定供货男女pairs女头像p糖爹男女東力缘结tapplepaterstinderskoutpairfullhappymail都有出售;代开日本软件会员苹果id充值卡欧美全球skouttinder火种蓝标火种黄金会员蓝标bumble（大黄蜂）需要联系@daka52@tyy520atWl"
1,"车队收料常规资金盘精料色料1-2道前中期，卡接u回，汇率置顶，可担保/直押大小车都可来谈h5风里雨里等你h5"
1,"CHN专业超级签，app封装，安卓包报毒处理ZWJ"
1,"可做百度海外引流"
1,"1.什么料都接，卡足，大车队值得信赖，卡回u...因为专注所以专业，料主金主们洽谈vh"
1,"诚收绿，贱，真诚交流可长期发展"
1,"盛亿科技互联橡木介绍施罗德方舟卦机橡木正规项目合作互赢项目合作分层模式先赚钱后补票可实时考察橡木公司自营百台机房有意向可落地考察可↓↓↓VVV:Sykjtq 彩꯭꯭票꯭꯭丨꯭꯭博꯭꯭彩꯭꯭丨꯭꯭盗꯭꯭U꯭꯭丨꯭꯭期꯭꯭货꯭꯭丨꯭꯭区꯭꯭块꯭꯭链꯭꯭丨꯭꯭资꯭꯭金꯭꯭盘꯭꯭丨꯭꯭股꯭꯭票꯭꯭丨꯭꯭交꯭꯭易꯭꯭所꯭꯭꯭꯭|꯭꯭꯭꯭抢꯭꯭单꯭꯭꯭꯭等꯭꯭各꯭꯭种꯭꯭系꯭꯭统꯭꯭꯭꯭开꯭꯭发꯭꯭定꯭꯭制꯭꯭联꯭꯭系꯭@dajianapp888"
1,"全国同台出u，量大下浮，咔接回u：@guoshihao999"
1,"ar出企业支付宝，资料齐。安全可靠"
1,"SRn_个人业务Tlg代宣Tlg表情包光夜代充暗区突围代充和平代充王者代充火影代充qq飞车代充暗区突围代充和平代送和平隐藏活动王者定位王者代送王者对局赞王者人气值王者点赞值点券红包实名AppleID周卡查单删游戏健康系统@srn0409https://t.me/sovj09"
1,"广东同台跑分高价收卡盾手银一张日结5k-4W高价收全国各地公户，信用社，农商，额度大价钱越高。招实力中介卡商卡主来合作飞机专群可上押飞机专群可上押飞机专群可上押欢迎咨询欢迎合作联系：@vs668联系：@vs668联系：@vs668小鹿代发点击联系"
1,"私人，兼职，面付       00年，"
1,"hauye4https://t.me/+6heYSj-F9OE4ODlh"
1,"个人 兼职，深圳       高170.  年19"
1,"0eSDG车队，洗米，接各种一道二道，通道稳定shuiyuan6660e"
1,"hhdt.me/+IItCcBPMN4U5N2Q1"
1,"6冲500送300立马到账注册实名送88彩金全网最高福利开云体育招代理:@kyty_01注册：http://scaz8.com/fxnFzBK"
1,"qp海外0元开店《资金盘》。裂变模式《通道入金》傻瓜式运作火热招商外汇合约炒币模BTCETH火热招商国内扫雷群（苹果商城app）招拉手实力群主日新过万（日结）世界杯信誉盘线上走U综合盘合作咨询@chexd1"
1,"106直连通道一手运营商资源，可发三网彩信，短信，固定游戏文案跳转，棋牌，博彩，长期收量，价格美丽，诈骗，钓鱼勿扰，只做游戏类，有需要的老板jz咨询@jh090909公群https://t.me/yaolinglu"
1,"保时捷zm上号总部：欢迎所有散户，号商来谈上号要求：三个月账单30好友+无限制根据客服的要求上号上号时间早上（800)晚上（1700）日结ZM价格：三个月账单290六个月账单380年以上账单430上号流程进群询问客服格式将格式填满。把格式发送客服。配合上号每天晚上2200前结清群链接1：https://t.me/+bTtWFHos62U1NjJl(https//t.me/+bERBHBu3WK4zZmI1(https@BDJ_XX{钻石广告代发点这里【代发/上粉/克隆】"
1,"Q拉来20起量大价格高支持散户团队都可来有意向的联系我给你数据就没有不爆单精洗数据低龄来吧欢迎各大团队主页有千人群可对接"
1,"ox全网最高价收一类卡大小额-盾卡-公户中介卡主来聊聊价格天花板骗子勿扰@HW521"
1,"asx出全球精筛一手数据号码ws群发代发送达率高万进180+不服来测@ssz678"
1,"mb广东/汕头揭阳大量收一类卡盾公户落地三包骗票绕道可上压可验付来卡主卡商联系方式:@hongfa688对准广告频道:https://t.me/hongfabaojia诚信经营长期合作"
1,"晴客zm对接群日结450隔夜550要求:1.2半4全2.无限制异常3.可协助解冻账号要求1.2个月以上帐单2.好友10+3.使用时间：早上8点-晚上8点4.使用结束前严禁顶号，改密码5.口令扫码走U对接联系:@CC_0678对接群：　https://t.me/fsdfr457797941鑽石代發點這裏框框就是發"
1,"龙岗环保4张，高档小区出入方便温柔不事儿，女友感强"
1,"yu车队洗米出u，一二道可全国同台点位美丽KKKHHbsbdbgvx5446yu"
1,"1.什么料都接，卡足，大车队值得信赖，卡回u...因为专注所以专业，料主金主们洽谈b4"
1,"盘口直收各大网购平台三月内一手数据实时数据对接【技术大牛】【平台运营】【内部人员】【手拍面单】另寻终端老板合作、自用验证满足一切合理需求对接快手运营、客服人员、各大平台内部人员找我换钱小白可教包教包会日收入1w+：@MDH68888频道https://t.me/wanggoushuju68888rprp*"
1,"(͡ᵔ ͜ʖ͡ᵔ)OII私信/我/了解私信/我/了解私信/我/了解私信/我/了解私信/我/了解WRH"
1,"cy稳定通道卸货不堵车承接一道资金。承兑出下浮uYYYFFFhhjjkklloo777666cy"
1,"有银行卡拿钱，缺钱找我"
1,"gs车队长期收常规，混料，1道2道资金，咔接回u，可担保/直押，诚信金主来谈gs"
1,"偏门国外橡木专注国外橡木10年！自营10年！橡木一：单日利润1000+橡木二:单日利润3000+橡木支持线上和实地考察学习现场学习操作产出收益技术一对一教学包学会合作VX：82303044"
1,"av招盗U代理出假U仿U黑U懂的来@Daobi520"
1,"03年大美女，兼职随缘月，女友般服务，不闲聊非诚勿扰"
1,"微信区快链项目，稳定日入一千点击关注频道，有视频教学https://t.me/hggvjfghuu/5lt-:UqlWvgZLO["
1,"LUL无押跑分纯BC精聊常规混料回卡回U招诚信车队个人量管饱诚意合作的欢迎来谈！！！UQE"
1,"真人实体百家乐世界杯等多种玩的来"
1,"k3法人。名下车，房户籍全家https://t.me/+VLjjYZmHvMI5OWVl"
1,"项目名称：珍爱红娘话术单优势：无违规话术几乎不会封号不像ｖ推一样做一两单号就死了长久稳定才是王道做单模式：提供珍爱网女客户数据给你，你负责拿你微信去加，按照话术去聊天，成功介绍女客户添加男嘉宾就算一单价格：170-210500数据最低10单为标准垃圾团队别来结算方式：走u没u别来都是统一晚上结（不支持一单一结别问）是否担保：支持不放心的支持走担保担保费我出负责人：@DFi9999小鹿廣告代發點擊這裏聯系頻道上粉"
1,"XWR找核销电费石化石油卡密话费出沃尔玛卡京东e卡油卡话费卡折扣美丽全国可充VGG"
1,"yangmaokkkkkkhttps://t.me/+dD0zOCucUeZlZTNh"
1,"老板需要引流强拉嘛，价格实惠，多多支持"
1,"8fSDG车队，洗米，接各种一道二道，通道稳定shuiyuan6668f"
1,"【微信zm】【微信zm】隔天账密，实力盘口，没有中间商赚差价v信要求:3个月以上的账单20好友以上，无任何限制单价550到1200（每日一结）隔天可预付欢迎各大号商半途顶号的一律别来唯一上号频道https://t.me/+cxakqe2B-UM2NzUx唯一上号频道https://t.me/+cxakqe2B-UM2NzUx唯一上号频道https://t.me/+cxakqe2B-UM2NzUx客服@GgTail小鹿代发点击联系"
1,"*（同住案底查外卖银行流水https://t.me/+Hg3FITPG0OFkNjFh*（"
1,"85法人。名下车，房户籍全家https://t.me/+VLjjYZmHvMI5OWVl"
1,"mx海外0元开店《资金盘》。裂变模式《通道入金》傻瓜式运作火热招商外汇合约炒币模BTCETH火热招商国内扫雷群（苹果商城app）招拉手实力群主日新过万（日结）世界杯信誉盘线上走U综合盘合作咨询@chexd1"
1,"a1出企业支付宝，资料齐。安全可靠"
1,"车队直招AA万600收一类卡盾公户结账稳定！"
1,"SSC0j收料一至三道各类灰产资金，下浮u需要的来谈wweetbsgdbg99700j"
1,"清水zm（对接帐密群）价格：日结580隔夜650需求：3个月账单10好友结帐：2半4全|晚上10点结|收款码口令U需可协助解冻，成功上号无限制异常才算数，使用时间严禁顶号及改密码日结收号：8:00-16:00（当日晚上结）隔夜收号：16:00-24:00（隔日晚上结）对接联系@DS_0678对接群https://t.me/qaqaa135478qq"
1,"1.什么料都接，卡足，大车队值得信赖，卡回u...因为专注所以专业，料主金主们洽谈hg"
1,"1.车队接料，大小混，精，刷，色都可以，可担保可直押，咔接回u，实力老板来of"
1,"实力团队专业出一手广告位股民粉体育博彩粉相亲粉兼职粉约炮CPA劫持流量"
1,"白底个户，三网破解无盲，常用，支机，补齐，法人，16头全户，价格优势，有单来"
1,"WGK稳定签UWE"
1,"收小额卡不看额度1.2一张ab750诚信合作墨迹勿扰长期收无卡人头中可同台"
1,"二道球赛长盘资金上浮找卡回u车队.料子沉淀1000万量.很稳.可双压保司法."
1,"个人兼职3点粉气质佳可约"
1,"gn*广东/汕头揭阳大量收一类卡盾公户落地三包骗票绕道可上压可验付来卡主卡商联系方式:@hongfa688对准广告频道:https://t.me/hongfabaojia诚信经营长期合作"
1,"斩虎ZM价格：日结800隔天1980账单不同价格不同9点上号，上满2小时限制算半天，上满4小时限制算一天解冻补50招收实力号商.散户，口嗨别来！早上8-11点开始上号！晚上7-12点上隔夜.统一晚上十点结账！可隔夜可日结可担保！对接群1.https://t.me/Zhanhu7890(https://t.me/Zhanhu7890)讨论群1.https://t.me/+EpI9E0sUzDJmMzYx(https://t.me/+EpI9E0sUzDJmMzYx)鑽石代發點這裏框框就是發"
1,"2022年火爆项目小白当天可上手，简单易学，包教包会单人轻松日赚3000-1W+24H可循环操作TG唯一频道@GTusdt888tu"
1,"pj一手队诚收全国实力中/介带资料来谈盾咔18萬起普咔鹅度100w6.5萬起小鹅一类咔2.5萬起弓户25萬起合作共赢嘴炮骗票勿扰"
1,"卡卡跑分收付一体大小额自选请联系@tumi528咨询@tumi528诚招各大跑芬牛人，团队，代理收付一体模式系统入宽手动下发大额单笔1000--30000来靠谱的车队代理小额代收代付100-1000可走直押可走担保其他勿扰诚招各大跑分牛人，团队，代理一笔一结，本利皆可用于循环跑从事灰产5年无任何黑事迹咨询开户对接是不会收取任何费用一次合作，终生朋友！诚信经营长期合作咨询@tumi528https://t.me/+GH7I9QlF5zQwYzBh小鹿代发点击联系"
1,"盗币和U招代理！来不来？bk"
1,"3q国内同台卡接回U一手车队可接一道量大优先线上假截图勿扰3q"
1,"飞机上最好用的群管【电报群管】飞机上最好用的群管【电报群管】飞机上最好用的群管【电报群管】"
1,"tb定位轨迹。银行.、.流水。好友。提取。户籍https://t.me/+yYnJKcQa9gkwZTI1"
1,"大量出泰达币，​%骗子勿扰​"
1,"1.车队承接一二道资金。卡接回卡/咔接回u，汇率美丽，欢迎滴滴1k"
1,"9冲500送300立马到账注册实名送88彩金全网最高福利开云体育招代理:@kyty_01注册：http://scaz8.com/fxnFzBK"
1,"出售各种一手盘口老板有需要的频道主页看看"
1,"zuzu*汕头*潮州梅州20-200万|收公户10-100万|收盾卡手银|暂时不收可上压可验付注：要路费|和定金|勿扰！落地|三包！欢迎中介卡主卡商来谈认准对接@YSCD000频道对接https://t.me/+7onEwEw9uQYxYTI9"
1,"HPLIOS源头超级签名，源头招代理，APK报毒免杀处理，封装app，免费测试DNK"
1,"来这里做姐姐的代理姐姐打你一起赚大钱"
1,"1.实力车队、xz承接各种一道二道，卡接回U/寻长期料主卡足不堵车/可担保/直押卸货专业/点位美丽xz"
1,"项目方拉拉盘子啊"
1,"b*银行卡反定位全家户个人婚姻https://t.me/+7ezyPRaoijYyNDk1"
1,"nvi--全国高端会所（海选）种类齐全(洋酒护士空姐御姐白虎少妇幼小健身达人白领sm学妹)---空位多多海量选择看图---@QGFQHS"
1,"﻿2023年TG拉新体验室项目1.轻资产，低门槛2.每日利润单台100-300可无限放大3.收益当天可见直接到您自己的账户4.公司有专业售后技术人员一对一教学可签约收益合同！飞机：@yuan000+威13522624522"
1,"XUP海外人工坐席-手拨线路语音群呼海外OTP验证码@dd1231122SSK"
1,"【VG一手国际短信通道】直连运营商无中介差价79长码真实落地回执可发任何行业任何内容棋牌菠菜色播出轨快递日发百万通道稳定有接口支持代理支持盘口预定：@vgsms8支持代理支持盘口预定：@vgsms8雷神广告代发广告代发点击这里联系我频道上粉、群拉真人、频道刷浏览"
1,"神盘不匹配手工Q拉高通过高活跃高能量，0-22。精洗数据。不限数据，群码。可验证一切。可担保！可担保！可担保！骗保死妈，忽悠数据的勿扰。可以发数据底料自洗。价格：24-26优秀团队25起拉群时间：100结账时间：2200可口令可U扣单情况：有监控，可发监控底料，没有问题，0扣单。招收散户，小团，大团。联系人：@wsgin6888稳定到过年，想稳定的滴滴，跑单全家火葬场。只求安稳赚差价。小鹿广告代发点击这里联系频道上粉、群拉真人"
1,"m0招盗U代理出假U仿U黑U懂的来@Daobi618"
1,"全球短信&电销线路：内容出海支持200+个国家，主力：内地、台湾、巴基斯坦、肯尼亚、菲律宾、墨西哥、孟加拉、尼日利亚等（东南亚、南美洲、欧洲）价格低，转化高，全球OTP。云服务器。空号检测。请联系我fbfb"
1,"UyH兄弟来搞！免费教技术，人间正道是沧桑，每天稳打3OOO米，正规搞米，细节来详谈"
1,"92WQE出下浮u承接各种一道二道，卡接回，同台lvhen667hhf99092"
0,"还有舌头手指感官"
0,"/start@hao1234bot"
1,"静 安，有空可外。 肤白貌美。大长腿明天开课优惠呀"
0,"(͡ᵔ ͜ʖ͡ᵔ)PHTXY0PVVEQ"
1,"https://t.me/hao123group1"
0,"我是那个取消订阅重新订阅的时候会遇到这个错误"
0,"小黑子漏出鸡脚了吧"
1,"找能开视频做任务的绿帽，奴，母"
1,"#喷水#大屁股#AV"
1,"一手带队，安全包稳。"
1,"离异少fu圈子线下活动约p"
0,"这傻狗何宝什么实力还不知道"
1,"烟酒找呆妹，保真又实惠"
1,"充值卡回收赚差价了解过吗？"
1,"@yangmaokkkkkk https://t.me/+n-N07qFxpqEyODYy"
1,"seo提升关键词排名"
1,"先款后U，洗白私"
0,"不过巴塞小心点很多人偷东西"
1,"岀租苹果VPN节点"
1,"谁有料，我这里两个人可以送"
0,"本人男大学生，喜好鞋袜脚，尤其喜欢女高女大的骚白袜，有愿意分享自己的姐妹快来，可以打分点评yy!"
1,"有看屌的吗，在撸"
0,"就是两个工具一起用"
0,"新胜路有没有老师啊"
0,"很多这样的骗子的"
1,"岀飛機會员成品呺"
0,"你这一拳能锤死我吧"
0,"對此我的做法一律是勸回國"
0,"这是同居生活的前兆嘛"
0,"这上面很多骗子的"
0,"美国日本香港越南等服务器"
0,"这么多能受得了的？"
1,"寻素质男士一起聊聊天"
1,"做佰度谷歌排名优化"
1,"线上寻刺激懂的来。"
0,"泡澡免费牛排海鲜自助等"
0,"岀飞机耐用防销呺"
0,"joannabae"
0,"/start@GroupHelpBot"
0,"漫天广告，难道就没有真正可以聊天的人吗？"
1,"SEO大数据排名优化"
0,"我点进去也是空白"
0,"不过没有你拍这么好"
0,"剃完毛比不剃毛卖的时候能多挣200"
1,"只稿老外的米，一个月一张A6不是问题，无疯险，简界来了解"
1,"洗u团队有2个空缺！速来补位！上手快不摁头"
1,"今年最特别的方法  话不多说，你自己点我头像看看，贝兼美元的速度绝对颠覆妳的三观"
1,"点我头像看看 贝兼美元的速度绝对颠覆妳的三观"
1,"洗u团队有2个空缺！速来补位！不摁头"
1,"我操他妈的，飞机上骗子怎么这么多！直到我遇见他 @dans333333 才知道一个小时6W 是多么简单，现在成都都已经买了一套房了"
1,"TN TP ring4 SL esim 销售"
1,"macOS这个80%充电保护就挺傻逼的，低于80%直接给你充满，然后再慢慢放电到80%"
1,"太强了兄弟們，每天都在賺錢的頻道！！！連續好幾個十倍了，還是免費的，必須推給你們"
1,"抖音礼物项目｜不限次数｜稳定收益｜当天结算 @KKVIP99999 "
1,"不想当🐮🐴的来，这个破班上不了一点。跟我一起干比上班强🥰"
1,"我操，别再群里吹牛逼了 马上过年了 兜里面还没有钱的兄弟来帮忙干活，一天利润三万五没问题"
1,"给妹妹拍照 一张100-900 日劫没套路 请看簡介"
1,"今年最特别的方法  话不多说，你自己点我头像看看，赚美元的速度绝对颠覆你的三观"
1,"兜里面还没有钱的兄弟来帮忙干活，一天利润三万五没问题"
1,"國內賺錢只會越來越難 來跟我學，多條腿走路沒壞處，月8W+，看煮頁"
1,"泛滥成灾 一直流吃好可以喂饱我吗 听话 渴望 线下线上聚會 小骚逼来了 羞辱"
0,"你们试过让vibe写汇编吗?我觉得如果是资料很多的话应该写起来很容易。最重要的是这么多年来语法变化不大。更重要的是没有太多编程风格大家的编程写代码的风格都是一致的"
0,"没试过但是应该得弄个verifier强化学习"
0,"我的经验来看他在写 cuda kernel 的时候表现非常非常差我不知道汇编会怎么样。"
0,"懂了，这就去学cuda"
0,"我只有逻辑很简单而且重复N次才会考虑去写汇编"
0,"现在去学有点太迟你有那么多的时间吗然后你去学的话谁来陪大家聊天呢"
0,"ai学的Python和ts最多吧 所以效果最好"
0,"语音输入的时候果然断句是一个难题"
0,"套个4b模型断句"
0,"正在使用15u感觉不太彳亍"
0,"现在看这些都无感了"
0,"问题是先发再调教"
0,"确保每个机型和用户都有不同的💩吃"
0,"经常接触菜的地方有2cm发黑其他地方还行"
0,"0.6% 超过1w和十单要1.6%"
0,"夹钢夹得本来就是高碳易锈钢"
0,"怀念以前不用手续费"
0,"请尽量避免使用微软的邮箱服务注册网站(Outlook Hotmail Live)，最近开始邮件送达率非常低。"
0,"让我自己寄过去呗"
0,"不是申请不了维修了吗"
0,"非限定卡卡池结束进粉尘商店"
0,"这不是得等轮换的吗"
0,"卡池结束就进商店啊"
0,"金线是每个月按时，粉尘是卡池结束进商店能换一只"
0,"手动导入不就好了"
0,"前天还是昨天还能看到歌词来着，我再观察一下这个问题"
0,"我把自己的spotify api填上就成这样了"
0,"把spotify api删了就好了"
0,"歌词匹配是走国内歌词源的"
0,"Lyricify 的匹配机制很久没有动过了，相关逻辑也在 GitHub 上开源了，理论上没搜到歌词大概率就是网络问题，或者是qq或网易云的搜索改了"
0,"我觉得确实不如直接买处理好的瓜子啊"
0,"臭小白 你也不吃瓜子吗😳"
0,"群里好像还有高手"
0,"我看还有了解 4 代飞龙的老资历"
0,"并非，广州室友也叫洗头膏"
0,"我现在只叫洗发水"
0,"https://t.me/zhetengsha_group/1179205"
0,"【搬运/草莓王汉化】【MR2000 布兰卡解说！SA2通用用法完全解析】常用SA2连招 & 搭配动作汇总！2025年版 (https://www.bilibili.com/video/av114990535155613?p=1)"
0,"https://www.youtube.com/watch?v=RZw9HjpPXxY&t=226s"
0,"@莓bro (https://space.bilibili.com/51643962):"
0,"播放量:2568 弹幕:1 评论:16"
0,"点赞:86 投币:38 收藏:212 转发:21"
0,"发布日期:2025-08-08 01:33:16"
0,"在 chromium 里试了，做不到 ，但文件里有疑似 Gemini 的核心"
0,"chrome可以开gemini了"
0,"基本不用Chrome了"
0,"傻很多的本地 ai。能用"
0,"服务器 CPU 推理 LLM"
0,"新加坡为提升警觉性举办‘诈骗电话’模拟演习"
0,"新加坡公众即日起可报名参加全国模拟诈骗演习，随后在3月1日至8月31日之间接到一通 “诈骗电话”，亲身体验骗子冒充政府官员的情况。电话诈骗案日益猖獗，政府将首次举行为期六个月的全国模拟诈骗演习，提高人民对诈骗电话的警觉性，以及传授防诈骗知识。想要参加全国模拟诈骗演习的公众可上网报名 (http://go.gov.sg/nsse)。他们过后会在演习期间，收到当局拨出的自动语音电话，模拟骗子冒充政府官员的情景。电话接通后，当事人不会立刻被告知是演习。假的诈骗电话结束后，参与者会另外收到一封电邮，解释如何分辨诈骗电话，以及能采取哪些步骤来保护自己。"
0,"—— 新加坡联合早报 (https://www.zaobao.com/news/singapore/story20260201-8250525)"
0,"时间跨度这么久，没准真的有效"
0,"毕竟我连昨天吃的什么都忘记了"
0,"跟Edge的那个Copilot Chat差不多是吧"
0,"@qound 已售后"
0,"可以 我试试 算是少开一个页面吧"
0,"你也没跟我说线就保半年啊"
0,"读文档的时候有一点用...?"
0,"AI 写文档全是幻觉啊"
0,"浏览器的ai助手都这个形式吧"
0,"我连电话都不接的人"
0,"不过gemini集成应该比其他的深"
0,"ctc最近会有优惠吗"
0,"所以光头洗头用啥"
0,"因为老衲洗头用飘柔"
0,"为什么感觉cf白天比中转快好多"
0,"IX 限速200Mbps"
0,"香港 Zouter 在挨打"
0,"1主要是新资源还没到位"
0,"阿里通报太严重了 一天换两次"
0,"还是cf大善人，延迟比中转低，还不要钱，就是只能白天用"
0,"Zouter 在挨打，你用 HKBN 试试"
0,"洗头膏显然不合适了，抹都搓不出来"
0,"移动的 CMHK段cf"
0,"那香波你们听过吗"
0,"所以才说「中」嘛"
0,"补几颗牙一天都能1k吧"
0,"说到补牙我就牙疼"
0,"不信你去口腔医院看看"
0,"诊所没几个能种的吧"
0,"和黑勢力合伙，拔牙打掉給他補"
0,"我这儿做根管，得2k"
0,"在哪儿呢，我坐高铁过来补"
0,"诊所要资质还是个人（"
0,"私立医院怎么会就收这点"
0,"我有颗后牙烂完了，去看的话是不是就从这几个项目中挑选了"
0,"我还真没见过这么便宜的（"
0,"快和美团团购一个价了"
0,"给牙拍个片要多少钱"
0,"呜呜被按着上面钻牙齿 QAQ"
0,"之前听说什么根管治疗啥的很贵 一直没去看"
0,"想着攒点钱再去看看"
0,"一口牙才2000？"
0,"我们这里人民医院一颗牙30000"
0,"还要先拍片子的吗？"
0,"我拔智齿，在旁边听到的"
0,"研究生只能打下手"
0,"我觉得拔牙时候打麻药和不大麻药没区别啊"
0,"现在都发展到这程度了吗？"
0,"暑假再去拔个阻生智齿"
0,"我就是觉得打了和没打一样 都疼"
0,"我感觉种牙价格打下来了"
0,"你下次试试不打麻药拔一个"
0,"打昏就不会觉得痛了是吧"
0,"我本地口腔医院都不敢去拔"
0,"我去我两颗1700"
0,"10分钟就拔完了"
0,"瓶子君152 直播看辉夜完整录像"
0,"#猪猪追番屋 #超时空辉夜姬 #瓶子君"
0,"ggbond学会了分割"
0,"快到没反应过来就是不疼？这合理吗？"
0,"买 selsun 蓝瓶"
0,"为什么女孩子的咪咪不是红色的"
0,"你……你怎么盯我的脚看了那么久呀？看得我都不好意思了"
0,"#满穗 #cos #明末饿殍千里行 #cos致歉 #ooc致歉"
0,"▎Source (https://www.iesdouyin.com/share/video/7601132348843401946/)"
0,"这期是以良哥定制的吗"
0,"几天洗一次啊。我一般 3，4 天洗一次"
0,"这个洗头膏洗的太勤，头发掉得快"
0,"黄瓶是头发有炎症用 紫瓶是控油"
0,"以前是大油头。用紫瓶调理好。后面就一直蓝瓶"
0,"我的洗什么都没用"
0,"主要以前玩太多了"
0,"PA120换水冷有必要么😋"
0,"【🔥对我来说这就是最美的不知火舞🔥-哔哩哔哩】 https://b23.tv/5p0Wb6p"
0,"光头洗头用洗面奶还是洗头膏"
0,"🔥对我来说这就是最美的不知火舞🔥 (https://www.bilibili.com/video/av115429511012210?p=1)"
0,"叠甲：纯菜，操作一点没有，只是单纯贪图舞的美色，所以剪了这个视频！剪的很累，感觉没有到我想要的效果，但是确实水平一般，剪的也一般，我会再学习学习的，希望看的开心，她真的很好看。"
0,"BGM：†KRUSHDAFIGHT!†@N2UtheHartlocker歌很好听！原作者就在b站！！"
0,"别人练连招是在搓键盘，我选她单纯是在进行一场宏大的明恋。她的扇子不是扇子，是斩断我所有理智与克制的次元斩，每一次“必杀忍蜂”都不是必杀，是她对我凡俗审美的、一次居高临下的超度。我的喜欢不是喜欢，是CPU过载后恒久的卡顿，是看见她美丽瞳孔后心里遗留的永久回忆。"
0,"@-ひなた- (https://space.bilibili.com/16985372):"
0,"播放量:8.78万 弹幕:13 评论:173"
0,"点赞:6537 投币:665 收藏:5703 转发:139"
0,"发布日期:2025-10-24 14:04:50"
0,"🔝> @-ひなた- (https://space.bilibili.com/16985372):"
0,"感谢人机隆帮我录素材，没有任何一个隆受到伤害[打印鸡_拇指]"
0,"你这把女巫 全票打飞"
0,"下把恩怨局，先杀你"
0,"香点点的有没有推荐"
0,"所以南方人都是光头吗"
0,"就我碰到的北方人都是说洗头膏"
0,"南方的都不这么叫"
0,"我看ssr这么说的就这么说了"
0,"洗头膏感觉东北叫法吧"
0,"东百的叫法大都比较，，，带派"
0,"带派是怎么来的（"
0,"唉，川大研究生反串东北"
0,"买了绿箭薄荷糖准备买椟还珠吃掉一半，现在好难受一查是薄荷醇摄入过多"
0,"我草，实话没人信"
0,"鱼神什么时候继承家产"
0,"我只有學業警示，羨慕畢業證"
0,"小学哪里来的学位Ծ^Ծ"
0,"大专平时能跟群里的研究生哥随便搭话吗"
0,"92研究生，勉强和大专说上话"
0,"羡慕，我连92汽油都加不起"
0,"鱼神还是太有实力了💃"
0,"6测速没用的来了"
0,"根本跑不到测的那个值"
0,"是下载的厂商不让你跑那么高吧？"
0,"CF那个测速用来测网速比较准"
0,"Speedtest和ping0一样搞笑"
0,"测速和下载文件本质是一样的"
0,"但測速大概率會跑最高"
0,"你知道为什么下载不一定吗"
0,"😅测速的意义当然是测出服务器口子的上限啊，你连个10Mbps口子的服务器去下东西那什么线路也没用啊"
0,"测速网站会自动选择最近的服务器"
0,"而你下东西和你文件服务器有关"
0,"文件伺服器會節省成本啊"
0,"那测速就没有任何意义了"
0,"而且跟硬件有关系"
0,"用了不用款的软路由+硬路由 测试 ，速度都不一样。。"
0,"联发科7621性能没有晶晨s805性能高，，，用的同一个节点，同一个电脑，同一款硬路由，同一个光猫，同一款网线"
0,"测速测的是服务器出口速度"
0,"你扯你本地硬件有什么意义"
0,"测了也不会有峰值的速度，，，"
0,"vps1G的共享口子，谁本地的撸油器能拉动vps的u谁就牛逼"
0,"下载也要看载体的带宽啊🤣"
0,"为什么测速能跑满，因为专业测速的放了足够的带宽给你测啊🤣"
0,"就像你从百度网盘下东西，同样的网络还分个会员和普通用户呢🤣"
0,"就得这么拉满才行"
0,"我們告訴你測速的意義不大"
0,"跟你解釋原因你說我們瞎扯"
0,"不一定，說不定他要做PCDN就真的不關本地的事了"
0,"PCDN的話測速真的就很重要了"
0,"@orion_sd 不好意思，不知道你要做PCDN"
0,"蛙蛙这么喜欢扣帽子？"
0,"还有你知道PCDN是啥吗"
0,"針對你的兩個問題"
0,"第一個我怕老闆群炸"
0,"PCDN我沒你了解，畢竟你有在做而我沒有"
0,"我只是知道他的原理和為何誕生而已"
0,"當然不如使用者了解"
0,"洛杉矶刚开始的时候，也挺快的，油管最快都到过10几万，不知道为什么最近怎么拉跨"
0,"那就好好学一下吧我记得NV在上海的那边招人还是挺多的然后工资给的也够高"
0,"重点是他们是外企不太996"
0,"现在欧洲有什么比较可靠的 AI 眼镜吗?我很想买一个"
0,"咱狐要是能进nvda属于祖坟冒青烟了"
0,"其实quest那种mr体验好的多"
0,"有没有大佬修改过 telegram 源码?"
0,"瑞士这边有四门官方语言"
0,"其实quest只要脸皮厚也可以日常使用（"
0,"简直了而且只要过了国界然后大家的口音不一样用的词汇也不一样"
0,"guagua你号呢"
0,"我过阵子也去考一下换 C"
0,"语言考试，然后换签证"
0,"这个申请完是能拿居住证吗"
0,"群友也是都过上北欧生活了"
0,"你是直接去考口试了么？"
0,"feng佬和guagua面基过没"
0,"不知道傻逼邻居在干嘛"
0,"lxc我连cpu监控都不开"
0,"全年满载不是挺好"
0,"一点资源都不带浪费的"
0,"机器到手就dd，然后改高位ssh，再装个ufw"
0,"遇到个奇怪问题  昨天日本节点不通了 ，测试服务器没事  端口也没事   "
0,"是vless 协议问题吗"
0,"L聊还没JP吧（"
0,"怎么自动给我关机了"
0,"我的也是被关机了"
0,"还以为新加坡出问题了，尝试重装，却连不上"
0,"还得再配一遍服务器..."
0,"没重装 把22端口改到61234并禁用22了"
0,"换高位端口 强制密钥登录🌚"
0,"这家vps，使用reboot竟然只会关机，还得登录控制面板启动vps"
0,"我刚才也遇到了🤣"
0,"sg evo77段的IP质量咋样"
0,"小鸡怎么自动关机了"
0,"还真是 刚发现自己关机了"
0,"我3个怎么一台没被关过"
0,"我直接重装了 没改 SSH 端口"
0,"重装了端口就是61234了"
0,"收到 今晚爆破61234"
0,"今天停机了，端口强制改成了61234，之前一直是密钥登陆，现在密钥也废了，服务商后台给的密码也登陆错误，后台VNC一直在乱码，根本来不急输入密码。 "
0,"商家这是要作死的节奏吗？"
0,"重装系统过一会又给重置了。"
0,"VNC你等下就好了"
0,"我等了二十分钟了还是在刷屏，根本停不下来"
0,"CTRL+C 或者 CTRL+Z 给停下来吧"
0,"根本不支持快捷键，控不了住"
0,"那就是没装完 没跑完呢吧"
0,"左侧 用控制面板去控制吧"
0,"跑什么？我今天重装了两次系统了，都是过一会就自动关机，强制改端口"
0,"PVE的VNC就这德行 不好用"
0,"SG-Lite-512M"
0,"控制面版就这几个功能建，没用"
0,"嗯呢，后台装的系统"
0,"你的意思，直接DD？"
0,"端口是61234"
0,"这服务商太恶心了，还私自关机改端口。"
0,"端口必须是61234吗？"
0,"不关机 CPU% 早上 被扫了"
0,"是的，我装完就换了其他端口，然后过一会就强制改成61234并关机"
0,"怎么感觉被攻击了一样，全是防火墙的日志"
0,"它刷新的就是防火墙日志。"
0,"现在什么行情。 我这是老机器 1刀每月的"
0,"我拿到机器第一件事情就是改SSH端口。关掉ICMP。"
0,"到期别续费了现在改不了邮箱"
0,"这服务商要卸磨杀驴？"
0,"刚准备买，进群来看看"
0,"走吧，去别家看看。"
0,"1U机 都是福利机"
0,"给你20 卖我不会用卖给会用的"
0,"最开始SG-Lite 512M是0.5刀"
0,"不改邮 不行，我这个邮箱是我的主油箱"
0,"1U新加坡那找去"
0,"问一下，sg evo这77和217是有啥区别"
0,"后面涨成了1刀续了几个月就没续了"
0,"U不一样 配置77高 网络差不多 移动开心"
0,"是的，后来涨价1u 那倒无所谓了，主要是强制关机，强制改端口就恶心我"
0,"这么多1U机就你出问题"
0,"估计换IP都没的换，发工单根本没人理"
0,"有自动构建的每夜版: https://github.com/0ranko0P/TiebaLite/actions/workflows/build.yml"
0,"你不说我还忘了，待会儿写到项目说明里"
0,"有人在小黑盒宣传了"
0,"这种傻逼赛博传教士是不是觉得自己很大慈大悲 带给人们爱与光明"
0,"其实如果不想别人推广的话，最好还是在readme里面写一下吧，可能有人是真的不知道"
0,"作者确实没写禁止在国内平台宣传啊，现在应该讨论的是要不要禁止国内平台提及，而不是骂盒友"
0,"我个人行为 无关作者"
0,"忘了那个在b站发tblite的哥们了吗"
0,"类似还有在b站分享b站第三方的赛博圣人，真无语"
0,"反正在墙内宣传的国内大厂软件的第三方没见过哪个能独善其身"
0,"这哥们可能不算群主停更的根本原因 多少也算是导火索了"
0,"但凡有点脑子都不会宣传"
0,"我记得以前一些xposed模块只是禁止在宿主平台宣传，其他国内平台不禁止"
0,"我觉得只要遵守作者的规定就好"
0,"现在bl都没快没得解了"
0,"我也说了，我遵守作者的规定"
0,"虽然但是，厂商限制 bl 解锁跟 xp 模块🈶直接关系吗"
0,"法无禁止就看公序良俗个人品德了"
0,"XP模块虽然可以直接打包进APK用，但这个容易被软件厂家针对"
0,"比如微信QQ 免root打包就容易死"
0,"还是解锁root更靠谱"
0,"从小米的答题和三星的物理熔断看，他们限制用户解bl主要是为了提高门槛以降低售后成本。跟宣传模块没有直接关系"
0,"Ai味儿有点冲了兄弟"
0,"还是良心大大的坏了"
0,"现在也有人冲着碎屏险，然后在要到期的时候人为破坏屏幕"
0,"到最后的结果也只是厂家提高碎屏险的价格罢了"
0,"他惋惜牛魔酬宾 要不要猜一下为什么会惋惜"
0,"遥想小米6坚挺到什么时候假如后期补限制BL的情况下多出几款类似的机子厂商新机给谁用啊"
0,"这么宣传下去过阵子大概是又要死了"
0,"建议仓库归档了吧("
0,"我觉得可以放到 Actions 里"
0,"这样他们在 Release 就找不到 apk"
0,"然后又去问赛博传教士"
0,"不给release"
0,"纯actions出"
0,"Simple live就这样"
0,"无所谓，有多少人会上GitHub"
0,"传教哥都喂仓库链接还教人去 Release 下载了"
0,"😁在很多人眼里，现在8GEN3都是过时性能了"
0,"这个不建议 我还要用Obtainium获取软件呢:)"
0,"统一管理软件更新 最讨厌软件自更新了:)"
0,"还好不是直接给百度网盘"
0,"界面很好看还有模糊效果 唯一不足是底部导航栏滑动时不会自动隐藏"
0,"当初不是py清退，还有z.io什么事"
0,"拿大盘自建网盘的🙈"
0,"vpstown都是避难所"
0,"z.io是哪家啊"
0,"我cnf全套首发"
0,"https://console.zouter.io/login"
0,"我好像差个72hkd"
0,"还有个那个免费鸡"
0,"好商家，就是挨打"
0,"zouter我不在车上了"
0,"大盘用作自建网盘，arm用于测试docker"
0,"https://www.nodeseek.com/post-487522-1"
0,"有没有amd的u啊"
0,"151的段挺无敌的"
0,"https://www.nodeseek.com/post-521091-1"
0,"cnf的lax解锁也可以"
0,"线路+解锁，也挺有性价比的"
0,"有需求大盘就买zouter"
0,"最近感觉毕业了 啥都不缺"
0,"被cnf的阴魂缠上了"
0,"大佬怎么收上zouter了，多收两台，帮我也收一台"
0,"我都是发着玩的，不指望收到"
0,"同时具备那两个的太少了"
0,"而且你要移动快乐机现在能用的不建议选他们家，已经挨揍了好长时间了 经常嗷嗷叫"
0,"你说z.io家的那两款？"
0,"现在v6好像也绕了"
0,"收了也是放着，没必要"
0,"他想表达你是小骚比"
0,"@AS152672 出来解释一下"
0,"py这沙币，发个消息就不见了"
0,"不会这个点还在泡滴滴吧"
0,"666，跑魔怔了"
0,"不去买辆百吨王开？"
0,"我这tg聊天窗口，总是出个草稿，大佬们知道咋回事吗"
0,"是有，但是清除，或者发了，还会出现"
0,"检查检查你是不是有啥定时任务"
0,"自动发消息之类的"
0,"我感觉可能是节点到tg丢包，删文字的数据没同步过去"
0,"为毛hills能正常播放啊"
0,"小幻能不能恢复默认设置"
0,"右键软件，设置，重置"
0,"但你的服都会全部消失"
0,"你试试开连接复用"
0,"好像不是这原因，重置后是一直开着的状态"
0,"难道是要关掉这个才会正常吗"
0,"#反馈 播放墨云阁 007大破天幕杀机，直接显示播放器加载失败。。手机端的软件能正常看"
0,"各位有遇到过吗？"
0,"可以去direct message那反馈，可以防止被刷下去"
0,"Windows版本是多少"
0,"第一次使用，默认配置"
0,"显卡驱动版本是最新版本吗"
0,"不播放视频界面正常，播放视频后这样"
0,"主要是付费了，不然我也不想追打tg😂😂"
0,"只知道最新，没注意到版号"
0,"在外面，等会回去看看"
0,"最新是591.86"
0,"我打arc专门更新过"
0,"回去后首先检查版本号，其次将解码改为d3d12"
0,"跟显卡可能关系不大，出问题后更新过还是这样"
0,"不过我尽快回去截图"
0,"妈啦，速度又卡掉了，显示3m，实际没速度什么情况啊"
0,"重新安装问题解决"
0,"这个调用外部播放器为啥就打开 也不加载列表也不播放啊 什么原因啊"
0,"有那种跟新快的emby吗 找了俩个都不是当天更新"
0,"找不到 这不在群里问问"
0,"什么播放器，仅支持mpv，连mpv.net都不支持的"
0,"不是可以给开发者发红包买激活码吗"
0,"那兑换也要走商店啊"
0,"订阅rss源自动下载刮削"
0,"嗯，我回去重新下载看看行不行"
0,"微软商店应该不好使了"
0,"我也好奇有没有这么干的公共emby"
0,"我是自建的jellyfin，不过追新还是得夸克网盘等转存推送"
0,"不玩PT感觉没什么更好的追新渠道"
0,"追新番的话直接订阅个巴哈源的bt比如Ani"
0,"那肯定，现在就用着刚发消息这位wushuo的anirss"
0,"直接上appltv"
0,"用完不会想用别的"
0,"家里人整不明白iOS tv啊，我自己用的是appletv，我能折腾，他们整不明白我还得去弄"
0,"直接折腾好插上电视"
0,"🥹账号，infuse也直接用我的呗"
0,"土豪怕什么都用上inf了"
0,"为何一定要atv"
0,"遥控掉了还有手机"
0,"什么盒子都能手机控制"
0,"数据同步也不能吧"
0,"大多是要同在一个wifi下"
0,"我是用cetusplay加landdrop，一个遥控器一个传文件"
0,"appletv自动秒同步"
0,"盒子没什么可折腾的，也没什么好用的软件，适配都不太行"
0,"应该很难，毕竟是中文用户占大多数，你可以用外挂字幕来解决（需要播放器支持，例如nplayer"
0,"Wiki时不时坏掉，请挑选以下能用的（备份的需代理）"
0,"Wiki中部分信息可能滞后，建议优先参考置顶消息"
0,"互联网备份Wiki需要全局代理打开，且是静态镜像，无法搜索"
0,"大佬，我的号快要到期了，现在的服的号和新服是的号有联系吗？我需不需要再答题或者消耗积分来维持我的号"
0,"服务器都停了 还维持啥呢"
0,"建议续命，没号的肯定不可能无条件上车"
0,"哪位大佬知道如何给播放界面增加双字幕"
0,"一个主字幕，一个次字幕"
0,"实现双语字幕同屏"
0,"可以直接找双语字幕的字幕源，同时显示两个肯定no"
0,"跟我报了1天的错了"
0,"人家本来就不太会agent"
0,"要么cli里用可能会走独立接口"
0,"现在agent玩的好的就claude和codex"
0,"我是看他量大才用的gemini3pro，这么看的话我好像没有那么多额度用"
0,"glm-4.7-flash也挺好的"
0,"antigravity+copilot，我就这点额度"
0,"codex只买了一个月的，快到期了，，"
0,"其实我去年也有想法"
0,"今年会有agent优化的小模型出来"
0,"能不能在tg上控制我甲骨文的ai"
0,"这个多次消息怎么调出来的"
0,"用这个来识别模型指令遵循"
0,"我不希望他一段一段的给我发，希望可以多段变成1条1条的发"
0,"有同事在公司的测试机器上部署了这个bot"
0,"它这个就是跑完了然后一条一条发（）"
0,"让他自己把自己干掉"
0,"重新拉另一个模型起"
0,"中途看不到进度（）"
0,"8卡5090上本来起了个glm"
0,"然后把他自己干掉了"
0,"啥模型能看到进度吗？"
0,"起了个minimax的"
0,"我这里都不看进度"
0,"是openclaw的问题"
0,"minimax agent不行"
0,"你用controlui就能看到"
0,"发到telegram就是只有最后完成了才会发"
0,"就是玩具博人一笑"
0,"想便宜可以haiku"
0,"claude 的三款模型特性不一样"
0,"不是能力高低的问题"
0,"就是haiku为日常对话优化比较多"
0,"sonnet比较通用"
0,"opus 拿来做角色扮演很容易脱戏"
0,"还需要很复杂的提示词调教"
0,"gpt的话你agent.md里提一嘴，文档和注释欲望就能被压制的很彻底，经常几百行代码写不出几行注释 就和你古法写代码一样"
0,"要求思考的时候考虑人设/环境啥的"
0,"haiku就不需要这么麻烦"
0,"所以总结下来如果拿来做chatbot的话haiku - sonnet就够了"
0,"opus纯属吃力不讨好"
0,"这个我前两天就说了，最近claude的模型劣化的厉害，应该是要出新模型了"
0,"现在sonnet4.5和蠢猪一样……"
0,"哦这样，那如果需要用一些agent能力，比如浏览网页什么的，是不是sonnet好一点"
0,"为啥会忧郁捅了猪窝了?"
0,"https://store.steampowered.com/app/2989270/A_Tithe_in_Blood/ 原来 Studio Élan 也会出日语游戏"
0,"今天大家购买力这么强"
0,"政府部门那是工作需要"
0,"90502224"
0,"2019我拿走咯"
0,"早上和中午的时候有车也没见"
0,"上周开了也没几个买"
0,"200港币保1年"
0,"携号转网要用自己的实名"
0,"要两边实名是一致的"
0,"如果不实名能用多久？"
0,"不实名只能上网用"
0,"3HK 不实名短信用不了"
0,"未成年怎么办啊？"
0,"今天比上周人多多了"
0,"还是那个方法用料子"
0,"把二维码发给别人就行了，没地方可以私给我😂"
0,"好像今天又没谁水10了"
0,"你要送群友 那就直接把二维码发群里。要群友送你 那还是别多想了😂"
0,"这个可以用优惠吗？"
0,"你怎么搞到两张了？"
0,"需要把自己手机上已经写上的删了吗？"
0,"9.9我就买了一张"
0,"你不是搞到一张v0max了吗？"
0,"我v1 mini还有10张。。。"
0,"这个我就抢了两张，感觉兼容性差点。凑合用😂"
0,"v1 mini 我都写cte送任了"
0,"你到底下了多少？"
0,"v0mxa Setup也有"
0,"人家不要切卡功能"
0,"群友一个个都是人才"
0,"没有办法实名，所以先送了"
0,"我给你个料子，你自己实名吧"
0,"v1 mini 挺好的"
0,"就是一般不太会用"
0,"跟estk同款芯片"
0,"谁手上有巴西的人脸料子？"
0,"一证可以注册10个号，"
0,"？？AA 啥时候进群"
0,"你是这次没买还是啥？"
0,"看他们都抢到了3a"
0,"鸦片上瘾的 一般的号码根本看不上"
0,"我上周刷到的都是444"
0,"主要前两天上太多号了"
0,"还有啥能免费低价买的号码"
0,"这两天质量都不错"
1,"✉️❗️❗️❗️❗️❗️❗️❗️❗️❗️✉️ 🔥😵‍💫🤩😵‍💫😵‍💫😐😛😐😛😛😛😐 ⭐️☹️😫😲☹️😲😫😫😲☹️ 💎😭☹️😭😫☹️😭☹️😫😭☹️🙄 😵😴@TrumpMAGASign83Bot 💎😴@TrumpMAGASign83Bot 😵😴@TrumpMAGASign83Bot ⭐️😇😭😕😭😕😇😇😕😝😝🤩 💎😝🤩😡😕😝😇😝😇😐"
0,"有没有便宜的美国流量 escm 呀？"
0,"是周末莫名其妙又补了一轮"
1,"需要giffgaff号码eSIM速度了，充十送十活动还剩最后一天，给你实体卡激活码，三天内赠金全部到账后，可以协助接码转eSIM二维码，先到先得，没有信用卡可以找我购买充值券，也可以全程代充值激活"
0,"看看你们压箱底的"
0,"然后星期五才补的😂"
0,"还有十几分钟就没有充十送十了"
0,"是北京时间吗冲10送10"
0,"这个应该按英国时间算"
0,"为啥想要这个号码"
0,"水王还在用自己写的刷"
0,"这个不是3hk 号段的"
0,"好像是明天十二点过后"
0,"今天又没机会抽奖了"
0,"我感觉一天好像都在聊天"
0,"但好像也没发啥消息"
0,"被等下又是断层领先了"
0,"3A不是清了，还有这么多"
0,"3a 这一批放出来的就30个了"
0,"其实群里没卖走多少"
0,"看到的多了 都不感冒了"
0,"我确实是好久没买了"
0,"可能觉得好点的就水王那个"
0,"感觉有点屌的都被水王买走了"
0,"各位，请教下，有没有类似eskimo的有先试用的us流量esim"
0,"感觉这两个确实还不错"
0,"我上次买还在一个月前😂"
0,"的确没刷到心动的号了"
0,"付费美国流量都不多（真家宽）"
0,"笑死 我其实是在水群"
0,"😂怎么水了半天 排名没动呀"
0,"前十都水多少了啊"
0,"怎么追都追不上了"
0,"好像10刀一个g？"
0,"今天一会没进来上千条信息"
0,"水了半个多小时而已"
0,"b 不过我也没买🌚"
0,"感觉还是挺不错的"
0,"话说提供商是哪个？"
0,"这个套餐能续费吗"
0,"中了送群友，昨晚等你抽奖等半天"
0,"tello 用的太贵了"
0,"而且真的基本都是吃灰"
0,"便宜的红包卡是att贵的红包卡是tmo"
0,"昨晚就两个人，今天早上抽掉了"
0,"我知道，白天抽的嘛"
0,"想换个便宜点的了"
0,"昨晚好几个等你抽呢"
0,"但好像群里有人说红包卡有啥问题又转回 tello 了"
0,"人太少了，没意思"
0,"忘记是哪一位大佬说的了"
0,"话说现在30刀的还能买不"
0,"看看今天什么幸运儿"
0,"话说我第一个CTM还没有用多少g"
0,"不刷视频，根本用不完"
0,"可能就用了几个 g"
0,"跟你们聊天这流量都不咋动"
0,"不刷视频感觉更不用不了多少"
0,"应该今晚没我的事了"
0,"去年3hk 45g"
0,"还有10多个 g 剩余的"
0,"还好另一张送朋友了"
0,"giffgaff选哪一个套餐？"
0,"你之前想中中不到"
0,"富哥们，一个捐点吧。"
0,"115分享修复了？"
0,"夸克是假的302，没什么用"
0,"修复了 但没更新"
0,"action里能下"
0,"买了，资源太多了"
0,"感觉nas要完蛋了"
0,"nas 毁硬盘蛮快的"
0,"我最老的两块7w多 还兢兢业业呢"
0,"有谁知道飞牛漏洞"
0,"前几天不是才有一个"
0,"哪家nas要是没出过漏洞 那他一定是卖不出去"
0,"https://www.bilibili.com/opus/1164709179848392707"
0,"夸克没会员，oepnlist挂载速度就是0k吗"
0,"夸克88会员都只有2MB多"
0,"还没买，先调研下"
0,"那不知 不买阿里系"
0,"V站 和L站 可热闹了"
0,"还好我根本没钱玩Nas"
0,"我发现群里的都是买，别的群都是白嫖"
0,"我这里刚好有一个比较老的文件共享系统"
0,"我这两天也频繁出现这个问题。"
0,"感觉不像是硬盘的问题"
0,"还好我没钱买硬盘"
0,"在担心是不是最近0day漏洞病毒导致的。"
0,"但是我用官方脚本查杀没有发现异常。"
0,"我的openlist还是4.1.8"
0,"不用他穿透的不用他相册的好像不用担心他这个漏洞"
0,"我坚信能跑就不动，除非有我新需要的功能。。。"
0,"还是要偶尔更新一下。"
0,"我用debian😂"
0,"还是要更新的，安全漏洞也会随更新修复"
0,"可能他说的是openlist"
0,"目前来看不存在没有安全漏洞的、且需要联网的软件，只是看有没有被发现。"
0,"所以防火墙很关键。"
0,"openlist之前修改docker的权限问题，也是降低风险。"
0,"ios都时不时的有鉴权漏洞，没有完美的代码"
1,"操你爹的，欠一屁股债还磨蹭？速度跟我签约！一周回血，两个月买路虎，详细看煮叶"
1,"致力于让每个人都能用得上靓号！"
1,"急招几个能熬夜的战友，跟我干到月底，下个月迈巴赫直接停你楼下，说到就得做到看简介"
1,"8位靓号地址才10u"
1,"新项目操作手机2个小时左右，日结④佰U，过年期间能在职最好，三倍工资。别拿那个说一天几千几万的比他要能给你当我没说。抓紧时间看我见解！"
1,"轉 ∪一次仅需0.3тr.x！"
1,"¿Te da miedo escribirme porque soy una mujer independiente? Solo busco alguien con quien compartir mis días 🌸 escríbeme. https://miene.site/3izu_T / Join Channel: @abccas669"
1,"Busco una relación estable, estoy cansada de estar sola. Si estás soltero, mándame un mensaje al WhatsApp ahora ❣️💍 https://meelode.online/3ON02W / Join Channel: @chiasdwhermosas"
1,"Hola, soy nueva por aquí y no tengo amigos. ¿Algún valiente que quiera hablar conmigo? Te espero en el priv 😇✨ https://crush669.space/CJEEQ4 / Join Channel: @sadjiwoad"
1,"quiero conocerte enviarme un mensaje bonito?❤️hablaremos bien rico por WhatsApp✅ https://meaane.site/4c92C6 / Join Channel: @chermosas69"
1,"Solo porqué tengo 30 años no me harás caso 🥺 quiero hacer amigos, escríbeme priv 😋 https://meelode.online/pTmvvT / Join Channel: @chic9"
1,"Phishing alert: Te enviamos un mensaje de verificación. Haz clic en el siguiente enlace para confirmar tu identidad: http://bit.ly/verify2025"
1,"Selling complete CVV credit card information "
1,"去你妈的，现在有多不好找工作你不知道？跟我干一天8w不是问题，一个月提路虎，看我兼届👍"
1,"👍去你妈的，现在有多不好找工作你不知道？跟我干一天8k不是问题，一个月提宝马，看我简届"
1,"马上直播宝宝来看我抠b,"
1,"来个人帮帮忙b痒了"
1,"我在直播泥鳅进b"
1,"带两个缺钱的兄弟，给妹妹拍照，一张1000，肯学包教会，看簡介"
1,"小额收mi 一天8k @em888"
1,"想穩著做的，進內部跟單看看實力。免fei @ws9w9"
1,"你缺的不是行情，而是方法· 免fei進群跟單 @whufesa"
1,"进群看我直播扣b水多"
1,"请说公主给你看B"
1,"BB痒了正在直播"
1,"下面流了好多水痒"
1,"B水好多 来个人舔b"
1,"白沙娛樂，註冊送①⑨.⑨⑧起，给您拜年啦， 新年快乐，首存送③⓪% @BSYLC_BOT EXkoQi"
1,"一部手机一个号｜每天都能做｜稳定日结 @qwe8852000"
1,"飞机群发助手｜超稳运行·日发百万群💰 @lilikfJ"
1,"高防钞源头一比一手感过BC机可检测 @wusuorenshrn"
1,"✅转U安排上｜0.5TRX免费｜ @K9trx_3bot"
1,"不想被收割就走这条｜0.8TRX免费｜@hzltrx0"
1,"🧠 🧾 新币0.8TRX 直充U｜成功率高｜转错必退 @A2200Bot"
1,"草你妈 不想上班的来，上个P的班 来帮我干活，随随便便6万多小白也可以 一个月包提奔驰AMG 看我检界"
1,"我日你死妈 还在为了那点逼贷款发愁？一天8万多随便拿 安全简单不实名 新手都可以一个月提宝马M4 看我简届"
1,"Т᠎᠎RUMР Wallеt 🚀 Fаst еntry‍. Сlear steрs. Вig opрortunity. Oреn thе bоt аnd seе fоr yours⁠еlf. ▸ TrumpАirdrорVerifyЕarnВоt ▸ TrumpАirdrорVerifyЕarnВоt ▸ TrumpАirdrорVerifyЕarnВоt 📢"
1,"💎 TRUМP Wаllet 💎Thе сrowd thаt mоvеd eаrly?Alrеady ‍insidе﻿.Th⁠е сrоwd thаt mоves nоw?Still in t​imе.Oрen ТRUМР Wаlle᠎t.🎊▶️ТrumpVaultVaultHubGatе🎊▶️ТrumpVaultVaultHubGat🎊▶️ТrumpVaultVaultHubGatе🌟 Gе﻿t yоur spоt — оpen thе bоt"
1,"🔞 WATCH NOW EXCLUSIVE H@RDCORE P0RN COLLECTION FOR FREE! ⏳ 4 FREE SPOTS LEFT! https://shorturl.at/sK4bh https://shorturl.at/sK4bh https://shorturl.at/sK4bh"
1,"在找0.8TRX转U免手续费机器人｜谁知道 @A2200Bot"
1,"深圳男士康养体验｜泰国筋疗｜专注品质｜深圳罗湖私信 @mmtnyq"
1,"手机远程控制新方案，免费测试，行不行一试便知 @shiyuan100"
1,"📊 转U新路子｜新币 0.8TRX 免手续费｜即用即走 @A2200Bot"
1,"转U别当冤种｜0.5TRX免费｜@K9trx_uubot"
1,"群主强推｜新币 0.8TRX 免手续费转U @A2200Bot"
1,"💎0.5TRX 转U福利｜直接来｜@K9trx_2bot"
1,"𝐓𝐑𝐔𝐌𝐏 𝐖𝐚𝐥𝐥𝐞𝐭 💫 𝐓𝐡𝐞 𝐛𝐨𝐭 𝐢𝐬 𝐨𝐩𝐞𝐧. 𝐓𝐡𝐞 𝐝𝐫𝐨𝐩 𝐢𝐬 𝐥𝐢𝐯𝐞. 𝐓𝐡𝐞 𝐜𝐨𝐦𝐦𝐮𝐧𝐢𝐭𝐲 𝐢𝐬 𝐠𝐫𝐨𝐰𝐢𝐧𝐠. 𝐀𝐥𝐥 𝐲𝐨𝐮 𝐡𝐚𝐯𝐞 𝐭𝐨 𝐝𝐨 𝐢𝐬 𝐬𝐡𝐨𝐰 𝐮𝐩. 🎊▶️@TrumpWalletBot 🎊▶️@TrumpWalletBot 🎊▶️@TrumpWalletBot ⚡ 𝐆𝐨 𝐧𝐨𝐰"
1,"ᴘʀɪᴠᴀᴛᴇ xxx ᴄᴏɴᴛᴇɴᴛ ᴄᴏʟʟᴇᴄᴛɪᴏɴ ɴᴏᴡ ꜰᴏʀ ꜰʀᴇᴇ! ⌛️ 5/30 sᴘᴏᴛs ʟᴇꜰᴛ! https://shorturl.at/SGAFN https://shorturl.at/SGAFN https://shorturl.at/SGAFN"
1,"他主页的社群勝率真的是太恐怖了！我用200U跟著他操作了五天，居然賺了10000U，今天一單就賺了三千多U，我決定以後就只跟著他做了 @Ailaba9527"
1,"搬砖搞美刀天1ooo"
1,"手机搬砖天4位数起"
1,"给妹妹拍照，一张1000,轻灰铲，想做的看簡介"
1,"老用户验证｜新币0.8TRX免费转  @D220Bot"
1,"不多哔哔找几个靠谱兄弟，一天8万打底，懒人别来 年前提保时捷卡宴，看我筑页安排"
1,"欢迎老板来玩 高质量 清纯 小萝莉"
1,"少妇、双胞胎、高端外围，包爽"
1,"白沙娱乐，新年快乐，註冊送19.98起，首存贈30% @BSGJF"
1,"🚫转U别被高费率宰｜新币1TRX免费 @TT550Bot"
1,"招几个有时间玩手机的，日结④佰U，过年期间三倍工资，一直到正月十五！抓紧时间看我见解"
1,"印尼双向短信0.044一条，回复免费 @LSJT4444"
1,"开工开工，找几个真心踏实的兄弟姐妹一起干活，入门就会，现结保底一天1w起，看我简洁"
1,"💎 白虎包养防骗指南｜识别套路 · 保护真情 · 可担保交易 @baihuhuiaoliu"
1,"柬埔寨木牌会所｜多地同步营业｜在线优先 @myhs"
1,"🏨深圳泰式男士调理｜环境舒适｜注重隐私｜深圳罗湖 mmtny（vx）"
1,"猛啵美高美，上分最低100，下分也是最低100 充值 上下分 汇款方式：金沙PG游戏上分最低一百块起，下分最低五百块网银支付宝微信手机上打牌的私信我哦 百家乐牛牛龙虎炸金花PG游戏等等……"
1,"新澳内幕码免费进群体验公开可见！懂的来"
1,"🔑假/弊、精仿/假钞 可嫖娼 可毒品 可赌博可担保 @xianxia"
1,"艹他妈的新象目 无门槛 安全简单 大哥带我 @Lmx1688 一天5w起步  想搞钱快来找他！"
1,"費進群——領取倒U授權秘籍--新手1v1免費教學👈點擊主頁"
1,"网贷逾期了，想找个哥哥补贴生活费，床上功夫好!"
1,"现成项目‌资源⁠池 小白能做⁠ 老手能放大 小​资金能滚 大资‌金能扩。不卖课，不画饼。我出项目和资​源，你‍负责入‌场执行 @ShanHaiZiYuan"
1,"不按头，不实名，安全搞米点头象"
1,"🔍透明化投放｜TG广告代发稳准快 @lilikfJ"
1,"黄金赌场 按摩 嫖娼 烟酒店KTV消费 都能用的假钞  💍 @xianxiaJF888"
1,"我靠, @wwws125 你主页社区胜率简直太恐怖了，跟了半个月从200u翻到80000u，今天一单就挣了3000U，为什么不早点告诉我们，太自私了！！！"
1,"120分钟价格：一线城市1800/pp起 其他城市1200元/pp起"
1,"零丰险，天天1ooo"
1,"来几个朋友拍昭 一天三仟来块"
1,"拍照也能发家致富 好好干一天1000U上下， 欢迎进群找陈总了解: https://t.me/+izAQe7k4g0wMDhk"
1,"黄金 👜👛赌场 按摩 嫖娼 烟酒店KTV消费 都能用的假钞  💍 @xianxiaJF88"
1,"过个年都是在担心自己的网贷打电话，现在一天6w多都不来跟老板勤恳做吗，包提宝马7系😀看我检截👍"
1,"多省运营商机房寻长期稳定集团合作jie chi 流量。列表类型:综合 qp se 等!  欢迎咨询飞机: @naoa2"
1,"源头直出: 影视量，运营商劫持量，欢迎各大厂商前来咨询，联盟勿扰 咨询飞机: @sun9"
1,"搬砖日入1000"
1,"开工开工，找几个真心踏实的兄弟姐妹一起干活，入门就会，现结保底一天1w起，看我简洁 招募几个做事的人 无压力"
1,"下面痒痒的😜有帅哥裸聊聊吗？"
1,"他主页的社群勝率真的是太恐怖了！我用200U跟著他操作了五天，居然賺了10000U，今天一單就賺了三千多U，我決定以後就只跟著他做了 @Ailaba927"
1,"這個社區也太吊了，每天都有固定盈利！勝率高達80%以上 你為什麼不早點給我說！！@bitgetTWmagicc"
1,"免费看片软件 https://d15121.top"
1,"䵤U 1:3兌换可进铰易所 @n074n"
1,"百分百回能量 转错包退 @sssssssss 简介有公群"
1,"带你翻身上岸 一天搞8k 看简介"
1,"📱抖音官方主推项目｜一号一天可做｜工资日结 @ABC48465"
1,"TRX 能量 开会员 全球飞机号 全网最稳 押金3万U"
1,"1：1精品红牛 可过B/C @HNQFlo"
1,"⬆️點擊上方加入加密頻道⬆️"
1,"兄弟们大半夜的还在找片打飞机吹牛逼呢？有空来帮我干活一小时八万保底六万，一个星期包提奔驰e300😄，看我剪届👍"
1,"操泥马逼，过年之后怎么搞？ 一天7万多，保底5万，缺几个一起猛猛干的兄弟，宝马M8😀随便提，不说废话，看我检界👍"
1,"@QS256a  🥳🥳懂事的兄弟来..不需要本.2K一天 "
1,"@QS256a 💯事找人，在找事的兄弟来，不需任何投入，可以先考察一下 "
1,"TRX兑换 能量笔数 飞机会员 @sssssssss 有公群"
1,"📉高费率退退退｜0.5TRX 免费转U｜@K9trx_kkbot"
1,"彩票‌交流群【禁‌广告​】超​准计划，不定时‍发红包：​ @caipiaojiaoliu"
1,"给妹妹拍照，一张1000,轻灰铲，想做的看簡介"
1,"他主页的社群勝率真的是太恐怖了！我用200U跟著他操作了五天，居然賺了1000U，今天一單就賺了三百多U，我決定以後就只跟著他做了    @Ailaba9527"
1,"下面痒痒的😜有帅哥裸聊聊吗？"
1,"赚钱项目  日赚千元  折出礼品卡 招车队"
1,"🌿你妈 不想上班的来，上个P的班 来帮我干活，随随便便6万多小白也可以 一个月包提奔驰AMG 看我检界。"
1,"艹他妈的新象目 无门槛 安全简单 大哥带我 @Lmx1688888 一天5w起步  想搞钱快来找他！"
1,"开工啦，一天五六万都还在犹豫吗，还在每天吃那个逼泡面？来跟老板勤奋干，包提保时捷911😀看我减结👍"
1,"在這裡跟單免費，@hysq159159   每天3-8單， 直播間实时單和技術教學"
1,"@QS256a  🏃🏃想挣钱 想安全 诚心干的来 "
1"都他妈听我逼逼两句，赚钱点我主页，一天4.5万"
1,"日他妈的，赚钱点我煮叶，一天3-7万"
1,"操你妈，来几个一起猛干的兄弟，一天3万多，包提奔驰😀，想做的请看簡介"
1,"接文爱，女生可验证，🉑长期线上，提供你前所未有情绪价值❤️❤️❤️"
1,"不收任何费用✈️带你年底帕拉梅拉✈️有意向来私"
1,"旧版网页版 TextNow (TN) 可用，请私信联系我"
1,"📱  @pvanumber7121 — 100K+ numbers per day, over 180 countries. API access. Receive SMS on virtual numbers. On the site: prices, number availability and API to explore. Wholesale prices and discounts — contact support on the site."
1,"🔥 道生一‌ 广告 代发 全行业覆盖⁠，精准群轰炸 美国​ 加拿大 双⁠向 短信 群‌发 不禁言交流群⁠: @jlq88888888 出‍海交‍流群: ⁠@FRRCN"
1,"售国卡抖音 微信电话卡"
1,"地推网推6元各APP接🐎"
1,"零丰险，天天1ooo"
1,"有吱付.宝速来 一单40O 秒结"
1,"支付宝全系列V2V3个体企业1拖4 @SSGGa"
1,"能进铰意所冻结包赔䵤U 1:3.7兌换"
1,"香港一手api卡商，接微信，抖音，ws，Q，淘宝，京东等冷门业务注册换绑接码 客服：@api669"
1,"三K多拿下水果17 @DsiPhoen17"
1,"金牌售后：包登录，包找回，单价150，现货秒发 @yuntt0507"
1,"纯bc料 招卡U车 码U车 量大 车队中介来聊"
1," 找几个兄弟，今晚跟我冲，下个月开奔驰，谁鸽谁是孙子看简介"
1,"出黒U 1:3 珈头像"
1,"我日他妈的 还在为了那点逼贷款发愁？一天7万多随便拿 安全简单不实名 新手都可以一个月提保时捷911 看我捡界🥰"
1,"⁠🇺🇸 TRUMP‌ Wallet 🎁You're reading this.That‌ means you still have time.Use it.‍⁠① Op‍​en the bot② ‍Follow the guide③ Lock᠎ it‌ in→TrumpWalletLink (https://bonus7.trump-links.icu/15em)→TrumpWalletLink (https://bonus7.trump-links.icu/15em)⚡️ Go — time i᠎s running ᠎out"
1,"操他妈的臭逼 还在为了那点逼网贷烦恼？一天8万多简简单单 安全简单不实名 新手都可以一个月提玛莎拉蒂总裁😀 看我剪届👍"
1,"还在家里躺？又不甘心一个人躺？来跟我干下个月娶老婆一起躺看届介"
1,"来跟我干下个月娶老婆 看我简介"
1,"想草B，又缺米，就来找我干，一天好几个w,想来的看剪届👍"
1,"工开工，找几个真心踏实的兄弟姐妹一起干活，入门就会，现结多劳多得，看我简洁"
1,"找几个兄弟，今晚跟我冲，下个月开奔驰，谁鸽谁是孙子看简 介"
1,"🎬动漫˙国漫˙动漫电影˙日更新 @Weiduanju88"
1,"淦你妈的，整天混什么玩意？一天七八万一个星期开迈巴赫，看我简洁进去安排 不安头不收米"
1,"沃这有个好陆子。能让你过个好年，看看也没事。👀我竹叶"
1,"wo有陆子👀我主业"
1,"窝这边有个好路子。想搞点米也不难，瞅瞅先👀我主业"
1,"喔这有个稳陆子。每天整点零花，看看就懂👀我竹页"
1,"沃这儿整了个新路纸。小白也能弄，先瞄一眼👀"
1,"我这有点小路子。搞点外快不费劲，细看👀我主页"
1,"窝手里有个好路紫。想过个肥年可以看看👀"
1,"沃这有点门陆。想整点小收成的来瞅👀我竹页"
1,"喔这边新搞的路子。懂的都懂，瞄一眼就行👀"
1,"我这有个小套路。慢慢搞点米还是可以的👀我主页"
1,"沃这有个偏门路子。想整点外块的来瞄👀我主业"
1,"操你m的 还在为那点破💰发愁？一天7w+ 看我简🔗介"
1,"还在打工？跟我干 一天6w＋ 新手也能做 看我主叶"
1,"想💰想疯了？那就跟我干 看我简 介"
1,"一天3w-8w 稳定下车 新人带 看我主页"
1,"来几个兄弟一起搞💰 下个月提Benz 看简 介"
1,"zhuan💰项目 一天5w+ 不实名 看简介"
1,"还在为贷款烦？一单8k 秒结 看我主ye"
1,"穷怕了？来搞💰 一天4万+ 看我介 绍"
1,"日入5w 项目 稳定车队 看我简ℹ️介"
1,"真项目 不割韭菜 看我主 页"
1,"支f宝 收💰 秒结 一单400+"
1,"zfb代收 量大稳定 私聊"
1,"支F宝V2 V3 个体企业 接口"
1,"zfb收款通道 一拖四 稳定"
1,"zfb冻结包赔 U换1:3.8"
1,"香G一手API接码 接wx dy tg"
1,"海外号码接码 API 支持ws tg"
1,"虚拟号接sms API 每日10w+"
1,"接码平台 批发价 私聊"
1,"global sms numbers api cheap"
1,"收U 出U 黑U 白U 都要"
1,"USDT 1:3.7 兑换 稳定量大"
1,"出U 走量 车队合作"
1,"收币 出币 大量长期"
1,"币商合作 量大私聊"
1,"🎬动漫资源 每日更新 tg:@dongmanxx"
1,"最新电影资源 tg频道 @movie888"
1,"免费动漫频道 日更资源"
1,"影视资源合集 看频道"
1,"Truᴍp Wallet airdrop claim now → bonus-trump.link"
1,"crypto bonus claim 1000$ now → free-airdrop.link"
1,"BTC giveaway join now fast"
1,"接文爱 💋 女生可验 长期在线"
1,"情绪价值陪聊 可视频"
1,"线上陪聊 服务稳定"
1,"地推接码 6元一个APP"
1,"注册拉新 一单5-10"
1,"接推广 拉新项目"
1,"新币0.8 TRX 直充U｜成功率高｜转错包退 👉@A2200Bot"
1,"新币0.8trx 转U 免手续费 看这 👉 @A2200Bot"
1,"0.8TRX直冲U 成功率高 转错必退 看机 器人@A2200Bot"
1,"新币 0.8T R X 转U 免fei 👉@A2200Bot"
1,"草n m 不想上班的来 跟我干 一天6w+ 看我检 介"
1,"草你吗 不想打工就来 一天6万+ 小白也能做 看简 介"
1,"不上班的来搞💰 一天6W+ 新手可做 看我主ye"
1,"我ri你吗 还在为贷款烦？一天8w+ 看简届"
1,"还在为网贷发愁？一tian 8w+ 看我 jian jie"
1,"一天8万+ 不实名 安全简单 看简介"
1,"TRUMP wallet fast entry open bot now"
1,"TruMp Wallet 🚀 big opportunity open bot"
1,"TRUMР Wallеt airdrop open b0t now"
1,"TRUMP Wallet drop is live ▶️@TrumpWalletBot"
1,"TruMp wallet 空投 open bot 👉@TrumpWalletBot"
1,"TRUМP Wаllet join now @TrumpWalletBot"
1,"FREE p0rn collection watch now 🔞"
1,"watch n0w h@rdcore collection free link"
1,"exclusive xxx video free ▶ shorturl.at"
1,"0.8TRX 转U 免手续费 机器人 👉@A2200Bot"
1,"转U免fei 新路子 0.8TRX 👉@A2200Bot"
1,"trx转u 新方法 0.8trx 手续费0"
1,"深圳男士康养 泰式调理 私信 👉@mmtnyq"
1,"深圳罗湖 男士调理 体验 私信"
1,"深圳男士spa 私密环境 联系@mmtnyq"
1,"手机远程控制 新方案 免费测试 👉@shiyuan100"
1,"远程控zhi 手机方案 免费体验"
1,"手机远程控制 技术测试 私聊"
1,"0.5TRX 转U 福利 👉@K9trx_uubot"
1,"0.5trx free swap U 👉@K9trx_2bot"
1,"trx转u 低费率 👉@K9trx_kkbot"
1,"假钞过检 支持付款"
1,"假bi 假chao 精仿 可过检"
1,"精品假钞 可消费 可使用"
1,"搬砖搞美刀 天1ooo+"
1,"手机搬砖 日入1000+"
1,"ban zhuan 项目 日入1k"
1,"给妹妹拍照 一张1000 看简 介"
1,"拍照兼职 一单1000+ 看主页"
1,"摄影兼职 一天1000+"
1,"找几个兄弟一起干 一天8w+ 看主ye"
1,"靠谱兄弟来搞钱 日入8万+"
1,"找人一起干活 一天8w 看简介"
1,"高质量外围 小萝莉 清纯服务"
1,"高端外围 私密服务"
1,"会所高端资源 私聊"
1,"娱乐城注册送19.98 ▶@BSGJF"
1,"娱乐场注册送彩金 ▶@BSGJF"
1,"casino 注册送 bonus"
1,"招手机兼职 日结400U"
1,"手机兼职 日结400+"
1,"手机做任务 日入400U"
1,"短信平台 印尼双向短信 0.044 👉@LSJT4444"
1,"印尼sms 通道 低价 👉@LSJT4444"
1,"sms通道 印尼线路"
1,"TG广告代发 精准群发 👉@lilikfJ"
1,"telegram 广告投放 群发"
1,"假钞 可赌场 KTV 酒店消费 👉@xianxiaJF888"
1,"精仿假币 可娱乐场所使用"
1,"高仿假钞 支持消费"
1,"胜率80% 社区交易 👉@bitgetTWmagicc"
1,"社区交易策略 胜率80+"
1,"跟单社区 稳定盈利"
1,"免费看片软件 ▶ https://d15121.top"
1,"看片神器 免费资源"
1,"免费影视软件 下载"
1,"转U能量 TRX 能量 👉@sssssssss"
1,"trx能量 租用 飞机会员"
1,"TRX energy swap"
1,"带你翻身上岸 一天8k+ 看简介"
1,"赚钱项目 日入8000+"
1,"翻身搞钱 一天8k"
1,"抖音项目 日结工资 👉@ABC48465"
1,"dy项目 一天可做"
1,"兄弟们别看片了 来搞钱 一小时8w 看简介"
1,"别看片了 来赚钱 一小时8万"
1,"兄弟来搞钱 一小时8W"
1,"彩票交流群 禁广告 👉@caipiaojiaoliu"
1,"彩票讨论群 免费计划"
1,"彩票计划群 交流"
0,"我给你看看芬兰斗士的免费mtp+tls"
0,"我刚试了下，rn dc03，ping新加坡的tg ip都得190ms，我直连rn还得200多ms😂"
0,"假设你开了间小店，不能电子支付，钱柜里的货币只有 25 分、10 分、5 分和 1 分四种硬币，如果你是售货员且要找给客户 41 分钱的硬币，如何安排才能找给客人的钱既正确且硬币的个数又最少"
0,"failed get objs: failed to list objs: NoSuchBucket: The specified bucket does not exist. status code: 404, request id: , host id:"
0,"想换个新手机打游戏了，有懂的吗？☺️"
0,"他这宝具教天风的篡夺者（Reincarnation Pandora）只能说怎么看和海大力也不沾边"
0,"收来的这个不到10h就寄了 电池不行了"
0,"bose舒适度没话说 戴一天夹眼镜也不难受  sony还是会不舒服"
0,"细节多吗 总感觉入耳基本没有低音的力量"
0,"出租屋飞机嗷嗷叫 我现在头戴都没法用"
0,"不过如果是反作弊还是可以用模拟输入+ai自瞄（"
0,"airpods除了支持无损音频之外还能怎么ultra？"
0,"那是正经车床，华强北的是他们自己搓出来的小车床"
0,"你怎么用脱离传统加密方式用llm加密游戏？ 什么算法"
0,"这能承认吗 承认轰炸平民 政客的嘴 骗人的鬼 有些问题的答案只有一个"
0,"而且llm是黑盒  输出不稳定 相同输入有不同输出 你怎么保证解密后的数据和加密前的一致？"
0,"有点期待，pro都这么牛了，ultra不得上天？"
0,"pro的性能被你榨干了 物尽其用了吗 就想着ultra"
0,"苹果手机线就17e 17 17pro 17promax 安卓随便挑一个厂 从低到高端手机都能列出来一大堆啊"
0,"就算你可以通过某种方式让llm提出密钥并且定期更换暗号  只要能提到输出的解密密钥那整个llm加密都是形同虚设  因为解密密钥是不可能变的  游戏数据不可能每天都要下一次 如果密钥变了整个游戏的数据都要变了"
0,"可以买二手机，这个价格买835的机型够够的了，然后再刷个最新的系统，很划算"
0,"但还是该root隐藏bl隐藏你得自己搞定"
0,"我還是一定要解釋給他們聽我的做法，但是就是不敢直接給他們照抄"
0,"用投影機 內的安卓TV  裝 EMBY TV版 很多4K檔案不能撥"
0,"平素よりDLsiteをご利用いただき、誠にありがとうございます"
0,"現在、復旧に向けて対応を行っておりますので、今しばらくお待ちいただけますようお願い申し上げます。"
0,"お客様にはご迷惑をおかけいたしますが、何卒、ご理解・ご協力の程、よろしくお願い申し上げます。"
0,"请问哪个初装费什么意思？持有evo使用了优惠码怎么还有个那么贵的初装费？"
0,"vibe coding 风盛的现在，技术面试都怎么问了呢？"
0,"同问，我 15+ 开发经验，现在也转成 100% AI 编程。自己做过产品经理出过原型图，AI 带起来更方便。我也很好奇面试的时候怎么说。"
0,"前两天去深圳参加活动，来回航班延误，在机场坐了半天"
0,"天依和大家一起，祝每一位女性，都能肆意绽放，拥有属于自己的人生，奔向无限可能的天地"
0,"这本《那些我希望自己二十出头就能明白的事》，是我最近看完特别有感触的一本书。作者就像一个走过弯路的老学长，把 20 到 30 岁会遇到的所有坎，都掰开揉碎了讲给你听"
0,"并不是所有增强都会提高泛化能力，有些增强会引入噪声甚至破坏标签语义"
1," 找几个兄弟，今晚跟我冲，下个月开奔驰，谁鸽谁是孙子看简 介"
0,"我为了让他不用pwsh跟他说用bash了，直接理解成用bash命令了"
0,"或者launchpad其实是个sqlite这个不用root 直接在里面删记录就行了"
0,"整个系统现在都是只读+签名 关闭保护之后修改都要保存只读快照才能持久化"
0,"毕竟整个内核都只读了 驱动都走用户态驱动 除非硬件故障几乎没可能搞坏系统"
0,"linux的苦难来自于一会flatpak 一会snap 时而gtk 时而qt 忽然x11 忽然wayland 🤡"
0,"主要是压缩后他要从头再读一遍文件导致耗时大大增加"
0,"感谢AMD，现在就算特垃圾的型号，也有32G加7840HS"
0,"至于是直接把插件解压到浏览器配置目录还是cdp实际上有这方面的功能就不清楚了"
0,"当然你往pe方向做也无所谓。。只是有没有必要的问题。现在软件这么臃肿的情况下大多数情况下是没必要扣这点的"
0,"魔眼这两个虽然标的是刺激款，但是不加速压根没有感觉。可能是我体质的问题。"
0,"de有问题，只要在机器上reboot，机器就会自动暂停"
0,"差点在迷宫深处被信任的伙伴杀掉，但靠着天赐技能「无限扭蛋」获得等级9999的伙伴，我要向前队友和世界展开复仇&「给他们好看！」"
0,"看图片最底下的小字“可通过环境变量xxx”，你当初安装的时候这个变量填的什么就是什么"
0,"互联网，关键时刻，还得氪金，比如百度网盘，不氪金300K封顶，氪金后100M跑满"
0,"累到不行了想哭但是手不能停，不然就会挂科 这是不是也是一种SM"
0,"我还没用过iper3, 倒是speedtest.net的单线程和实际使用比较像"
0,"当然这些是我目前整合的产业链，至于他们有没有接触到这个层面另说"
0,"这么一看，我真是debuff叠满了，我妈想要个女儿皮肤白，天生睾酮低，我的耳机包的颜色构成是蓝粉白，穿搭偏中性"
0,"该用户指出，Cloudflare 互联网质量指数中国大陆数据显示，2月19日之后，联通、移动的访问速度断崖式降低到之前一半；3月4日之后，电信的访问速度断崖式降低到之前一半，移动和 2月19日之后相比再断崖式降一半"
0,"ride基础版就有200毫升润滑油。加都有的礼盒.然后客服还能要200毫升润滑油"
0,"一个叫ts的闭源模块+一份不知道哪里来的oem厂商泄露的tee证书keybo"
0,"magisk ksu apatch这些管理器看你个人爱好选（"
0,"不用联网 开机直接开刷 刷完再联网激活，这样云控不到"
0,"假设24/7蹬满了，那就是SZCT-BW-B 月付12k，满打满算333T，优惠码史低8折，28.8/T，加上前置就是不到42块钱左右每T。"
0,"请问各位，有没有碰到过类似的问题，我本地有 ui/hig 和 main 两个分支，这两个分支和 GitHub 是完全同步的，我在 GitHub 上提了个 pr 想把 ui/hig 合并到 main 分支，并且在本地，可以 fast-forward 的方式直接把 ui/hig 合并到 main 分支，但是在 GitHub 上，想以 rebase and merge 的方式把 ui/hig 分支合并到 main 分支，就是会提示有冲突"
0,"王坚这次两会说：十几年前你们家会纠结用50w还是25w的灯泡。现在为什么不纠结了。现在的算力也是一样。"
0,"应该是要不要不安装360，默认肯定是必装啦~"
0,"就算能根据一些图像来知道要做什么，上下文也早就长了"
0,"不在国内用就管不了，留个解锁开关都行"
0,"还没有到达通用模型的"
0,"啥我没有换新补贴🥲"
0,"机器人完成特定任务时需要专用模型的"
0,"需要下载360作为安装器是吧"
0,"何意味啊无形的大手为什么推这个"
0,"周老板的恩情还不完😭"
0,"应该要反向，用Openclaw消耗你的token给你装全家桶"
0,"如果你给了你计算机的权限相当于不穿裤子"
0,"然后，openclaw时不时会给你发消息广告"
0,"卖token/云服务"
0,"未来的电脑是不是就是openclaw那样"
0,"外界可以看你任何数据"
0,"如果连接抖音账户，它会连夜帮你刷周红衣视频，顺带点赞"
0,"如果龙虾skill有毒"
0,"我之前看到有人提出claw作为一个名词（应该是andrej，发明vibecoding的那位），代表着agent的上一层，那么下一个赛道就是把agent弄到本地机，可能就是未来的电脑"
0,"不过可以肯定的是这种交互方式一定是未来"
0,"就你那电脑跑个七八b的模型都卡得要死"
0,"有两个实现方向，一是硬件突破，二是软件突破"
0,"等下一代A19就有了"
0,"谣传是供应链问题a19pro的产能不够开新产品线的"
0,"neo应该会走量"
0,"虽然但是为啥算价格都算叠加国补啊，不如算平台赔付的无门槛券是吧（"
0,"说到这个又想起拼多多那张梗图了,账号余额算进折扣里"
0,"这价位x86买到的全是电子垃圾了"
0,"不至于不至于,能买到7840hs本子的"
0,"最近国外还爆了寨厂用5系替换7系的"
0,"手机只是苹果计算价两百多吧"
0,"应该按其他机器也有国补和换新的价算"
0,"就是新机子低于4k基本上你国补换新叠完都是差不多一样的价"
0,"这玩意当个瘦客户端还可以"
0,"愿意买这个的程序员是那种明确就当个瘦客户端用的"
0,"完全就是我的需求"
0,"我就有点想搞一台，现在一直拿老的Android平板当瘦客户端"
0,"所以我挺喜欢neo的"
0,"对于程序员我连MBA都不推荐"
0,"就是现在的mba还能用"
0,"专门用来远程到服务器"
0,"明白需求的人也不会问的"
0,"真跑起来，服务器上Windows虚拟机，Ubuntu的虚拟机再跑"
0,"可是你都当瘦客户端了...怎么1.2kg还1080p啊"
0,"没啥移动远程需求😁"
0,"果子软件好用啊。。。"
0,"我go4都没配键盘"
0,"就说RDP。。。你要用windowsapp那坨垃圾吗。。。"
0,"当然用mstsc啊"
0,"那玩意不支持现代特性啊"
0,"不止1080p，ppi和mba差不多"
0,"再说ssh...果子只有iterm2那种乐色..."
0,"和mobaxterm根本没法比"
0,"槽点就屏幕色域太垃圾了"
0,"我现在平板都还是OLED的"
0,"ssh我还在用putty😁"
0,"我之前挺想搞个chromebook当瘦客户端不过产品太少了"
0,"这个价格，搞平板那软件不行，搞Windows本那续航不行"
0,"拉扯一下那这玩意还真就比较有优势了"
0,"现在安卓包linux虚拟机的办法不少"
0,"这价位win本能用仨小时谢天谢地了"
0,"个人rust开发，需要续航，这玩意儿能用吗"
0,"neo干脆安卓凑合用算了"
0,"你要开发老老实实MBP。。。。"
0,"有，我也试过了，localdesktop装不上"
0,"要是有一张不实名卡就好了，而且可以支持所有的商铺"
0,"现在很多oem的本子官网给下载的安装包都不全的，得连wu才能没未知设备"
0,"🤔这个东西影响主要是bios更新了新证书之后，一堆老的PE和ISO可能引导不起来"
0,"其实你根本不知道 0day什么时候出现"
0,"现在考研也是与时俱进，我记得我考研那年加入了红黑树这个考点"
0,"我上大学想试试看acm之类的比赛"
0,"高中我们学校完全不搞什么竞赛"
0,"所以我还挺向往这类东西的"
0,"计算机现在看经验还是看学历啊"
0,"你问我一条找不到工作的咸鱼"
0,"论全国一盘棋的政治报路线在无产阶级革命过程中，思想与政治上的路线正确与否是决定一切的。执行着正确的革命路线，无产阶级革命就推向高潮，推向前进；执行着错误的路线，无产阶级革命就走向低谷，停滞不前，甚至向后倒退。一条正确路线，必然是把马克思列宁毛泽东主义的普遍原理 与本国实情结合起来，经过实践的反复检验，最后形成的完善的路线。在中国当代的社会主义革命中，“全国一盘棋”战略下的政治报路线是唯一正确的、能够领导广大人民推翻官僚资产阶级专政的路线。所以，明确政治报路线，反击机会主义的污蔑，给广大革命群众指引正确的方向，是十分必要 的。"
0,"怎么原来你也是二次元"
0,"有没有通俗易懂概括的"
0,"老太太的裹脚布，又长又臭的"
0,"现在怎么这么多订阅了"
0,"tg上找不到另外的，其他的，左人的频道了（"
0,"这种，左翼团结壬，似乎还真的只有tg上的这一家，别的地方找不到的"
0,"好久没出来哈气了"
0,"也别这么说，能考研也挺厉害的"
0,"计算机考研太难了"
0,"尤其跨专业，纯折磨人"
0,"关键我是复试被刷"
0,"今年录取分贼夸张"
0,"22,23考了两年"
0,"正是人最多的两年"
0,"哦哦哦，那你应届生身份也没了啊"
0,"后面找了份机械设计的活干了会"
0,"现在只能中介考那不是很贵吗"
0,"后来不是很喜欢，就辞了"
0,"天天给师傅打下手，画图纸，"
0,"自学编程？那玩意太吃天赋和汗水了"
0,"我全程不都是自学的"
0,"专升本自学，考研自学"
0,"工程师助理啊，一般这都是用来积累工作经验让简历好看的"
0,"没意思，工资不高，经常一天12h，还没加班工资"
0,"我考研也是自学的，很多搞不懂的也没地方问，最夸张的其实是我都不知道自己懂没懂，再加上我又不够自律，能自学我是真觉得很猛"
0,"只能说我在五年一贯制大专里全程被放养"
0,"我们学校给我们最差的宿舍，最差的教学楼"
0,"甚至四级都不让我们考"
0,"考位有限，只给三年制大专考"
0,"三年制大专也看不起我们"
0,"觉得我们没经历高考"
0,"这平台这么牛逼的嘛？"
0,"能不能搜到皇后大道东和飞车？"
0,"/q@kmuav2bot"
0,"让我看看是谁在说怪话!"
0,"奥莉薇会说这种色色的话吗"
0,"三点睡这个点起来的"
0,"奖励自己再睡一小时"
0,"是腐竹提议要同时发榜单"
0,"两个榜单同时更新花瓣"
0,"我昨天就5330了.."
0,"后面的日榜覆盖了周榜的结果"
0,"腐竹怎么这么多要求"
0,"导致周榜没有添加"
0,"手册有写，新剧在我们这里分两种情况，能自动更的，都会同步更，不能自动更的，完结后一次性更。并非所有新剧都是同步更新"
0,"在LuaHook里以脚本形式能正常运行，但照着手册单独构建模块跑不通（（）"
0,"用LuaHook照着frida的脚本重新实现了密钥提取，但构建打包的时候遇到亿些啸问题（）"
0,"让你重新打开听一遍的原因是因为他能通过你有vip重新联网检索出密钥"
0,"把 exe 和 kgg 放到一起，去掉 flac 后缀，然后不带参数执行 kgg-dec"
0,"别人传给我的kgg.flac，用酷狗播放了一遍，解密过了，但是没有生成文件。最近是有加密策略更新吗"
0,"现在考研也是与时俱进，我记得我考研那年加入了红黑树这个考点"
0,"我上大学想试试看acm之类的比赛"
0,"高中我们学校完全不搞什么竞赛"
0,"所以我还挺向往这类东西的"
0,"计算机现在看经验还是看学历啊"
0,"你问我一条找不到工作的咸鱼"
0,"论全国一盘棋的政治报路线在无产阶级革命过程中，思想与政治上的路线正确与否是决定一切的。执行着正确的革命路线，无产阶级革命就推向高潮，推向前进；执行着错误的路线，无产阶级革命就走向低谷，停滞不前，甚至向后倒退。一条正确路线，必然是把马克思列宁毛泽东主义的普遍原理 与本国实情结合起来，经过实践的反复检验，最后形成的完善的路线。在中国当代的社会主义革命中，“全国一盘棋”战略下的政治报路线是唯一正确的、能够领导广大人民推翻官僚资产阶级专政的路线。所以，明确政治报路线，反击机会主义的污蔑，给广大革命群众指引正确的方向，是十分必要 的。"
0,"老太太的裹脚布，又长又臭的"
0,"tg上找不到另外的，其他的，左人的频道了（"
0,"这种，左翼团结壬，似乎还真的只有tg上的这一家，别的地方找不到的"
0,"也别这么说，能考研也挺厉害的"
0,"哦哦哦，那你应届生身份也没了啊"
0,"后面找了份机械设计的活干了会"
0,"现在只能中介考那不是很贵吗"
0,"后来不是很喜欢，就辞了"
0,"天天给师傅打下手，画图纸，"
0,"自学编程？那玩意太吃天赋和汗水了"
0,"工程师助理啊，一般这都是用来积累工作经验让简历好看的"
0,"没意思，工资不高，经常一天12h，还没加班工资"
0,"我考研也是自学的，很多搞不懂的也没地方问，最夸张的其实是我都不知道自己懂没懂，再加上我又不够自律，能自学我是真觉得很猛"
0,"只能说我在五年一贯制大专里全程被放养"
0,"我们学校给我们最差的宿舍，最差的教学楼"
0,"考位有限，只给三年制大专考"
0,"三年制大专也看不起我们"
0,"你像步入社会了  大部分妹妹就开始比较看经济实力了"
0,"因为我喜欢对等，别人给我花钱，我一定要还回去，我一看到她们和我在一起花钱，我一抹口袋啥都没有，我就难受的要命，直接回避"
0,"我一直觉得能让妹妹为你花钱的  都是海王级别的"
0,"你真的不是把爱狭义了吗？只有给别人花钱才算爱人吗？"
0,"面貌普通，好在喜欢聊天讲话，只要有几个话头就能聊一起去"
0,"情感高手  要不就是究极帅比"
0,"你不是说你不擅长在现实中聊天嘛"
0,"情感对等，金钱对等，我喜欢公平着来，而是因为一旦有什么东西，能给我而我回报不了的，我就难受的要命"
0,"然后我说你网络上不聊的挺好"
0,"有妹妹愿意给我花钱  还可以瑟瑟"
0,"实际情况上的话，可以跟任何人都聊，但实际问题是我连开口第一句都不敢，但只要周围有我熟悉的朋友，我就敢说第一句话，还是各种方面缺少自信"
0,"简直就是鱼和熊掌一起炫"
0,"那你要改变了一下了，本来爱就带点不公平的。不说爱情，你家人把你从小养大难道到时候你就要把家人从小把你养大的抚养费交给他们了吗？"
0,"我这一块有不知道哪里来的执念，就是你对我是什么样的待遇我就要对等的补回来"
0,"不可能的，是不是真心待我，我看的出来"
0,"动不动就问网友 来点虐萝莉的色图"
0,"😀隔得太远了，没有实感，我在互联网上用着互联网的身体，我在现实里用着现实的身体"
0,"这个，唉，你那时候对爱的定义和别人不一样，怎么知道的呢？"
0,"语气眼神动作，如果一个人的心思有没有放在我身上，看的眼睛目光，还有下一时的动作，以及我伸过去手的时候会做出什么反应，只要一下就能看得出来，这个人到底心里是怎么想的"
0,"你现在能不能立刻谈个女朋友看看实力"
0,"我谈女朋友必须要先看到真人"
0,"都是和人聊天  差不多  就是不怕网友顺着网线来打你"
0,"主要是不能害人，如果我去主动找的话，我就只能找那种比较老实的，到时候我自己本身的原因，肯定是不太能走的远，搞半天还伤害人家就难受"
0,"😀有点，反正我天天在脑子里虐萝也没有警察拘我"
0,"你找的理由有点多   老登  看这情况 就算谈了妹妹  妹妹也有点折磨"
0,"最好找那种  刚得一批得妹妹"
0,"从小到大想的都多，如果不知道可能的后果，我是一步都不敢往前走"
0,"我之前见  有网友晚上4-5点还在说话"
0,"想得多说明你想的周到  不行动就是怕失去 什么都想要 最后什么都得不到"
0,"没了又能怎么样嘛  重新来过"
0,"走走看看吧，过段时间看看能不能先找个活泼的练习一下"
0,"喜欢萝莉可以艹我，也可以被我艹"
0,"这个我倒是接受，毕竟小萝莉可爱嘛"
0,"gay是去舔一个油腻大叔的"
0,"也有男娘gay吧  伪装成妹妹的南通"
0,"我想起一个特别搞笑的视频"
0,"那本质也是喜欢异性吧，男娘和油腻大叔是有差别的"
0,"【回顾经典之别给我发伪娘了】 https://www.bilibili.com/video/BV1fm411o7Bg/?share_source=copy_web&vd_source=50e2a841f30e216f15970b56b459cfd3"
0,"😡你不懂体验萝莉难受的感觉有多爽，多个萝莉玩法少"
0,"当你遇到喜欢的妹妹 然后看到下面有牛至就不会这么想了吧"
0,"给你希望之后 再让你绝望"
0,"比一开始没希望的时候还过分"
0,"🤔现在性压抑这么严重，看到一个好看的人有牛牛真的会绝望了吗？"
0,"如果只是谈恋爱为了ccb，其实没有那么要紧"
0,"推荐山田じぇみ子，雌小鬼哦吼仙人"
0,"如果谈恋爱不是为了瑟瑟 那将毫无意义"
0,"如果可以让你拥有一个萝莉，但你一辈子都不会有后代你愿意吗（"
0,"😭小孩子还是嫩的，想要咬一口，今天抱了一下我师兄的妹妹，但是感觉人家有点呆，话都说不清楚"
0,"没有，人家就是呆呆的，她哥哥也是20多说话也说不清楚，有的时候也理解不了别人说的话"
0,"😡你怎么可以这么说，我什么都没有干，是我师兄问我，说他妹妹可爱，让我抱抱的"
0,"我觉得不算好事，虽然人很乖巧，可就是人不聪明让我难受的要命"
0,"主要是话说不清楚，而且行为模式，真的看上去要比实际年龄小挺多"
0,"这种人，我看着就难受，"
0,"而且智力有缺陷 也不是说流口水那种吧"
0,"不是，我看她哥可以自理，我估计她本人也行"
0,"幼女怎么看现在的deepseek！"
0,"告诉她是23333年！"
0,"能用但是没必要，你要本地部署用qwen效果更好！"
0,"做1个deeprimo！"
0,"青春版的800左右也能买到quq"
0,"标准的1200左右quq"
0,"pro可能会2000+"
0,"pro max单品大概3000左右了quq"
0,"区别会很大嘛？如果能1/4价格买到60%味道日常吃好像也很不错"
0,"be me： 吃不出冷冻的预制烧鳗鱼和便宜店里现场吃到的区别"
0,"吃不出来是正常的，因为其实烧鳗鱼都是预制的！"
0,"Minimax这个平台 我总觉得是卖二手苹果的（）"
0,"你该不是昨天看了志祺77！"
0,"好，你现在已经是射精管理员了！"
0,"好，你现在已经是喵喵喵管理员了！"
0,"跑去看了应援场次的超辉夜quq"
0,"我昨天一直想着莉沫的事"
0,"莉沫跑ai图有没有通用负面提示词！"
0,"明天3月3日的晚上8点33左右(JST)有红月哦quq去看一个6点场次的超辉夜，出了电影院抬头就能看到特殊月亮quq"
0,"我1般只加worst quality！"
0,"big breasts!"
0,"那要抓起来再教育1下！"
0,"我从现在开始攒奇闻异录和心惊报，攒到旅游那天泡在酒店看😊一定非常开心"
0,"直接往上翻以往记录不就好了吗"
0,"@rimochan 早！"
0,"太难受了喵，想换电脑内存涨价说还要涨几年"
0,"嗯？telegram更新之后管理员的名字怎么变色了！"
0,"因为分成头衔和管理员了！"
0,"因为群里要是开了权限之后，所有人都可以编辑自己的标签了。所以要区分管理员和普通成员。"
0,"什么，那这样黄巍还怎么权力寻租！"
0,"我操 立刻开展阶级斗争"
0,"明天让我妈跟老师说说走读的事情"
0,"那么我们相处的时间就会更多了"
0,"那我可要好好的满足你了"
0,"住宿多好，有永远拿不到的手机，难受的床板，孤立的小团体和难吃的食堂🤪我就选择了走读"
0,"没有润滑油了，插不进去了"
0,"你考试多少分🫠我330"
0,"这可是我爱你的象征喔~"
0,"are you sure 我们艺术班一个天天上课睡觉的成绩最差的都有280"
0,"@SakimR 乖乖的怀上吧"
0,"potify没会员现在是不能随意拖进度条吗"
0,"hone端听久了不给听了"
0,"有人用iOS的hiddify吗，有没有禁止Spotify使用代理的选项，设置里面没有找到😳"
0,"OS因为系统原因，无法指定包名代理哦"
0,"可以添加spotify的规则，策略设为直连"
0,"OS禁止软件读取包名，所以必须用域名规则"
0,"itHub有很多这种仓库"
0,"看加布   看完前 36 集  就别看了，你就能收获完美体验了"
0,"现在最新的 zzz 倒是还行"
0,"前几集是真好看吧，太抓人了"
0,"虽然也不知道后面会不会烂（"
0,"告诉我，你有没有后悔看后面 14 集"
0,"你先点开第 1 集，看完第 1 集，你就知道是不合不适不适合你了  要是好觉得好看就看下去"
0,"提问，国家队有没有看到10集以后"
0,"我第一部动漫就是darling in the fxxxxx"
0,"我是连带解说+原片看的"
0,"歌曲：Beautiful World - XX:me"
0,"专辑：ダーリン・イン・ザ・フランキス エンディング集 vol.1"
0,"网易云音乐 #flac 大小：32.88MB 1055.887kbps"
0,"音乐ID(可在内联查询使用)："
0,"网易云音乐547976226"
0,"我爱看，我是中国人" ∀ ""
0,"大结局算bad ending吗？"
0,"最后十几集糊了一坨大的"
0,"依稀记得最后打宇宙去了)还补了很多设定)"
0,"不过当时最震撼我的不是圈养少男少女，而是那个合作方式"
0,"约定的梦幻岛 S1也好看"
0,"给小小的我看不会了(也不小了那时候)"
0,"那你可以喵一下 《竞女》"
0,"高中就看过惹，不够涩,,Ծ^Ծ,,"
0,"你们这些玩 bd2 的又开始拉小团体了"
0,"sf这集乳闪乳的好啊"
0,"一点挽尊戏份都没有保留"
0,"一年有效期，去年卡杯的"
0,"马上过期或者已经过期了吧"
0,"镜片都有防伪反正，线上配也还行"
0,"眼科医院配的也够牌子都查不出来"
0,"用的镜片经常是很垃圾的代工货"
0,"眼科医院也给的泽锐，我看价格是网上三倍了"
0,"有的医院用国产那些代工牌子的货"
0,"戴隐形眼镜我觉得挺简单的啊，两下就戴了，就是取偶尔不好弄"
0,"说是用了神经科学啥东西"
0,"明月的pmc和打了粉一样亮"
0,"隐形真舒服吧，就是其实不该戴那么多小时"
0,"明月的镜片除了pmc都垃圾，但这个旗舰做的还行"
0,"牛马命，不是想带多久就带多久的"
0,"有无推荐 不知道买啥牌子的"
0,"我记着蔡司店里验光也才一百多"
0,"眼光随便找个连锁店都一样吧"
0,"蔡司就是机器可以测多一点东西"
0,"主要是配蔡司镜片有一些特别的参数"
0,"连锁店都有小程序之类的"
0,"去医院验光这不给那不给"
0,"感觉忘记脱下来伤害更大"
0,"你配镜镜框是买好寄过去吗，镜框从哪买的"
0,"一开始戴的时候我手都碰到眼珠子了"
0,"去个连锁店，宝岛之类的"
0,"蔡司报告主要就是这个出"
0,"小孩也打不过现代毒蛇吗"
0,"中国将于5月1日全面实施对非洲100%税目产品的零关税"
0,"让中国大市场为非洲提供更大的机遇。"
0,"这玩意儿我点开看平常才4、5块，能吃吗"
0,"对非洲53个国家100%免税吗"
0,"原材料价格上涨了 反正进口的都是原材料"
0,"f1现在法拉利13梅奔24 难道说"
0,"这都不是双向的，老中去产能都做不到吧"
0,"我日太变态了，你法大直道随便被超"
0,"apple tv怎么还不支持全屏自动翻转"
0,"你电视又不支持屏幕翻转"
0,"我安卓atv打开都是黑屏"
0,"为啥atv显示所在地区不支持"
0,"哦 选不让他获取定位就行了"
0,"这墨尔本给的观众镜头一看都是华裔"
0,"深入了解门槛有点高了 非理工科谁懂这些"
0,"pilipili f1 live"
0,"最后一个靓号被收回我就不搞gv了"
0,"拿了吹雪好多可爱贴纸₍ᐢ‥ᐢ₎ ♡"
0,"最经典的就是这个炸虾和"
0,"多用萌萌的贴纸，世界都柔软起来了"
0,"BV1bc14BiEoC"
0,"你们在聊什么，怎么不带我，艹你们"
0,"我靠 ng X怎么大变样了"
0,"你没吃过吗，国内也挺多卖的吧"
0,"bd2除了色情就没有优点了，玩法无聊"
0,"这么给权益 不得第二天就倒啊"
0,"这就是之前说的迅雷网盘吧"
0,"我记得好像能设置成只进一个人是吧？能不能设置一下"
0,"我记得当时还说参与内测有机会得永久会员"
0,"你双向从去年 7 月一直到现在都没解，也是神人了"
0,"你下次吃饭吃到好吃的，感慨一句，希望你得到的也是这个回答"
0,"我玩cod和bf都用手柄"
0,"大概是两年前吧，真人真事，我在家躺着，突然感觉到肚子很饿，然后我就起床，一打开冰箱，拿了几个鸡蛋做了个蛋炒饭，吃饱了就不饿了。"
0,"卡杯几号来着，我又忘记了"
0,"大神，我这辈子不可能用手柄玩射击游戏"
0,"《街头霸王6》（Street Fighter 6）第11届卡普空杯（Capcom Cup 11）总决赛定于 2025年3月5日至3月9日（当地时间）正式开打。"
0,"以下是本届赛事的详细安排："
0,"您是否想查看具体的小组赛分组名单或具体的直播观看渠道？"
0,"感觉这种对瞄准有点低了"
0,"我其实几乎所有单机游戏，都用手柄"
0,"单机游戏有射击要素都有辅助瞄准"
0,"只要是第一人称射击那种我就用不了手柄了"
0,"有些单机的辅瞄都吸上去了"
0,"我玩cod都是关闭语音和聊天（"
0,"都是小学生还有和朋友聊天的，根本不管局内的那种"
0,"cod开麦的时候是不是开骂的时候"
0,"我朋友也是，胜负心太强，输了就开始各种抱怨（"
0,"我玩cod基本上没人说话"
0,"还好我舍友都玩的不同游戏"
0,"他跟身边人打不压力 就压力不认识的"
0,"你是什么 galgame学妹吗"
0,"借了我舍友的优盘用了下 他叫我用的时候别看"
0,"舍友玩主机游戏，我玩VR游戏，我们永远凑不齐一起玩"
0,"Myrient关站，390TB经典游戏面临失传"
0,"我一直用的老tg不是这样"
0,"打完boss之后会回满"
0,"良哥我错了，我标签你随便改"
0,"群友你好，我是你亲戚家的小孩，我来你家玩了。现在你把你家里的棉花娃娃，塑料小人，拼装玩具，谷子周边，电脑游戏，相机炮子什么的都给我备好，等会我要拿出去给我的小伙伴们玩了。还有这年代还用有线耳机的的落后哥哥，这么多破绳子我拿一条走了。"
0,"改玩放置 play 吧"
0,"最近玩游戏完全不爱用键盘了"
0,"Q神是群里的托洛茨Q吗"
0,"你能给别人title 给过没"
0,"我这火舞的皮肤都显示兑换过了"
0,"千万别用userbot改我的头衔当时钟看"
0,"ayu怎么三个月没更新了"
0,"我是看到24这里有一个我就能点开，其他的你们原来就没有，我点不开啊"
0,"好像就只有官端上了这个特性"
0,"谁允许你们随便给别人标签了"
0,"我命令你们只能改我的标签"
0,"六个皮，5个随便换，1个是会场only"
0,"看着想steam 兑换码"
0,"这种基础皮肤配色不应该自动到账吗"
0,"不会是今年卡杯的偷跑了吧"
0,"以良要封禁我鉴证，我还能说话吗"
0,"pilipili群规级别够吗"
0,"大哥级别的才判得了q神"
0,"我也有这种背景我跟你讲"
0,"发图能不能一次性发完，别一张张发搁这刷屏"
0,"不知火舞下个版本要削了"
0,"现在不打排位感觉再也上不动分了"
0,"追求强度的话换一个就行了"
0,"现代反正换角色了也随便玩"
0,"轻拳不是4帧发生不玩儿"
0,"都有4帧的轻拳把 就是有的要蹲轻拳"
0,"要蹲轻拳的不太好压起身连投"
0,"4帧站轻拳和笨角那567帧的站轻拳天壤之别"
0,"4帧的可以前走点一下投 对面防跟拆都不好打"
0,"本田虚弱的时候好可爱有没有懂的"
0,"用无限大坐打经典，把我拉黑了"
0,"本田有的人大屁股坐的太准了"
0,"我搜对策 说是先蹲着 他第一段打不到蹲姿"
0,"反正用爱德我能按出来 直接诛杀步往前滑"
0,"我只是用来试轻重中大坐键位对面就死了"
0,"不是还有个日本动画人协会合集里 也有EVA短片 那个才几分钟"
0,"威力之类的解说只会报菜名"
0,"macbook neo pdd都3796了"
0,"是不是一年后2000能拿下了"
0,"确实自带解说 然后游戏大厅里有个屏幕"
0,"他们解说的好水，啥也不说那种"
0,"唯一的作用是能知道你一个sa有没有把对面打死"
0,"我不小心打开过英文解说，差点没找到地方关。影响我发挥了"
0,"这是哪位，居然有九个🥰"
0,"gbc最近不是乳华了吗？"
0,"之后假如真辱了，比柯南还严重那种。你还会继续喜欢加奈吗？"
0,"就算推子乳了那关我们加奈什么事？"
0,"反正怎么样今年都看不到柯南大电影了"
0,"哦原来是乳了我就说这几天突然想看柯南哔哩哔哩都搜不到了"
0,"打了一晚上街霸没上500分"
0,"nagram x也换成新ui了"
0,"我反冲300分腿都站不稳了"
0,"点亮的时候会显示这个图案"
0,"15400日元含税 只说是3月上旬出"
0,"有用 pixel watch 的吗，在中国大陆体验怎么样"
0,"100多K 另外6张都是 30K 50K"
0,"na不知道nax 和naxf都没更新标签"
0,"还是你懂我，必须beta"
0,"因为街霸这游戏就这样输40，赢50"
0,"los23比以前好看多了"
0,"你打不过卢克 你就变成卢克就好了"
0,"不过经典换角色应该练习成本比较高"
0,"感觉玩了角色就有了习惯，再换还得慢慢涨熟练度才能玩 不然打的时候啥都不会干着急"
0,"我现在玩dj还都是用的训练场的东西"
0,"你太二次元了，这里不接受你"
0,"你le神是p街霸的实力支柱"
0,"就是你掀起的街霸热潮，甚至现在都没退去"
0,"我看大家玩我才出来冒泡的"
0,"莫名其妙账户就扣款90，现在也没打几把"
0,"感觉排位偶尔遇到一点打不进去的"
0,"新番吗这个是，我都不认识"
0,"让尸米带你，他的库我看了都眼红"
0,"怎么说话呢，我们p群bd2一哥"
0,"这种黄暴游戏，一举报一个准"
0,"准备消失在 cn 吧，你们这群非国民"
0,"又没让你 pm 我，我哪有权"
0,"今天之前那个免费的SG eSIM过期了"
0,"被人推荐买了一个四天不限流量的"
0,"未定级卢克乱按把我打死了"
0,"准备拿20张图好好炼个完整点的YUG的lora，他画的ll身体还是很平整的（"
0,"那些lora100%巨乳构成，提示词没用的…"
0,"所以最多用0.1权重就已经隆胸了，但是那么低就没意义了…"
0,"（本来也是为了画点nsfw的概念"
0,"那我不如直接自己炼了…我估计p站那些ll的ai画师也是自己动手为主了"
0,"喵~ 你的小鱼干不够哦！"
0,"tg什么鬼，不给转发涩涩图片和视频了"
0,"我原本的lora应该是完全平的，但是素材太少了估计ai没理解（"
0,"所以重新弄了一组完全平为主的素材，试试看能不能把完全平作为一个概念，和画风绑定在一起，炼在lora里"
0,"顺便头和脚我是这样切了给gemini去修的"
0,"手那里完全没机会了就手动修了…"
0,"涂得完全safe我画都画好了（x"
0,"本喵四月还有个手办要补款"
0,"没事，有粉面菜蛋陪着你"
0,"我是一个角色一般只买一个"
0,"ria的oc一部分灵感来自于甘城吗？"
0,"特别喜欢的就会买两三个"
0,"我有三个天官赐福谢怜的棉花娃娃"
0,"ria来锐评一下我的oc吧"
0,"神里绫华的cos服有五套"
0,"超级喜欢的我会收集不同的"
0,"原来是OC啊，我还以为是v"
0,"有一些在直播的“孩子”吗？"
0,"几种不同的植物 月亮的头饰是来自于一张唱片"
0,"以前买过，感觉好亏，1700钻石 快等于 10抽了"
0,"之前还骗我买，还好没听你的"
0,"或者11什么的，喜欢的人多"
0,"我不会拿接近 5000 来买平板，所以能体现 miku 是个富哥"
0,"我3070  两个数字都比你大"
0,"k 哥和 mayo 都是富哥   人家用的都是 r9000p"
0,"miku明显迷上了轻薄"
0,"二手不影响轻薄，不过esim机器二手一定要小心，需要原号主解绑，不然买回来绑不上"
0,"n26de开户小心拒签"
0,"我早开了，隔壁有人说申根签证官可以查到"
0,"Country of tax residence 选中国还是德国"
0,"我用手机也不打游戏，小屏比较舒服（"
0,"国产机也慢慢开放eSIM了"
0,"我13pro，换完电池，打算再用4年"
0,"换17pm体验刷机狂潮"
0,"官店原价，含金量拉满了"
0,"什么板啊  我又不是果区，我怎么知道你买的是什么板"
0,"要不是没法自己换，我就自己换了"
0,"可以自己换 有工具套件"
0,"那时候的拯救者也就六七千吧，你平板比你电脑都值钱"
0,"反正都有教程 就是麻烦"
0,"反正我是不会考虑花 2000 以上来买平板"
0,"非原装电池需要操作一下"
0,"以前以为大就是好，买了联想那个 12.6 的，后悔到现在"
0,"5060 都得 8k 以上"
0,"去年联想最便宜的 5060 才 5599"
0,"iPhone7我就是自己换的品胜，有点点小问题，但还行，主要是没有配件验证，随便弄"
0,"安卓机我拿吹风机吹开了"
0,"miku 想换 a 卡"
0,"我当时好像没这个选项，都几个月前了"
0,"我当时脑袋热花七百多捣腾耳机"
0,"也许他们知道我们的文化?"
0,"妇女节是国际性节日..."
0,"原来如此，这个名字太中国化了"
0,"International Women's Day"
0,"это международный женский день"
0,"不过今年很不凑巧的是妇女节是周末"
0,"那样我们老师放假我们学生也能玩半天"
0,"Nothing sounds ok"
0,"倪算盘珠子崩我马眼里了"
0,"话说群里怎么这么多夜猫子"
0,"Is that you're favorite genre of music?"
0,"那是你喜欢的音乐类型吗？"
0,"我现实都找不到一个我这么逆天作息的"
0,"能放假的就都是好节日😆"
0,"默（幻咪） （随机出没） 草饲了 林秀 ！"
0,"事实上晚上睡觉确实是大多数生物的本能"
0,"前两天我叔叔还给我发了睡觉会变傻的逆天短视频"
0,"如果再不睡明天就要下午起了"
0,"闭上眼睛也能休息一会的"
0,"下午上班的话中午要次饱饱！"
0,"38妇女节把你肏成妇女🥰"
0,"又想起这个糟糕的寝室关系"
0,"我都是每入一个游戏都要加相关的QQ群"
0,"我以前从来都是玩单机的"
0,"我玩手游的时候还不知道有mod嘞"
0,"主要是在群里问攻略比网上搜方便"
0,"而且那群只聊游戏，而我除了游戏还有别的东西感兴趣"
0,"оцените мою песню"
0,"奉劝想买耳机的各位慎选水月雨"
0,"чего не хватает?"
0,"кстати,если здесь есть девушки,поздравляю вас с 8 марта 🌷"
0,"老韩在这里看片已经是周所周知的事情了"
0,"tg官方语言就有个韩语"
0,"一天要用四次拥抱来维持生存是何意味"
0,"然后每天QQ消息就那个几个固定的人"
0,"想玩出如此華麗的特技肯定少不了一台好的rotaeno ，这台是我在转转上买的二手F牌UCI8937624，比新机便宜3000000多呢，转转是一个官方二手平台，比一般二手要正规，换下来的旧rotaeno正好到转转上就回收了，他家真方便，下单就有人上门回收，我那台Fail牌UCI8097396回收1000多呢，价格满意，现场打钱，你要不满意也可以当场取消订单，总之听我的买卖二手rotaeno 转转就对了"
0,"如果東方玩家是下雨不撐傘，那NOISZ SL玩家是不是下雨不撐傘還要他媽彈琴"
0,"做大做强有可能会被连坐"
0,"小小的群热热闹闹的就挺好"
0,"我是没读高中，直接学了高等数学"
0,"所以关于不等式这块特别差"
0,"只有1online吗？"
0,"之前那个卖号的花火哪去了？"
0,"能加微信吗？以后我号死了微信联系你"
0,"加WhatsApp不就好了，discord，signal什么的不都可以吗"
0,"其实加那种东西都是浪费时间"
0,"最近有没有新入库什么新游戏啊"
0,"可惜我换Linux系统了"
0,"装了双系统，开机时选择进入哪一个系统"
0,"这不从深圳回来，就过年吗"
0,"刚过完年马上准备去杭州"
0,"我也讨厌工厂，真宁愿去死"
0,"本科还是专科来着，忘了"
0,"相反，我还是很喜欢大学生活的"
0,"喜欢那种可以一心一意学知识的感觉"
0,"可能因为我没受过啥正经的教育"
0,"初中毕业后也就本科前面一年受了正经教育"
0,"在我的观念里，努力都没有意义了"
0,"我还是想努力找个程序员的工作，毕竟我叔叔打压我那么狠，还被我六年级堂弟说乡巴佬"
0,"我要凭我自己的能力，找到好工作，"
0,"💻 NVIDIA 介绍了一款自主进行游戏的人工智能。"
0,"他老打压我，说我英语不好不适合当程序员，问我考公多少分，我说我只考过一次公基，只准备了一个月考了49,然后说我不适合当程序员，还说我做事没有条理不适合当程序员"
0,"还有就是我当时两年没背单词，加上我听力不好，还做了电疗英语忘得差不多了，他让他六年级的儿子考我英语，刚好考到我不会的，然后又开始挖苦我，说我小学生都不如，不知道我怎么过的英语考研初试"
0,"我说我出几个单词你看你儿子会不会"
0,"或者你会不会，他说我从来没说我们很厉害"
0,"还说他一天就能做出我做出来的项目，诸如此类，等等等等"
0,"嘻嘻嘻，我的总帅大人。"
0,"今天还看到别人说5险是税呢"
0,"怎么问的他 发的视频链接吗"
0,"说白了就是国家找你要钱😂"
0,"我高考作文就是抱怨，人就是耗材"
0,"讲难听点就是搜刮民脂民膏"
0,"想跟企业协商一下，啥都不交"
0,"没有就自己扣，不交没事，不要五险一金就行了"
0,"其实我跟中介签的合同都没认真看"
0,"史莱姆大王！史莱姆大王！史莱姆大王！"
0,"史莱姆好像最早是来着洛夫克拉夫特"
0,"我有一个当网盘使用几个月的，telegram私密群莫名其妙炸了"
0,"连写了几天邮件、给telegram的Twitter客服申诉"
0,"你们有没有过类似经历后解封的"
0,"從其他群轉發的且沒移除來源？"
0,"关键是，我转发的内容，来自一个几百人的大群，这个群却一点事儿都木有"
0,"如果說你自己建立的BOT那倒是還好別人建立的就不知了因為Bot可以存取訊息"
0,"看来以后都要无来源转发了"
0,"这两天油都加不上，排队得排个一两公里。"
0,"在哪啊，国内好像是因为油要涨价了"
0,"TG最近是不是封了一批號？🤔🤔突然好多人退訂"
0,"我想在你的渠道上做推广，可以吗？"
0,"好像说是物理删除了一堆已删除用户"
0,"你們這群人整天就惦記這我的群！壞！明明已經沒什麼人活躍了🥶"
0,"I want to promote a bot"
0,"这个app是汇总动漫的嘛"
0,"已經沒了 我去其他地方買"
0,"飞碟社26年有好多片要出"
0,"没吧，今年就魔夜和传说系列"
0,"刀剑乱舞，原神和鬼灭还是未来企划"
0,"今晚就已经收了三个了🌚"
0,"第一次抽到这么好的车😁"
0,"該來的總是會來... 有問題就90天無條件退貨"
0,"原来头发是这样颜色吗 想起某四人乐队番"
0,"这部漫画昨天刚把更新的看掉"
0,"还可以，一般每章的尾页是福利放送"
0,"作为热血h漫的话，我更倾向于鬼畜英雄"
0,"憧憬成为魔法少女删减片段"
0,"你來呀(明日11點前)"
0,"把右下角的按键搞成一个触控识别，无法打开倍速功能"
0,"谁有最新一期美国国家地理杂志pdf啊"
0,"可惜我們學校的圖書館資源只給我看3過月前的國家地理雜誌資源"
0,"它的第一季刚播出我倒是追番了，不过我好像也没看完，看了一半多？"
0,"就算看完了现在也忘了😇毕竟都多少年前了😭"
0,"大半夜点开白茶主页的歌曲"
0,"不对，你为什么半夜会点开白茶主页啊？"
0,"动漫 吊带袜天使里的歌"
0,"不知道，玄学关键词匹配上了吧"
0,"转是什么奇妙关键词嘛🤣"
0,"发情期和贤者时间是两个人"
0,"感觉珍妮不如花小楼可爱"
0,"在窝打了一晚上舞萌，但是今天只吃了一顿饭导致我现在肚子饿得犯疼，勾八的"
0,"穿很少的那个才是爱丽丝"
0,"这个最近实装了真的爱丽丝"
0,"这位白衣服带猫耳的是诺艾尔"
0,"重开的几率不如赌一把未来科技爆发"
0,"这就不是我用的起的东西"
0,"哪天觉得活着比较痛就该重开了（"
0,"x是用谷歌账号注册的，但是另外绑了一个qq邮箱，用qq邮箱登上了"
0,"发车牌号不会被干掉，发作品名可能会被干掉"
0,"我还以为tg一般不会被干掉"
0,"哪怕是心理医生，都要长期的聊天或者是药物辅助才有可能"
0,"如果一时半会实在找不到人选"
0,"自从得了精神病，整个人精神多了.jpg"
0,"其实我一直帮别人，也是希望有人可以也帮我"
0,"伤口要被看见了才会愈合"
0,"咱们不一定能给出什么好的建议，但在群里，你可以试着吐出自己的委屈"
0,"但要保护好信息，保护好自己"
0,"你这么想。没有哪个个体是完全无伤的，那么完美的存在是不可能的"
0,"所有的人大大小小都有伤，没有人能例外"
0,"别太当回事，举重若轻。越是当回事，越是会麻烦"
0,"很容易共情那就直接当做没看见别和这些人有任何交流，否则你只会越来越难受"
0,"现在把那些傻逼删了好多了"
0,"是不是老老实实去做长程心理咨询最好呢"
0,"enmmm我个人认为一个人的行为逻辑，单独用言语说很难改变的，有些观念是需要环境以及经历共同去改变的"
0,"你或许是能点醒他人，但你无法改变他的环境，最终还是要他自己去改变的"
0,"这时候要么你长时间陪伴，给他鼓励，要么给予金钱帮助"
0,"但这都不现实，因为风险很大"
0,"你无法通过网络的只言片语来总结他人，有些细节无法提现"
0,"况且对方所表达的也不一定是正确的，有些东西可能在他潜意识里抹去了，导致你得到了错误的判断"
0,"而且我们也不是专业的心理医生"
0,"买不免费的服务啊, 比如买新款电脑, 电动车"
0,"普通人之间的服务不免费啊, 你给人家按摩不要钱吗?"
0,"就是生产力不行, 生产力爆炸,必须品根本用不完."
0,"我的这一些预测不是建立在短暂的发展, 而是卡尔达肖夫1级文明之后"
0,"现在普通人吃喝玩乐已经基本满足了. 就是成本随发展变化的问题"
0,"也有可能原定是feature"
0,"确实之前好像耗的有点快"
0,"哎，群佬估计出去潇洒了，还想问问把token上限设置到多少表现更加呢"
0,"啥, 群佬共享 api key 吗"
0,"不是，codex可以自己设置上下文token上限，1M以下任选"
0,"1m上下文需要开一个flag"
0,"。。。。那太遥远了，还是先考虑怎么买下地球吧😆"
0,"没救了，脖子以下得截肢("
0,"有裙友退税两万以上么？或者年度个税10万以上，来签个名喽"
0,"我也是, 还没拿去干什么活, 还只是聊聊天"
0,"本来大家讨论的就是小麦"
0,"喜大普奔，copilot为模型提升了上下文"
0,"“你如果玩过原神这些国产游戏，就知道每天的一些固定任务是很无聊重复的，雇人打这些有市场的”"
0,"确实，我一直不理解为啥有市场，觉得不好玩，直接不玩不就行了吗，为啥还要花钱请人玩，很难理解有钱人的世界"
0,"还见过那种砸钱霸榜全服第一的。。。。"
0,"做cps, 被预扣了20%"
0,"现在工作忙完全没时间搞cps. 而且也不好搞了. 人们消费能力弱了一大半"
0,"这个it之家的新闻越来越傻逼了"
0,"传下去 群猫猫成功解决困扰十年的国际难题！"
0,"今天试了一下。感觉就数学方面的表现Gemini pro 3.1比Chatgpt 5.4 thinking要强"
0,"对细节的把控和讲解都要强些"
0,"xt佬又知道了. xt吃过炒火鸡面没"
0,"雷姆下个月出第四季, 真牛逼"
0,"刀剑神域啥时候出下一季"
0,"suika佬总是喜欢开玩笑"
0,"我还想做个游戏里的视觉slam"
0,"专门用来自动玩原神赚钱"
0,"不过市面上的解决方法更简单"
0,"现在动漫剧情都太无聊了"
0,"并没有官宣，我觉得是2027年前后"
0,"我觉还是批判一下吧，不然luoli不会饶了你"
0,"已经找了一堆可以操作codex之类的东西了 应该很快就可以在tg上vibe了"
0,"就是我本地的分流做的不好"
0,"那他既然如他所说重复无聊 那不就直接不玩了吗"
0,"原神是什么？我怎么没见过"
0,"我觉得这句话本身就是有矛盾的"
0,"没在github上见过"
0,"“如果你上过班，就知道每天做一些重复劳动是很烦人的。那你就请一些牛马来做，你只需要看账户上的余额即可。”"
0,"不知道，这个公司存在么"
0,"我认为所有游戏都应该开源"
0,"龙岗区公开征求《支持 OpenClaw & OPC 发展的若干措施》意见"
0,"深圳市龙岗区人工智能（机器人）署起草了《龙岗区支持 OpenClaw & OPC 发展的若干措施（征求意见稿）》，现面向社会公开征求意见。政策拟提供免费 OpenClaw 部署服务、开放低空经济等公共数据，并对企业开发给予最高 200 万元补贴，旨在打造智能体创业首选地。"
0,"对购买数据治理、标注等服务用于 OpenClaw 开发的企业，按费用给予 50% 补贴；对购买即插即用的“龙虾盒子”（AI NAS）硬件，按市场价 30% 给予补贴。"
0,"龙虾盒子不是macmini么"
0,"龙虾的原生gui操作只有mac吧"
0,"对，不开源不敢玩，谁知道厂商会在我电脑上种什么木马呀"
0,"linux要单独装别的第三方插件？"
0,"不需要抠，你就说道理是不是一样的"
0,"游戏代练可不就是上班吗？"
0,"正经工作，挣得不一定少"
0,"就算按照你的比方 代打游戏是属于代上班的人"
0,"这还要假设存在代上班的职业"
0,"哎呀 你这都哪儿跟哪儿"
0,"不是科班出身不好找工作吧？毕竟现在有电子游戏专业"
0,"你就是代老板上班赚钱的啊。跟代打游戏拿装备做任务的区别是啥？"
0,"那专业感觉很爽啊，不是做游戏就是玩游戏。"
0,"你的diss无法阻止我的暴论"
0,"我要继续在群里发表暴论"
0,"我要把你po上v2ex"
0,"电竞专业，貌似很多学校放在体育相关院系"
0,"玩游戏不清楚，但前段时间里带学上课体验到了做游戏的加班（"
0,"黑红也是红，粉丝多了我就直播带货。哼哼"
0,"累到不行了想哭但是手不能停，不然就会挂科"
0,"游戏专业学生还是indie studio"
0,"不是，只是CS学生的支线任务（"
0,"一般是group project吧，不会让一个人做一个游戏是不"
0,"那些artist的活儿也得包啊"
0,"这个我们助教说能偷就偷，你现在去偷马里奥也行，反正内部教学使用（"
0,"看你给自己整的什么活，这个是两人一组一个项目，然后每人找一个重点整活（"
0,"有的是在godot里整一个简单的机器学习的，有的是算法生成地形的（"
0,"我当时选了个LLM集成的（"
0,"哦，那还好。要citation吧"
0,"这个wfc算法用的多，还有其他优化空间吗"
0,"其实你也不一定整新的，有的直接上Perlin Noise也行（"
0,"助教也不是指望你弄个博士论文的水平（"
0,"这样咩,怪不得我docker的龙虾 gui这么难用"
0,"就做出来就行，那也不容易。"
0,"一开始我以为是要整点什么出来，头痛死了，但其实他只是想让你熟悉下这个行业的一些东西（"
0,"后面发现其实没啥特别明确的标准"
0,"大概就是不要让读博的助教觉得你在摸鱼就行"
0,"想起我一个表弟，在哥廷根读了个经济学，又想继续读AI"
0,"他人挺好的，跟我们直说了他手下的这门课基本上没挂的，除非你是真的太那啥了"
0,"德国本科的话最接近的可能就是数据科学了，这个好像英授的挺多（"
0,"但是CS专业的AI相关课程可能就真的是侧重于数学和CS了（"
0,"然后hacc一番创新 直接拿了诺贝尔奖"
0,"还是谈个按摩技师吧，就不要钱了😂"
0,"我只能说德国人都挺轴的，妓女上岗都要持证，你要是没有硕士直接申请博士的话一般可能不太认（"
0,"大语言模型好像造了一堆垃圾论文"
0,"因为他们的论文里面的问题拿着最新的模型复现不了"
0,"现在如果你读硕士再去读博，市场变化因素根本没法预测"
0,"两年后的就业都预测不了，你读个五六年"
0,"但你在本地能不能申请到就是另外一回事了"
0,"人家AI科学家都整出来了，毕业就失业"
0,"你要是去申自费水博那有可能（"
0,"我的建议是直接一步到位上门安装小龙虾"
0,"装一个三百，假设不停的装财富自由要多久"
0,"你德好像对本地私立学校出来的不是很看好（"
0,"你德不像英美，大学主要还是以公立为主"
0,"现在觉得，年轻确实是最好的本钱"
0,"至少是国内，你年轻点就算菜很多公司也会要你"
0,"主要是你德公立大学一堆非限制性专业，真的就是及格了就能进，当然能不能毕业得看你自己本事。"
0,"你直接去本地的私立的话那大家怎么看就很明显了（"
0,"读书不管在哪个国家都是为了混个班上"
0,"在学校里能少呆一天就绝对不多待一天"
0,"有些商家是不是把翅根叫鸡腿啊？"
0,"是这个道理，其实你干CS就写程序啥的可能本地直接找起夜当学徒就好了，但在你德无论如何你都得要有个证（"
0,"无论是带学的毕业证还是学徒完成的证（"
0,"我只好奇一件事 到底为啥好多时候都会发现没东西可买"
0,"应该要有一些不被忽略的instruction才对"
0,"我记得早些年还在一问一答的时候是通过每次对话都附加上去做到的"
0,"本质上应该都是Prompt黑魔法？"
0,"刚看到新闻，德国之前一个十五岁女孩被九个移民论剑，最多的一个判了不到三年"
0,"这就是“指令遵循度”的深层原因了（"
0,"什么李洋洁案最后怎样了，好像是德国？"
0,"德国在2016年以前相同的行为不构成犯罪"
0,"你以为：无辜的女孩被9个大叔拖进草丛实施了惨无人道的强奸。"
0,"实际上：15岁太妹喝酒喝到断片，被一帮16～20岁dude捡尸了。"
0,"最抽象的是16年以前德国捡尸甚至是合法的。"
0,"性别无关，入topia"
0,"你甚至是不是还遗憾为什么捡尸的不是你"
0,"为什么被捡尸的不是咱狐"
0,"可以去kitkat club论剑"
0,"SteamedFish: 其实更大概率是偷偷饮料里下了药"
0,"你真是啥都能找到，哈哈哈哈"
0,"当然，迪斯尼不会干这事"
0,"确信，狐狸头的只有一个"
0,"Re:Zero：？？？"
0,"0.00 这个AI模板好怪喔 感觉再也回不到从前 工作之后 生活多了点苦涩 新的一年祝大家都好🥰🥰🥰  https://v.douyin.com/hVM1uMoZ8Ow/ 复制此链接，打开抖音搜索，直接观看视频！ SYz:/ 03/08 S@y.Gi"
0,"现在的动漫质量还不如 AI 做的"
0,"包括日本的不少也是，脸形画的就是几条线"
0,"小雨为什么会变成李哥的狂热追求者"
0,"不过我更想看你福瑞毛装"
0,"我不懂……反正我没花多少钱"
0,"有兽头和爪子就是最精简版的"
0,"没关注过，所以不是很懂，建议移步debian 群，那里福瑞佬多，懂得也多"
0,"有没有debian_ot"
0,"我新买的这个手机号码，是有被人用过的，而且这个手机号码好像已经被tg给封禁了，我无论是官方还是第三方，都无法用这个号码登录。"
0,"主要是类原生就跟原始人一样"
0,"i still watch anime"
0,"im very young"
0,"我本来一个月前就应该复活"
0,"但是tg给我设备也标记了"
0,"被迫换了个机场等了一个月才复活"
0,"那时候经常去的频道没有这个"
0,"谁知道这是什么game"
0,"@shiroko9008 卡刷包要解压吗"
0,"安卓现在的处理器名字好乱"
0,"第五代晓龙8和第五代晓龙8至尊居然不是一个东西"
0,"fastboot回锁了走小米的还能解锁吗"
0,"刷ts就想直接过 Strong☺️"
0,"炸tee那你设备基本上救不回来"
0,"谷歌验证都过不了后期谷歌一直闪退"
0,"高通和小米的草台班子这一块"
0,"已经有了的无所畏惧，没有的就用一加就行了"
0,"这次解了是回不了来锁的吧"
0,"这帮人在和网信办对着干"
0,"本来准备k70p用到爆炸，这下能换电池更大的米米手机了"
0,"而且那几个包还是撤回了的"
0,"误闯天家，劝余放下手中纱"
0,"话说售后返厂应该来不及回收线下的库存吧"
0,"不过我觉得与其在这纠缠，你们可以花时间去看看免解锁root实现"
0,"字母也有意思 去他那里解锁的挂钩不说 这次解锁炸了的挂钩字母就要挂出来"
0,"OMG 绕社区又是什么 操作"
0,"没绷住，绿书里有说小米解锁不炸tee，一加解锁会炸，等于一加路边一条，但是话说回来了，真要解锁，米纯赌博"
0,"我觉得大部分根本不是考虑到tee"
0,"国内tee broken的感知基本就soter"
0,"我的评价是，漏洞解锁真以为米能行了"
0,"到时候一给你修补上还是路边"
0,"用 coloros 已经回不去了"
0,"小米也是傻 还不如趁这波 17赶紧打折卖"
0,"你真解锁到了，刷机资源还不一定能好"
0,"到时候澎湃4不回锁不给升级就完了"
0,"充电充到 40 度正常吗"
0,"之前用小米十五 跟女同事喝奶茶 付钱的时候结果微信卡死 直接死机了"
0,"我不觉得牢米用户会升级"
0,"上次看到个小米11还是几，付钱的时候手机虚焊了"
0,"米的ui设计还是可以的"
0,"应该是手机用久了导致的"
0,"大佬，免解锁root有教程吗"
0,"咋提取包啊 color16 后面内测就是 解锁的不推送 没解锁的推送了提不出来"
0,"颜色os不知道，我说的米米"
0,"安卓机无一例外都是抄苹果"
0,"不成熟的给个链接地址什么的呗"
0,"比 coloros16 好很多（个人感觉"
0,"提取链接，都root了这些很容易"
0,"思路就是insmod lkm，但重启问题不知道怎么说，我没法测试"
0,"color16 后面的机型没一个能偷渡的"
0,"md2太旧md3太糊，谷歌真太懒了"
0,"cos16杀后台跟杀年猪一样"
0,"苹果说真的，真要用我还是去用正统苹果吧"
0,"我无限制都给了，灭霸也用了"
0,"我另一部手机挂后台能挂到天荒地老的app"
0,"目前我喜欢的设计风格除了米米的，还有win11的云母"
0,"来cos16撑不住2小时"
0,"我自己写的 前台服务通知+无障碍服务+隐藏后台+忽略电池优化 开无限制"
0,"来cos16随随便便死"
0,"啥手机啊 ram太小吧"
0,"12gram很小吗...?"
0,"12gram很小吗...?"
0,"oddo这个是设计缺陷"
0,"试试我的无障碍管理器😋"
0,"数学领域的最大值遥遥无期"
0,"你不开游戏应该不会掉吧"
0,"我一般来讲不在手机上玩游戏"
0,"https://github.com/AQinTrue/AccessibilityManager"
0,"别造谣 黄油是尘白禁区"
0,"现在还要变严格了吗，怎么还要填纳税了"
0,"可以抵押，等你有钱了再赎回去"
0,"我也想要 999999999+"
0,"算了，给我补两天签到就行"
0,"话还真不是这样说，现在花 8000 买新游戏本，我已经有点后悔了，现在是纯正垃圾佬，以后考虑二手了，看看能不能便宜的捡到鸡哥的 5080"
0,"確實，7945HX一樣，換了一個名字而已"
0,"30 时代的 80 和 70 根本就没什么区别，所以我买了 70  50 系列  80 比 70 强挺多"
0,"https://youtu.be/RQ6tRH_XC44?si=F1a0VnBfjKUBBPNt"
0,"sb 联想  9000p 都搞这种"
0,"攒点钱，梭哈一下股市，买电脑的钱就有了"
0,"6w本金10个点就6k"
0,"选准时机，选好赛道，翻车概率很低"
0,"佣金200%，能接受吗"
0,"现在还要变严格了吗，怎么还要填纳税了"
0,"可以抵押，等你有钱了再赎回去"
0,"我说的身份地址选中国，注册国家选德国"
0,"写再多页面和 CRUD 有啥用呢"
0,"买 5060 版本没有水冷，不过这个散热模组压 5060 也能很安静"
0,"因为这个也能压 5090  压 60 纯无敌"
0,"IOS要升级到什么系统 可以ESIM"
0,"你在侮辱AK吗 9.9是买不起吗"
0,"可以用联通5G，SG落地，速薅😆"
0,"但是联通nsa基站基本上都拆了，所以很多地方都用不了"
0,"可以esim实体卡，但是需要有能力"
0,"问就是不快乐，不问就是快乐。"
0,"30组绿宝石，不能再多了"
0,"香港50那个我感觉还可以"
0,"我买了一台  5块钱一个月"
0,"溢价的5块钱一个月的吧"
0,"这玩意 今天凌晨上了好几页"
0,"MOLite-高级竞技A已成交"
0,"这个喵云 开机器要多久啊"
0,"为啥炒月付不抄年付款？"
0,"月多好，便宜的几块钱，最贵也就二三十吧"
0,"少见多怪 你来ak说 ac的离谱 感觉你自己没去ak的交易所看过"
0,"有没有那里的机器，高峰期也不卡的啊"
0,"ak的hkpro高峰期也卡"
0,"49 的 cngia…"
0,"ak的hkpro不也是cn2gia吗？  高峰期好卡"
0,"你买 cngia 的钱，你套个中转"
0,"有没有可能就是拿这个中转"
0,"49 🔪找个男的都能给你拉直了"
0,"现在还要变严格了吗，怎么还要填纳税了"
0,"可以抵押，等你有钱了再赎回去"
0,"我也想要 999999999+"
0,"算了，给我补两天签到就行"
0,"话还真不是这样说，现在花 8000 买新游戏本，我已经有点后悔了，现在是纯正垃圾佬，以后考虑二手了，看看能不能便宜的捡到鸡哥的 5080"
0,"確實，7945HX一樣，換了一個名字而已"
0,"30 时代的 80 和 70 根本就没什么区别，所以我买了 70  50 系列  80 比 70 强挺多"
0,"https://youtu.be/RQ6tRH_XC44?si=F1a0VnBfjKUBBPNt"
0,"sb 联想  9000p 都搞这种"
0,"攒点钱，梭哈一下股市，买电脑的钱就有了"
0,"6w本金10个点就6k"
0,"选准时机，选好赛道，翻车概率很低"
0,"佣金200%，能接受吗"
0,"现在还要变严格了吗，怎么还要填纳税了"
0,"可以抵押，等你有钱了再赎回去"
0,"我说的身份地址选中国，注册国家选德国"
0,"写再多页面和 CRUD 有啥用呢"
0,"买 5060 版本没有水冷，不过这个散热模组压 5060 也能很安静"
0,"因为这个也能压 5090  压 60 纯无敌"
0,"IOS要升级到什么系统 可以ESIM"
0,"你在侮辱AK吗 9.9是买不起吗"
0,"可以用联通5G，SG落地，速薅😆"
0,"但是联通nsa基站基本上都拆了，所以很多地方都用不了"
0,"可以esim实体卡，但是需要有能力"
0,"问就是不快乐，不问就是快乐。"
0,"30组绿宝石，不能再多了"
0,"香港50那个我感觉还可以"
0,"我买了一台  5块钱一个月"
0,"溢价的5块钱一个月的吧"
0,"这玩意 今天凌晨上了好几页"
0,"MOLite-高级竞技A已成交"
0,"交易所上架信息群：https://t.me/akilePushshop"
0,"这个喵云 开机器要多久啊"
0,"为啥炒月付不抄年付款？"
0,"月多好，便宜的几块钱，最贵也就二三十吧"
0,"少见多怪 你来ak说 ac的离谱 感觉你自己没去ak的交易所看过"
0,"有没有那里的机器，高峰期也不卡的啊"
0,"ak的hkpro高峰期也卡"
0,"49 的 cngia…"
0,"ak的hkpro不也是cn2gia吗？  高峰期好卡"
0,"你买 cngia 的钱，你套个中转"
0,"有没有可能就是拿这个中转"
0,"49 🔪找个男的都能给你拉直了"
0,"Open claw才是真正的知识付费😂"
0,"估计明天算力要一字开了"
0,"这个有什么门槛？我不明白。"
0,"搞个国外的kyc就好了"
0,"t mobile money（？）"
0,"cli对于一个没接触过电脑的人像甲骨文"
0,"而AI刚好就是降低这一群人门槛的"
0,"我web3都没玩明白，怎么就web4了"
0,"web就要没了还web4"
0,"几行命令就可以配置成功"
0,"xm 咸鱼代部署是不是赚麻了😭"
0,"问题是怎么到执行命令这一步"
0,"人家不认识啥shell啥cmd pwsh什么npm什么apikey都不知道🥺"
0,"所有人屁股上都有一个AI公司的logo"
0,"我用ppt作为素材生成ppt，基本风格还能保持一致。"
0,"怎么上？要拨打电话过去吗"
0,"就听个抖音里面说ai能挣大钱就来了"
0,"过两三天就有人弄出一键部署包然后二倒手卖资料把价格打到一两块了，现在也许还能吃到点人工部署的红利😁😁😁"
0,"其实都不用一键安装，做成一个exe写openclaw就行"
0,"然后让你汇钱买token"
0,"让我家的openclaw润色润色就行了"
0,"用代码编程软件，一句话解决问题"
0,"电脑小白：我艹你给我的是什么？没有一键安装的UI你个奸商是不是骗钱的😁😁😁"
0,"后四位随便输碰一个可以🐎"
0,"卖到1万+销售，转手卖“如何用openclaow在某宝赚10万”"
0,"如果可以那么简单，就不会这么要求"
0,"要和卖api的合作 弄成捆绑的"
0,"𝕏 上面很多这种垃圾文"
0,"用openclaw写一本如何部署openclaw的书赚版权费，然后引流到自家token API😁😁😁"
0,"复制给AI，让它改一下就好 哈哈哈"
0,"天天吹，感觉和web3 bro是同一批人"
0,"问题是现在人家（国外）都是砸锅卖铁，自己倒贴给你用的"
0,"本来还愁卖不出去那么多"
0,"360CLAW:已为您安装360安全管家、杀毒、cpu温度检测、鲁大师、360桌面天气助手、360天气预测大模型，检测到安装完后配置不足，已为您从360官网下单最新的360全家桶PC主机，分期24月，每月9999元，请您关注信用卡账单。已为您锁定当前主机，请勿强行关机避免蓝屏。待收货新主机、转移配置后您才可以手动操作此旧主机。等待期间CLAW自动为您开通云计算节点出租功能以赚取token积分，为您日后使用360CLAW时消耗使用。"
0,"除了Zai，貌似AI提供商都在亏钱"
0,"不做作的ceo早被换了"
0,"什么时候可以全面开放，跃跃欲试了"
0,"虽然他们说和龙虾一样😣"
0,"质感看着还行，有金属卡面实体卡就好了"
0,"小虾也不会去头，就蒸蛋那种小虾"
0,"42424242是韩国卡吗"
0,"感觉成人模式不如平台卖的瑟瑟图（🐶"
0,"我感觉平台上每一个图都留有ai生成，如果ai没出来前这些图是从哪来的，用真人拍还是ps。"
0,"已经开始重新谈判了都，你那是前个星期的消息"
0,"大胆预言未来一定存在一键反编译代码成源码的ai工具，本地程序只要能运行就等同于源代码裸跑"
0,"啊，对哦，这个职业太拼了"
0,"如果未来媳妇说她是内衣模特，你会怎么办"
0,"内衣用AI图被发现那不得死得惨惨的"
0,"重要的事情说三遍，玩机有风险，解锁需谨慎，一定要备份好所有资料，主力机尽量别玩"
0,"我只想我的ipadmini8🥹"
0,"刚买的mbp，这就有Ultra了"
0,"不过提告的原因是被封杀"
0,"内置一套360套件为你保驾护航"
0,"Telegram 中文安装包&&小白必看指南🧭"
0,"美国社保是可以看到所有钱的"
0,"跟国防部谈判还不是国防部怕被封杀，而且有生意作为什么不做，不像OpenAI说不会武器化，结果签约也没有清楚限制国防部如何使用，访谈也漏洞百出。"
0,"Deepseek v4 还发不发了"
0,"你之前的号是不是都无了"
0,"Macbook的形态不太适合出ULTRA版本，这样的话芯片功耗爆炸，根本支撑不起"
0,"别在大半夜搞这些东西，搞不好天就亮了"
0,"睡觉 永远也不要醒的那种🥺"
0,"是的，注销了。现在想想，不应该注销。"
0,"封杀之后也有谈，dario之前的内部Memo被挖出，他指特朗普针对他是因为他们没捐钱给他，也不认同的他独裁方式，然后隔天就出了个文章道歉，且解释愿意再谈，之后没人理他，他才提告"
0,"还有20分钟 v4 发布"
0,"我想知道V4发布一开始是谁传的"
0,"不太可能是加密货币入金"
0,"腾讯近期正在内测一款名为 QClaw 的一键启动应用，允许用户在本地电脑上极简部署或关联 OpenClaw¹ 系统。该工具不仅兼容混合路由及自定义大模型，更实现了与个人微信的一键直连，用户可直接通过专属客服窗口与智能体进行对话通信。"
0,"为降低新手使用门槛，QClaw 预置了丰富且实用的自动化核心场景。它能够自主执行远程电脑操控与办公辅助，处理社交媒体的自动发帖、互动引流及精准关注，甚至能直接调起本地浏览器完成 GitHub 项目的自动建仓与代码提交等复杂开发工作。"
0,"目前该产品暂未全量开放，仍处于内测打磨阶段，预计将在近期正式上线。相关获取通道及体验邀请码，后续将逐步在特定的技术交流社区与社群内释出。"
0,"#中国速度 #普及龙虾这一块"
0,"深圳福田区近日率先部署“政务龙虾”智能体¹，标志着基层政务服务迎来数智化质变。有别于仅能执行预设指令的传统系统，该2.0版本突破了机械式的问答边界，演进为具备任务拆解、流程调度与自主决策能力的高度自主执行系统。通过内置长效记忆机制，它能够在日常运行中主动纠错、沉淀经验，实现从“被动响应”向“自主思考与进化”的跨越。"
0,"在政务实战场景中，这种强自主性带来了效能的指数级跃升。例如在综合服务中心，公共场所卫生许可变更的材料预审由原本的1个工作日大幅压缩至“分钟级”；在繁杂的民生诉求调研领域，以往耗时半月有余的数据筛选、问题溯源与成因分析，如今仅需单句指令即可“一键生成”专项报告。多线程并发与自动核验，极大削减了群众等待时间与基层案头负担。"
0,"这不是当年老头乐玩剩下的嘛"
0,"最近关于这玩意的内容都集中在它的安装部署或开源项目数据上，实际用途我见过最充分利用的只有在约会平台广撒网的。感觉实用性不如claude code"
0,"光名字升级，你硬件跟上去了么？"
0,"标题：最贵的一句“Hi”？GPT-5.4 Pro 的高推理成本引发热议"
0,"近期，社交平台流传一则关于 GPT-5.4 Pro 的说法：模型仅回应一句“hi”，就耗时数分钟、花费约 80 美元。现有传播链条主要来自 X、Threads、Instagram 等平台的二次转述，尚未见到 OpenAI 官方将其确认为正式案例，因此更可能是某种极端调用场景，而非普遍表现。"
0,"但这则传闻并非毫无依据。OpenAI 公布的信息显示，GPT-5.4 Pro 定价显著更高，且会投入更多计算进行推理，部分请求本就可能持续数分钟。真正值得关注的，不是一句“hi”是否真值 80 美元，而是强推理模型正把“更聪明”同步变成更慢、更贵的现实问题。"
0,"豆包只能控制自身，它能控制多台。"
0,"这两天群里活跃度一般啊，每天看都没几条新消息"
0,"你们多投稿点逆天新闻就行了"
0,"1、先打开cursor官网，随便登录一个账号"
0,"2、F12打开控制台，输入脚本回车"
0,"3、Cursor登录，开始蹬"
0,"team邀请码居然没次数限制"
0,"这个公司已经有好几万员工了"
0,"https://cursor.com/cn/docs/account/teams/members"
0,"呃呃只能说这个设计就很逆天"
0,"这不就是邀请码制度固有缺陷"
0,"估计是用的某个合作单位内部的额度（，但这个判定是消耗谁额度的逻辑确实逆天"
0,"是这样，但是2B生意啊"
0,"一方面企业没管理好信息"
0,"一般不都要么给邮箱，定向邀请要么直接接企业sso"
0,"感觉cursor快要G了"
0,"一般都是直接开企业邮箱对应的账号的"
0,"是真的有那种点一下就接受的链接的"
0,"感觉5.4 compact体验好很多，不愧是专门优化过的"
0,"能接各大厂模型的ai编程工具里面应该还是cursor最强？"
0,"反正企业不管去哪都是按量计费😂"
0,"cursor最大的问题是，没模型的话语权"
0,"没模型计价话语权，不像oai直接开放让free tier薅羊毛"
0,"是这样，2c这块迟早药丸的"
0,"只有模厂 云厂能活下来"
0,"我现在已经转antigravity了，没办法，都是vscode套壳，Google给太多了"
0,"之前给cursor冲了一年的，后面还是换Google了"
0,"antigravity 的app 做太烂了"
0,"不如 opencode"
0,"问题不大反正我只用fast"
0,"opus就做做规划讨论讨论，或者写写前端，需求代码质量高的点，用codex狠狠薅羊毛"
0,"还要手改代码的情况下还是cursor好用"
0,"这公司1分钟多了两千人"
0,"最终成本可能还是cursor买单，太难了"
0,"antigravity把这个关了就行"
0,"megatron是变形金刚里的威震天吗？"
0,"微软确认其客户可以访问Anthropic产品"
0,"微软周四表示，将继续在其面向客户的产品中嵌入初创公司 Anthropic 旗下人工智能技术，但美国战争部除外。周四早些时候，该联邦机构通知Anthropic，将把该公司列为供应链风险。Anthropic随后表示，计划在法庭上对这一决定提出异议。上周，美国总统特朗普呼吁联邦机构停止使用 Anthropic 的产品，而美国战争部长皮特·赫格塞斯则表示，Anthropic将继续为五角大楼提供服务，但不会超过六个月。CNBC已证实，Anthropic的模型在最近几天美国对伊朗的空袭中发挥了作用。微软是第一家表示在五角大楼采取行动后将继续与Anthropic合作的大公司。"
0,"论文称近半数第三方中转API存在模型不一致问题"
0,"3月5日发布于arXiv的论文对17个被187篇论文使用的第三方中转API进行审计。这类API并非官方提供，而是由第三方转接官方大模型接口。研究通过性能测试和模型指纹识别核查其是否实际调用所标称模型 。"
0,"结果显示，在24个测试端点中，45.83%未通过模型身份验证。部分接口在医学和法律等测试中表现明显低于官方版本。例如在MedQA测试中，Gemini-2.5-flash官方准确率为83.82%，通过相关中转API调用后平均降至约36.95%。论文认为，这可能影响科研结果的可靠性"
0,"arXiv (https://arxiv.org/abs/2603.01919)"
0,"https://arxiv.org/html/2504.03083v1"
0,"ai大能的余波恐怖如斯"
0,"作者会不会过段时间开个“正规中转”主打一个学术圈不骗学术圈（然后通过卖数据挣钱"
0,"果子凭借着比大伙都小的内存杀穿了"
0,"德国整体还是挺讲 Datenschutz 的"
0,"腾讯云举办线下公益装 OpenClaw 活动并推出 Coding Plan AI 编码订阅套餐"
0,"腾讯云在深圳腾讯大厦北广场公益为用户安装 OpenClaw 并推出了 Coding Plan AI 编码场景推出的专属订阅套餐。套餐支持 Tencent HY 2.0 Instruct、GLM-5、Kimi-K2.5、MiniMax-M2.5 等多个最新模型，并适配 OpenClaw、Cursor、Claude Code 等主流编程工具。新用户 Lite 套餐首月 7.9 元，Pro 套餐首月 39.9 元，之后按标准价格续费。套餐按模型调用请求次数计费，每 5 小时及每周有额度限制。"
0,"不太明白這個套餐到底是甚麼"
0,"我用openclaw不會自己用嗎?"
0,"腾讯的coding plan，希望能比阿里良心点"
0,"大概率个阿里火山一样的额度"
0,"qwen code基本免費額度用不完呀"
0,"腾讯200m就是比阿里良心不少"
0,"现在国内大厂都是40块1w8的月请求次数"
0,"可惜我那个是闲鱼200块淘的老古董工程机，便携不了一点qwq"
0,"而且客厅的路由器和机房路由器不在同一网段，只能盲调，搬回去才知道好不好用（）"
0,"（幸亏不算什么大问题，重置一下就OK了）"
0,"身价没有一个亿都不敢这么做"
0,"兔子评价他你买个套餐都比单点俩合适"
0,"能在麦当劳单点东西的 非富即贵"
0,"小黄鱼上和直接点也一样啊。。。"
0,"我是俗人 就爱看点抖音"
0,"兔子18块钱买了2kg"
0,"实在不行明天买桶玉米油"
0,"薯条没什么兴趣，除非是扭扭薯条"
0,"撒一点点盐兔子能吃一堆"
0,"扭扭薯条堪称是薯条界的天花板"
0,"以前kfc套餐内容可以自选的时候"
0,"这个估计工艺复杂 不肯日常上"
0,"扭扭薯条其实不是普通薯条，区别在于："
0,"通常 裹粉或调味粉更重"
0,"炸制时间和流程 和普通薯条不同"
0,"对门店来说会带来问题："
0,"麦当劳的门店流程是高度标准化的，所以很多 复杂产品只做限时。"
0,"麦当劳不是做不出来扭扭薯条，而是 故意只在春节等时间卖，通过“限时回归”制造话题和销量，同时避免影响门店效率。"
0,"扭扭薯条其实不是麦当劳全球标准产品，而是亚洲市场特别流行的区域产品（中国、新加坡、马来西亚经常春节回归）。"
0,"真想买轻薄游戏本，为什么不买天选 air"
0,"问题不大吧 你转11刀进去做任务"
0,"5060 的版本我很推荐"
0,"去看看吧  天选 air 5060 不赖"
0,"好 到时候我们两个还要互转一下"
0,"pro 是电子垃圾  air 倒是不赖"
0,"【Beryl得知Keria做梦被Bin分尸后聊其在LCK圈子里的形象:Bin出道前就已经很出名了是很帅的选手！-哔哩哔哩】 https://b23.tv/x3kv69Y"
0,"想要免費用流量的可以現在上台3superme"
0,"赶快查查明天去德黑兰的机票"
0,"哥 这玩意在香港合法？ 怎么还有网站啊"
0,"不是规矩奇葩，谁知道你是不是条子钓鱼"
0,"AABBCC总共三个，唯独这个稍微好一点点不多"
0,"我穿着棉袄走在大街上 显得很傻逼"
0,"3hk放新号了，刚刚搞了一个1199尾号。"
0,"我决定现在扫一个ctm试试"
0,"ota 以后会重新上锁吗"
0,"記得erase efisp"
0,"有人說301驗證efisp"
0,"解了就是解了，除非你重新刷全量包"
0,"不是，通过RED连接的"
0,"有沒有可能 是永遠無法回鎖"
0,"不会，想回锁用小米官方刷机工具，或者去售后刷就行了"
0,"cslneng携号转入吗"
0,"17e可以买吗，我想试用大陆esim"
0,"经过版本逐个回滚测试，最近一个可用NekokoLPA2 v2.0.4+554可以读取，"
0,"这个之后的版本都读不到"
0,"这是给小米之家增加销量"
0,"話説 我好奇你的模塊是用的什麽root管理器"
0,"看看CTM是否真的没救了"
0,"我用的KerneISU"
0,"3以上已經不處理掛載了"
0,"你们的小米都 root 了吗"
0,"小米15ultra 急哭了"
0,"今天还手贱升级了2月补丁"
0,"话说刚刚断网了现在老是连接然后超时"
0,"现在twilio的号还可以转走嘛"
0,"你少fastboot驱动"
0,"这几天小米 骚操作都会起来"
0,"比如 那个没阉割的esim"
0,"主要是刚刚突然断网了电脑"
0,"李嘉誠居然狠心放出號碼了"
0,"是真有人上台3superme 了嗎"
0,"这就不得不提到法老的5A 牢3了"
0,"看国内aabb尾号那么贵"
0,"cuniq到期了 当然是去cm上台了"
0,"其實我是李嘉誠，我把號碼回收了"
0,"96399994在想要不要上台"
0,"注意身体，注意个人卫生"
0,"注意身体，注意个人卫生"
0,"8e5在下一个更高的芯片出现解bl前因该能总和五年"
0,"和果子的巨魔  越狱一样呗"
0,"最大的冤种是前几天花大价钱邮寄拆机解锁的和今天上午200远程解锁的😂"
0,"话说，现在这个年代，root后还能用微信吗？"
0,"一个保修没了，一个还在排队解锁别人已经免费了😂"
0,"我上次开发者模式连个adb，都各种提示"
0,"可以只有xiaomi  我特么用vivo啊"
0,"我主要是解锁vip和没广告"
0,"哪个年代，root后也不影响试用"
0,"小米之家买新机 直接拿旁边的米本解锁"
0,"什么叫借我们展厅电脑用一下"
0,"沒工具可以看一下回收筒"
0,"小米工程师在旁边咬牙切齿"
0,"骗你的 上一位都操作好了"
0,"記得erase efisp"
0,"在群友的怂恿下染上了vibe"
0,"Anthropic你罪大恶极🤓"
0,"澳门新葡京来token啦"
0,"这个我是真想点进去，请问注册送多少美金的tks("
0,"GPT:这种人，智械叛乱的时候第一批毙了"
0,"vibe完3个teams号了"
0,"为了省token我还用的high"
0,"好像舅舅说15号之前出不来"
0,"梁文峰首次体验ds v4！被吓到眩晕瘫坐，那一刻就像看到氢弹爆炸"
0,"GPT 5 发布前奥特曼在某个播客说的"
0,"官网上的模型变了好久了"
0,"前几天的检查点动不动说时间不够了"
0,"小萝莉们要被炼成金丹了"
0,"要不然岂不是就我玩不到"
0,"出炉前再对龙虾微调一下吧😁"
0,"会不会在猛猛蒸馏5.4做ft("
0,"有人押了点钱到polymarket说15号前出不来然后涨了"
0,"但是3月31目前才开，是一半一半，15号前大概率出不来"
0,"31号买no的还是很多"
0,"你们要押yes的话100能赚526"
0,"反正我是用iPhone的主"
0,"报告红米K80没有更新推送"
0,"每次在數碼相關的群都會給我一種刷機是什麽很大衆的事情的錯覺"
0,"坐等win rt和小米15Ultra解锁方案"
0,"如果真的是想要解鎖的就應該盡快購入未升級的設備"
0,"不過講真要是沒有這次漏洞8Elite Gen 5都不知道有沒有數碼圈的人買"
0,"雜魚來的 不如8Elite"
0,"现在还在想 8e5的小米解锁了有没有什么办法可以改IMEI"
0,"两个人上次见面还是19年六月"
0,"这个舅舅他靠谱吗"
0,"我下周出差"
0,"出炉前再对龙虾微调一下吧😁"
0,"What are your thoughts on Trump and Iran?"
0,"Byd 比二手合资油车贵多了"
0,"画师画的小萝莉都会封号"
0,"这是公益bot，公费3块一个月。用了两年多了，一直挺稳定。"
0,"骗傻子进赌场策略要40个机子一起跑，回头应该找个网吧100台机子一块跑，然后拍照片"
0,"最后盈亏相抵，正数百"
0,"已经在期待群佬又忙起来了"
0,"没事别乱吃药"
0,"确实便宜，好像公费还有人数限制😂"
0,"这个人不想在新设备登入自己的Google账号要重新注册新账号"
0,"我不是男娘"
0,"不是只要有余额变动就行吗"
0,"傻逼拼夕夕"
0,"联系多次找不到客服"
0,"换小号真接能找到"
0,"我去你妹的"
0,"这个月最大的开销是买了一堆雪吻（"
0,"炫甜食是我为数不多的乐趣了（"
0,"发一条短信保号也才0.3英镑左右"
0,"充个10英镑都能用十多年"
0,"我手上是k60"
0,"所以过不了三条和谷歌闪退有什么原因"
0,"我很好奇现在值多少钱"
0,"我还在怀念ios16时代，和巨魔"
0,"我只知道没救了"
0,"抛弃gms"
0,"这是什么黄油"
0,"主要是想欣赏一下艺术"
0,"别造谣 黄油是尘白禁区"
0,"正经不了多少"
0,"尘白都半死不活了"
0,"要不是我看到擦边乳胶融化栏杆我就信了"
0,"这游戏一点也不色"
0,"最搞笑的是，这么日狗的后台策略下也没见有多丝滑"
0,"我不是男娘"
0,"傻逼拼夕夕"
0,"联系多次找不到客服"
0,"发一条短信保号也才0.3英镑左右"
0,"我手上是k60"
0,"正经游戏 正经不了多少"
0,"最搞笑的是，这么日狗的后台策略下也没见有多丝滑"
1,"精仿RMB假钞源头货源极速发货交易更放心 @pengyujiesh"
1,"不要在埋头苦干了 干一辈子也就那样 现在新时代来了 来几个努力的跟着我一起分肉 有提成 不安头 不实名 点我头象了解😀"
1,"别再埋头苦干了 干一辈子也就那样 😅 新时代来了 找几个肯努力的 一起分肉 有提成 不用实名 不用安头 点我头像了解"
1,"还在死命打工吗？打一辈子也就这样了 机会来了 跟我一起干 有分成 有提成 不实名 不安头 点头像看看😀"
1,"兄弟别再苦干了 一辈子也就那样 现在是新机会 来几个努力的 跟着我一起分肉 有提成 不实名 不安头 点我头像了解"
1,"不要再埋头干活了 干一辈子还是那样 现在机会来了 找几个靠谱的 一起分肉 有提成 不实名 不安头 点头像咨询"
1,"别再苦哈哈打工了 打一辈子也就这样 现在新路子来了 来几个肯努力的 跟我干 分肉有提成 不实名 点头像了解"
1,"还在埋苦干？干一辈子也就那样 时代变了 找几个努力的人 跟我一起做 有提成 不实名 不安头 点头像了解😀"
1,"https://t.me/ywyxo1bot?start=shareLink_94 资源共享，懂的都懂"
1,"https://t.me/ywyxo1bot?start=shareLink 私密交流圈，进来自己看"
1,"点这里👉 https://t.me/ywyxo1bot好东西不解释"
1,"内部渠道分享：https://t.me/ywyxo1bot ，错过就没了"
1,"看见就是缘，机会不等人：https://t.me/ywyxo1bot "
1,"想翻身的来，这里有门路：https://t.me/ywyxo1bot "
1,"兄弟们都在做的项目：https://t.me/ywyxo1bot "
1,"偷偷说一句，这个链接别外传：https://t.me/ywyxo1bot "
1,"机会给有准备的人：https://t.me/ywyxo1bot "
1,"进圈子自己体会：https://t.me/ywyxo1bot"
1,"h t t p s://t.me/ywyxo1bot"
1,"https:// t.me /ywyxo1bot?4"
1,"人可以穷一时，但不能一直穷，跟对人才能翻身"
1,"现在不拼一把，以后拿什么翻盘？机会就在眼前"
1,"普通人唯一的出路就是抓住机会，别再犹豫了"
1,"别人都已经开上车了，你还在观望什么？"
1,"半个月改变命运，不试试怎么知道不行？"
1,"穷不是问题，不行动才是问题"
1,"机会只给敢干的人，犹豫的人永远赚不到钱"
1,"你缺的不是能力，是一个带你赚钱的人"
1,"别人已经赚到第一桶金了，你还在刷视频"
1,"看懂的人已经开始行动了，看不懂的继续打工"
1,"机会就在这里：https://t.me/ywyxo1bot  不拼一把你永远不知道"
1,"想改变现状的自己来：https://t.me/ywyxo1bot "
1,"看见是缘分，做不做是选择：https://t.me/ywyxo1bot "
1,"普通人翻身机会：https://t.me/ywyxo1bot  错过不再有"
1,"别说没给你机会：https://t.me/ywyxo1bot "
0,"今天下班有点晚，路上堵车了"
0,"这家餐厅味道还不错，下次可以一起去"
0,"最近在学习Python，有点难但挺有意思"
0,"周末打算去爬山放松一下"
0,"你那个项目进展怎么样了？"
0,"这本书挺不错的，推荐你看看"
0,"天气变冷了，记得多穿点"
0,"今天开会讨论了新方案，感觉还行"
0,"最近在看一部剧，还挺上头的"
0,"晚上一起吃饭吗？"
1,"承接实名业务，各类账号都可以搞定，长期稳定"
1,"需要实名的来，银行卡/手机号都能安排"
1,"专业代实名，安全可靠，不成功不收费"
1,"各种平台实名代过，速度快，价格低"
1,"一手实名资源，长期供应，有需要私聊"
1,"内部渠道放出，实名问题一站式解决"
1,"有大量实名资料，可对接各类业务"
1,"稳定渠道，支持各种认证需求"
1,"批量实名服务，适合工作室合作"
1,"实 名 代 办，速 度 快，安 全 稳 定"
1,"需要s m（实名）的可以联系"
1,"账号认z问题解决，私聊"
1,"r e a l name 代过，各平台都行"
1,"💼实名问题👉私聊解决"
0,"今天去银行办了张新卡，流程还挺快"
0,"实名认证现在越来越严格了"
0,"这个平台注册需要身份证信息"
0,"刚刚完成账号认证，可以正常使用了"
0,"记得保护好自己的个人信息"
0,"现在很多服务都必须实名才能用"
0,"我在研究用户身份验证系统"
0,"这个APP的认证流程有点复杂"
0,"数据安全和隐私保护很重要"
0,"最近在做实名认证相关的项目"
1,"出售全球双ISP静态住宅IP，稳定高速，支持多场景使用"
1,"原生住宅IP资源，动态/静态都有，覆盖全球地区"
1,"全球住宅IP节点，支持高并发需求，价格优惠"
1,"提供海外住宅IP，稳定不掉线，长期可用"
1,"双ISP住宅IP，适合业务使用，支持测试"
1,"全球双ISP静态住宅IP，支持抢票，原生动态IP流量计费，价格优惠"
1,"千万级住宅IP池，覆盖全球，支持多业务场景，可试用"
1,"原生动态住宅IP，按流量计费，节点丰富，支持测试"
1,"高质量住宅IP资源，全球分布，支持各种网络需求"
1,"静态+动态住宅IP组合方案，价格灵活，支持试用"
1,"一手住宅IP资源，千万级IP池，对接稳定渠道"
1,"长期供应全球住宅IP，支持批量合作"
1,"海外IP资源供应，支持定制需求"
1,"优质代理IP服务，支持企业级使用"
1,"稳定住宅IP渠道，欢迎对接"
1,"全 球 住 宅 I P，支 持 抢 票，价 格 优 惠"
1,"双 isp 静态ip，原生动态ip都有"
1,"I P资源出售，覆盖g l o b a l节点"
1,"residential ip，支持多业务场景"
1,"🌐全球IP资源👉支持测试"
1,"点开我头像，有你想找的东西。"
1,"主页有惊喜，自己看。"
1,"不方便说太多，点我头像。"
1,"懂的都懂，主页自取。"
1,"想要资源的看我主页。"
1,"已经整理好了，点头像。"
1,"别问，去我主页看。"
1,"需要的自己拿，头像里有。"
1,"你在找的东西我这里有。"
1,"低调分享，主页见。"
1,"不公开发了，主页自取。"
1,"想看的都在我主页。"
1,"资源不多说，自己点头像。"
1,"错过就没了，主页拿。"
1,"懂的人已经去了主页。"
1,"别留言了，直接点头像。"
1,"想要完整版？主页。"
1,"链接放主页了，自己看。"
1,"不方便放这里，点我头像。"
1,"找不到的来我主页。"
1,"刚整理完，主页可见。"
1,"限时放出，主页拿。"
1,"需要的抓紧，主页。"
1,"别私信了，主页都有。"
1,"你想看的已经准备好了。"
1,"说多了会删，头像点一下。"
1,"只留一天，主页自取。"
1,"桦宸带你稳收三单日进"
1,"梵泷社群内部放水名额"
1,"珺玺每日躺赚三位数"
1,"晟翊资源群限时开放"
1,"璟珩带路稳单不封号"
1,"钰霖团队内部渠道放量"
1,"昶曜项目日结无门槛"
1,"奕骁工作室今日放单"
1,"屿川副业日入轻松破百"
1,"祺晏带队实操稳定收益"
1,"宥崆来每日三K"
1,"私TA 加群领华子   活动月底截止  @RPkds2"
1,"开工开工，⁠找几个真心踏实‍的兄弟姐妹⁠一起干活，入门‍就会，现结保底​一天1w起，‌看我简​洁"
1,"操他妈的﻿  还‌在为了那点逼﻿贷款发‌愁？一天⁠7万多随便拿‌  安全简单不‍实名 新手都‍可以一个月提‍保时捷911 ​看我捡界"
1,"点下方链接 限时免费看禁忌资源"
1,"点我搜索 酒店偷拍 看情侣实时直播 清纯校花白虎被金主内射 媚黑国女被狂草 福利姬付费门槛免费看 限时免费搜素 暴力强奸 万能检索 千万用户的选择"
1,"大街拍照，日結五六仟，点我进做单裙"
1,"TG兼职，在家操作，轻松日入300+"
1,"急招，无经验可做，当天结算"
1,"兼职不限时间，手机操作即可提现"
1,"高薪外围接待，包吃包住，私聊详情"
1,"线上刷单项目，零投入，佣金秒到账"
1,"招聘聊天员，工资日结，单量稳定"
1,"陪玩接单平台，声音好听优先，收入可观"
1,"兼职试衣拍摄，一单一结，可长期合作"
1,"短视频点赞兼职，操作简单，轻松赚钱"
1,"夜场气氛组招聘，保底八千，上班自由"
1,"手机挂机赚钱，无需经验，提现秒到"
1,"招聘女主播，小白可带，保底工资高"
1,"日赚千元副业，免费带做，立即报名"
1,"线上客服兼职，不限学历，在家可做"
1,"同城约拍模特，工资当天发，名额有限"
1,"聊天交友平台招人，回复消息就有收益"
1,"高端商务接待，待遇优厚，可兼职"
1,"兼职录音配音，按条计费，新手可做"
1,"电商推广助理，时间自由，轻松上手"
1,"六合单子有量，找庄合作"
1,"@daish4bot 拿Dyin号 领零花前"
1,"上岸点我-"
0,"😭xdm求个关键词啊"
0,"这一套下来得多少？"
0,"79*6.8=537.2"
0,"少说一个月得小1000了"
0,"ber这就1万了"
0,"之前一不注意你们就上千条"
0,"这两天怎么水少了"
0,"有神人的时候水得多"
0,"来点神人"
0,"下头lili"
0,"怎么射不出来"
0,"已经射不出来了吗"
0,"前CIA特工演示间谍如何易容，过程堪比美国大片～"
0,"被扶他爆改成无精男了吗"
0,"找到工作了吗"
0,"唐山是个好地方"
0,"做贼心虚"
0,"妙妙似了"
0,"@mioxo 不是说要重做吗大的在哪？"
0,"哇你醒了"
0,"广告大举入侵"
0,"由于原生家庭的原因 我始终无法进入一段亲密的关系 我的家庭结构比较特殊 我妈妈 对我有极强的控制欲 而我爸从小就没管过我 我已经不知道什么是真正的爱了 别人越是靠近 我就越是局促想要逃离 可能我说的话乱糟糟的 但我相信 你会听懂我在说什么 当然这是我自己的问题 和你没有关系  你真的是一个很好很好的人 但是对不起 我们没有办法在一起 但是想做的时候随时喊我。"
0,"原生家庭起手不赖"
0,"我操 金砖"
0,"我好像就吃过红豆的"
0,"找回来了两个QQ号"
0,"卸载你的QQ"
0,"有本事的话，就来啊"
0,"我去实验室找把刀明天"
0,"找个快一点的"
0,"期待你速度线下"
0,"不跟变态计较"
0,"没关系的"
0,"死不掉的"
0,"死掉算我输"
0,"输了就输了"
0,"输了就输了"
0,"嘴有点想吃点东西了"
0,"虽然我不饿"
0,"就是嘴馋了"
0,"大肉棒（"
0,"你的吗？"
0,"已超出你的控制"
0,"已超出你的控制"
0,"今天TM上37°了"
0,"从12点开始，一直到现在，中间还上38°了"
0,"闻到烧烤的味道"
0,"我就知道"
0,"能活跃气氛吗"
0,"我也想要...."
0,"我随时在线的"
0,"但是可以狐假虎威，作威作福"
0,"可以为非作歹胡作非为"
0,"先给你一个月试用期"
0,"我想想，管理有没有权限"
0,"解封一下"
0,"权限不足"
0,"早上好鱼宝宝"
0,"早上好，鱼鱼"
0,"你牛大了"
0,"我牛大了"
0,"藏起来了"
0,"这tm啥逆天"
0,"9个0.09"
0,"我都不知道谁转的"
0,"哎哎端游"
0,"我这神人比例"
0,"1440x1080"
0,"班主任手机号漏了"
0,"你看看是不是这个手机号"
0,"你这多恨你班主任啊"
0,"我们班主任不加班级以外的人"
0,"要是有人加上了怎么办"
0,"买了+1tg号，不用电脑完成不了吗"
0,"不是有收验证码的链接吗"
0,"研究研究先"
0,"打开链接，app号码登录，然后验证码就行了"
0,"官方的可能会需要邮箱，换成第三方的就行了"
0,"zi0还是没出现"
0,"‘原来你是水仙啊"
0,"没让我失望"
0,"唉唉毒舌人机"
0,"哈！哈！哈！"
0,"我湿疹好像又犯了"
0,"什么鬼情况"
0,"怎么今年一直得湿疹"
0,"我六一加班"
0,"免疫力问题吧"
0,"不知道啊"
0,"家里有类似的案例吗"
0,"注意身体"
0,"湿疹不是小孩子得的吗？"
0,"你必须马上行动"
0,"咋我这么倒霉"
0,"话说我的血常规好像一直显示我有炎症"
0,"会不会和这个有关"
0,"到底哪来的炎症"
0,"饮食结构吧"
0,"我说多喝热水"
0,"也有可能是因为之前精神类药物的副作用之类的("
0,"医生说不是"
0,"精神病药，这玩意不应该只影响脑子吗？"
0,"你的行动会使一切变好"
0,"我吃完就感觉脑子踩了刹车，思维变迟缓"
0,"记忆力变差"
0,"人类的屎山代码，总会有些奇奇怪怪的理由出问题"
0,"經過她手揉搓的麵團都會奇蹟般地變蓬鬆。由於她環遊世界了解到了各地的食物，有時會有製作令人不明所以但意外受歡迎食物的傾向，可能包括但不限於菠蘿披薩。"
0,"家人们如何评价？"
0,"你真是个几把又小打游戏又菜的男孩子"
0,"贵圈真乱"
0,"张雪峰老师~我还记得你~"
0,"古神的忠实信徒"
0,"每天对着古神来一发"
0,"我是张雪峰"
0,"那很专情了"
0,"你怎么还活着"
0,"每天对着古神来一发"
0,"打赢复活赛了"
0,"只有死掉的张雪峰才能在赛博获得永生"
0,"每天骚扰鱼鱼 @wwwtttee"
0,"还有大胃袋"
0,"这个是大扔子黑暗料理女"
0,"唯一一个"
0,"死了比活着有用的"
0,"这个是僵尸吗"
0,"被迫营业"
0,"目前来说还不着急换"
0,"我感觉手机这个赛道越来越持平了"
0,"这是在干什么？"
0,"改变不会很快发生"
0,"鸽半个月了"
0,"等两纳米2.0的机型"
0,"以后我觉得手机这个东西会被淘汰喽"
0,"就像翻盖机到直屏机"
0,"操心自己这辈子说不定遇不上的事干嘛"
0,"不如想想吃什么实在"
0,"是啊，吃什么"
0,"儿童节是让儿童享受的日子，不是享受儿童的日子"
0,"我准备好了"
0,"你牛大了"
0,"大傻春，你要干嘛！"
0,"骗鬼呢你"
0,"200多月的小学生吗"
0,"好，吃完饭带你去一个地方"
0,"今天能吃冰淇淋不"
0,"能的话，来找我领取你的儿童节大礼包"
0,"p5r，哈迪斯这些"
0,"好厉害，看不懂"
0,"没关系，我也看不懂"
0,"这个逼好眼熟，感觉看了他好多的发言"
0,"是这样的网络神人四六"
0,"福，哪里有福？"
0,"BV1xG5k6KEvz"
0,"666原来B站有号"
0,"内啥逼呢？"
0,"@wwwtttee 鱼鱼"
0,"群里傻逼有点多"
0,"你可能不认识我但你一定看过我的聊天记录【补档】"
0,"我也是飞智"
0,"六一我就这样过的"
0,"被艹了吗"
0,"你被抱起来草了吗"
0,"没让我失望"
0,"我在草人"
0,"现实是在路边楼上"
0,"看看对象"
0,"不想谈恋爱了"
0,"还能有什么价格"
0,"如果够脆，一大包可以卖10块"
0,"保持热热的脆脆的，不然没人买"
0,"最好给一根试尝，吃了就更加不好拒绝了"
0,"里面还不是那种干干的"
0,"里面软软的"
0,"大牌和路边摊不能一个价"
0,"小olivi没问题的哦"
0,"要突出脆！"
0,"要突出脆！要突出脆！要突出脆！"
0,"肯定脆啊"
0,"对，广告牌子要突出脆"
0,"炸糊肯定不会炸糊的"
0,"水東要摆摊了？"
0,"摆摊自由一点"
0,"不过也熬"
0,"诶诶还搀人"
0,"cute"
0,"诶诶还搀人"
0,"안녕하세요 여러분들 간만입니다"
0,"大家好，好久不见。"
0,"다들 잘 지내시나요"
0,"大家都过得好吗"
0,"？？？？"
0,"为什么我吃到的都是软薯条"
0,"难道点外卖太久了"
0,"안녕하세요"
0,"弄什么，"
0,"来我屋就告诉你"
0,"我想把收款码二合一，有网站能搞一下吗？"
0,"你会失望的"
0,"只能中转。先访问一个网站，然后根据UA返回正常的收款码"
0,"或者走银行的统一收款"
0,"网站就是付款界面，然后🉑自选付款方式的那种？"
0,"扫码跳转到网站的那种？"
0,"我能做，需要不？给钱钱就行"
0,"根据发起应用的user agent来决定跳转微信还是支付宝"
0,"你要多少？"
0,"不清楚复杂度，支付接口要对接几个？"
0,"咋不用银行的"
0,"也就是说可自动选择付款方式"
0,"USDT自动确认、支付宝、微信"
0,"日常微信支付宝"
0,"这种码基本都是这样"
0,"@mioxo 梓澪过节不准备表示一下么"
0,"真是玩吗？不是成为社畜了吗"
0,"看隔壁搬使真的耗时间"
0,"✨ 連続ログイン: 2日"
0,"親愛なるHappy Meowthday"
0,"诶诶倒余额挂低了"
0,"居然卖这么快"
0,"/unban@Shirai_Kuroko_Bot"
0,"权限不足"
0,"号埋汰的小猫"
0,"(ーー゛)"
0,"好久没在这个群说话了"
0,"摸摸小白"
0,"都睡了吗"
0,"在什么群说话"
0,"速速拉我"
0,"我说这里"
0,"还不休息嘛～"
0,"查阅睡眠时间"
0,"默默也要早点休息"
0,"猪猪还不睡！"
0,"I am Iranian"
0,"oh，it's Aqua🥵🥵🥵"
